Unity Editor version:    2022.3.46f1 (8e9b8558c41a)
Branch:                  2022.3/staging
Build type:              Release
Batch mode:              YES
macOS version:           Version 14.6.1 (Build 23G93)
Darwin version:          23.6.0
Architecture:            arm64
Running under Rosetta:   NO
Available memory:        16384 MB
Using pre-set license
Pro License: YES

COMMAND LINE ARGUMENTS:
/Applications/Unity/Hub/Editor/2022.3.46f1/Unity.app/Contents/MacOS/Unity
-adb2
-batchMode
-noUpm
-name
AssetImportWorker1
-projectPath
/Users/marykarapetyan/Desktop/KarateKidGame
-logFile
Logs/AssetImportWorker1.log
-srvPort
53548
Successfully changed project path to: /Users/marykarapetyan/Desktop/KarateKidGame
/Users/marykarapetyan/Desktop/KarateKidGame
[UnityMemory] Configuration Parameters - Can be set up in boot.config
    "memorysetup-bucket-allocator-granularity=16"
    "memorysetup-bucket-allocator-bucket-count=8"
    "memorysetup-bucket-allocator-block-size=33554432"
    "memorysetup-bucket-allocator-block-count=8"
    "memorysetup-main-allocator-block-size=16777216"
    "memorysetup-thread-allocator-block-size=16777216"
    "memorysetup-gfx-main-allocator-block-size=16777216"
    "memorysetup-gfx-thread-allocator-block-size=16777216"
    "memorysetup-cache-allocator-block-size=4194304"
    "memorysetup-typetree-allocator-block-size=2097152"
    "memorysetup-profiler-bucket-allocator-granularity=16"
    "memorysetup-profiler-bucket-allocator-bucket-count=8"
    "memorysetup-profiler-bucket-allocator-block-size=33554432"
    "memorysetup-profiler-bucket-allocator-block-count=8"
    "memorysetup-profiler-allocator-block-size=16777216"
    "memorysetup-profiler-editor-allocator-block-size=1048576"
    "memorysetup-temp-allocator-size-main=16777216"
    "memorysetup-job-temp-allocator-block-size=2097152"
    "memorysetup-job-temp-allocator-block-size-background=1048576"
    "memorysetup-job-temp-allocator-reduction-small-platforms=262144"
    "memorysetup-allocator-temp-initial-block-size-main=262144"
    "memorysetup-allocator-temp-initial-block-size-worker=262144"
    "memorysetup-temp-allocator-size-background-worker=32768"
    "memorysetup-temp-allocator-size-job-worker=262144"
    "memorysetup-temp-allocator-size-preload-manager=33554432"
    "memorysetup-temp-allocator-size-nav-mesh-worker=65536"
    "memorysetup-temp-allocator-size-audio-worker=65536"
    "memorysetup-temp-allocator-size-cloud-worker=32768"
    "memorysetup-temp-allocator-size-gi-baking-worker=262144"
    "memorysetup-temp-allocator-size-gfx=262144"
Player connection [8552009536]  Target information:

Player connection [8552009536]  * "[IP] 10.23.78.78 [Port] 0 [Flags] 2 [Guid] 489443757 [EditorId] 489443757 [Version] 1048832 [Id] OSXEditor(0,Marys-MacBook-Pro-3.local) [Debug] 1 [PackageName] OSXEditor [ProjectName] Editor" 

Player connection [8552009536]  * "[IP] 169.254.9.240 [Port] 0 [Flags] 2 [Guid] 489443757 [EditorId] 489443757 [Version] 1048832 [Id] OSXEditor(0,Marys-MacBook-Pro-3.local) [Debug] 1 [PackageName] OSXEditor [ProjectName] Editor" 

Player connection [8552009536] Host joined multi-casting on [225.0.0.222:54997]...
Player connection [8552009536] Host joined alternative multi-casting on [225.0.0.222:34997]...
[PhysX] Initialized MultithreadedTaskDispatcher with 8 workers.
Refreshing native plugins compatible for Editor in 9.10 ms, found 3 plugins.
Preloading 0 native plugins for Editor in 0.00 ms.
Initialize engine version: 2022.3.46f1 (8e9b8558c41a)
[Subsystems] Discovering subsystems at path /Applications/Unity/Hub/Editor/2022.3.46f1/Unity.app/Contents/Resources/UnitySubsystems
[Subsystems] Discovering subsystems at path /Users/marykarapetyan/Desktop/KarateKidGame/Assets
GfxDevice: creating device client; threaded=0; jobified=0
 preferred device: Apple M2 (high power)
Metal devices available: 1
0: Apple M2 (high power)
Using device Apple M2 (high power)
Initializing Metal device caps: Apple M2
Initialize mono
Mono path[0] = '/Applications/Unity/Hub/Editor/2022.3.46f1/Unity.app/Contents/Managed'
Mono path[1] = '/Applications/Unity/Hub/Editor/2022.3.46f1/Unity.app/Contents/MonoBleedingEdge/lib/mono/unityjit-macos'
Mono config path = '/Applications/Unity/Hub/Editor/2022.3.46f1/Unity.app/Contents/MonoBleedingEdge/etc'
Using monoOptions --debugger-agent=transport=dt_socket,embedding=1,server=y,suspend=n,address=127.0.0.1:56689
Begin MonoManager ReloadAssembly
Registering precompiled unity dll's ...
Register platform support module: /Applications/Unity/Hub/Editor/2022.3.46f1/Unity.app/Contents/PlaybackEngines/MacStandaloneSupport/UnityEditor.OSXStandalone.Extensions.dll
Register platform support module: /Applications/Unity/Hub/Editor/2022.3.46f1/PlaybackEngines/WindowsStandaloneSupport/UnityEditor.WindowsStandalone.Extensions.dll
Registered in 0.002901 seconds.
- Loaded All Assemblies, in  0.222 seconds
Native extension for WindowsStandalone target not found
Native extension for OSXStandalone target not found
Mono: successfully reloaded assembly
- Finished resetting the current domain, in  0.141 seconds
Domain Reload Profiling: 363ms
	BeginReloadAssembly (78ms)
		ExecutionOrderSort (0ms)
		DisableScriptedObjects (0ms)
		BackupInstance (0ms)
		ReleaseScriptingObjects (0ms)
		CreateAndSetChildDomain (0ms)
	RebuildCommonClasses (22ms)
	RebuildNativeTypeToScriptingClass (7ms)
	initialDomainReloadingComplete (29ms)
	LoadAllAssembliesAndSetupDomain (87ms)
		LoadAssemblies (78ms)
		RebuildTransferFunctionScriptingTraits (0ms)
		AnalyzeDomain (85ms)
			TypeCache.Refresh (84ms)
				TypeCache.ScanAssembly (75ms)
			ScanForSourceGeneratedMonoScriptInfo (0ms)
			ResolveRequiredComponents (0ms)
	FinalizeReload (141ms)
		ReleaseScriptCaches (0ms)
		RebuildScriptCaches (0ms)
		SetupLoadedEditorAssemblies (114ms)
			LogAssemblyErrors (0ms)
			InitializePlatformSupportModulesInManaged (7ms)
			SetLoadedEditorAssemblies (4ms)
			RefreshPlugins (0ms)
			BeforeProcessingInitializeOnLoad (1ms)
			ProcessInitializeOnLoadAttributes (78ms)
			ProcessInitializeOnLoadMethodAttributes (24ms)
			AfterProcessingInitializeOnLoad (0ms)
			EditorAssembliesLoaded (0ms)
		ExecutionOrderSort2 (0ms)
		AwakeInstancesAfterBackupRestoration (0ms)
========================================================================
Worker process is ready to serve import requests
Caller must complete domain reload
Begin MonoManager ReloadAssembly
- Loaded All Assemblies, in  0.348 seconds
Native extension for WindowsStandalone target not found
Native extension for OSXStandalone target not found
Mono: successfully reloaded assembly
- Finished resetting the current domain, in  0.288 seconds
Domain Reload Profiling: 636ms
	BeginReloadAssembly (66ms)
		ExecutionOrderSort (0ms)
		DisableScriptedObjects (3ms)
		BackupInstance (0ms)
		ReleaseScriptingObjects (0ms)
		CreateAndSetChildDomain (15ms)
	RebuildCommonClasses (21ms)
	RebuildNativeTypeToScriptingClass (7ms)
	initialDomainReloadingComplete (20ms)
	LoadAllAssembliesAndSetupDomain (234ms)
		LoadAssemblies (156ms)
		RebuildTransferFunctionScriptingTraits (0ms)
		AnalyzeDomain (107ms)
			TypeCache.Refresh (97ms)
				TypeCache.ScanAssembly (85ms)
			ScanForSourceGeneratedMonoScriptInfo (7ms)
			ResolveRequiredComponents (3ms)
	FinalizeReload (288ms)
		ReleaseScriptCaches (0ms)
		RebuildScriptCaches (0ms)
		SetupLoadedEditorAssemblies (213ms)
			LogAssemblyErrors (0ms)
			InitializePlatformSupportModulesInManaged (3ms)
			SetLoadedEditorAssemblies (2ms)
			RefreshPlugins (0ms)
			BeforeProcessingInitializeOnLoad (27ms)
			ProcessInitializeOnLoadAttributes (169ms)
			ProcessInitializeOnLoadMethodAttributes (11ms)
			AfterProcessingInitializeOnLoad (1ms)
			EditorAssembliesLoaded (0ms)
		ExecutionOrderSort2 (0ms)
		AwakeInstancesAfterBackupRestoration (2ms)
Launching external process: /Applications/Unity/Hub/Editor/2022.3.46f1/Unity.app/Contents/Tools/UnityShaderCompiler
Launched and connected shader compiler UnityShaderCompiler after 0.03 seconds
Refreshing native plugins compatible for Editor in 0.62 ms, found 3 plugins.
Preloading 0 native plugins for Editor in 0.00 ms.
Unloading 2965 Unused Serialized files (Serialized files now loaded: 0)
Unloading 19 unused Assets / (48.6 KB). Loaded Objects now: 3432.
Memory consumption went from 121.7 MB to 121.6 MB.
Total: 2.303542 ms (FindLiveObjects: 0.111625 ms CreateObjectMapping: 0.056084 ms MarkObjects: 2.079291 ms  DeleteObjects: 0.055959 ms)

AssetImportParameters requested are different than current active one (requested -> active):
  custom:container-demuxer-ogg: 62fdf1f143b41e24485cea50d1cbac27 -> 
  custom:video-decoder-ogg-theora: a1e56fd34408186e4bbccfd4996cb3dc -> 
  custom:CustomObjectIndexerAttribute: 9a22284fe3817be447336de3de66b15e -> 
  custom:container-demuxer-webm: 4f35f7cbe854078d1ac9338744f61a02 -> 
  custom:container-muxer-webm: aa71ff27fc2769a1b78a27578f13a17b -> 
  custom:video-decoder-webm-vp8: 9c59270c3fd7afecdb556c50c9e8de78 -> 
  custom:SearchIndexIgnoredProperties: e643bd26f0fe6173181afceb89e7c659 -> 
  custom:AudioImporter_EditorPlatform: 3918e3fc78b5a79bad01e8451be0beb8 -> 
  custom:framework-osx-AVFoundation: e770b220cccbd017edd2c1fefb359320 -> 
  custom:video-encoder-webm-vp8: eb34c28f22e8b96e1ab97ce403110664 -> 
  custom:audio-decoder-ogg-vorbis: bf7c407c2cedff20999df2af8eb42d56 -> 
  custom:audio-encoder-webm-vorbis: bf7c407c2cedff20999df2af8eb42d56 -> 
========================================================================
Received Import Request.
  Time since last request: 670666.403103 seconds.
  path: Assets/Scenes/Module1/Module1Demo.unity
  artifactKey: Guid(9fc0d4010bbf28b4594072e72b8655ab) Importer(815301076,1909f56bfc062723c751e8b465ee728b)
Start importing Assets/Scenes/Module1/Module1Demo.unity using Guid(9fc0d4010bbf28b4594072e72b8655ab) Importer(815301076,1909f56bfc062723c751e8b465ee728b) [PhysX] Initialized MultithreadedTaskDispatcher with 8 workers.
 -> (artifact id: '855786fac84c2763f03c9ca1c944aa1a') in 0.001063 seconds
Number of updated asset objects reloaded before import = 0
Number of asset objects unloaded after import = 0
========================================================================
Received Prepare
Caller must complete domain reload
Begin MonoManager ReloadAssembly
Thread 0x17fdb3000 may have been prematurely finalized
- Loaded All Assemblies, in  0.241 seconds
Native extension for WindowsStandalone target not found
Native extension for OSXStandalone target not found
Mono: successfully reloaded assembly
- Finished resetting the current domain, in  0.625 seconds
Domain Reload Profiling: 867ms
	BeginReloadAssembly (83ms)
		ExecutionOrderSort (0ms)
		DisableScriptedObjects (3ms)
		BackupInstance (0ms)
		ReleaseScriptingObjects (0ms)
		CreateAndSetChildDomain (28ms)
	RebuildCommonClasses (21ms)
	RebuildNativeTypeToScriptingClass (8ms)
	initialDomainReloadingComplete (12ms)
	LoadAllAssembliesAndSetupDomain (117ms)
		LoadAssemblies (137ms)
		RebuildTransferFunctionScriptingTraits (0ms)
		AnalyzeDomain (10ms)
			TypeCache.Refresh (6ms)
				TypeCache.ScanAssembly (0ms)
			ScanForSourceGeneratedMonoScriptInfo (0ms)
			ResolveRequiredComponents (3ms)
	FinalizeReload (626ms)
		ReleaseScriptCaches (0ms)
		RebuildScriptCaches (0ms)
		SetupLoadedEditorAssemblies (209ms)
			LogAssemblyErrors (0ms)
			InitializePlatformSupportModulesInManaged (4ms)
			SetLoadedEditorAssemblies (2ms)
			RefreshPlugins (0ms)
			BeforeProcessingInitializeOnLoad (29ms)
			ProcessInitializeOnLoadAttributes (161ms)
			ProcessInitializeOnLoadMethodAttributes (13ms)
			AfterProcessingInitializeOnLoad (1ms)
			EditorAssembliesLoaded (0ms)
		ExecutionOrderSort2 (0ms)
		AwakeInstancesAfterBackupRestoration (3ms)
Refreshing native plugins compatible for Editor in 0.90 ms, found 3 plugins.
Preloading 0 native plugins for Editor in 0.00 ms.
Unloading 2957 Unused Serialized files (Serialized files now loaded: 0)
Unloading 14 unused Assets / (28.6 KB). Loaded Objects now: 3435.
Memory consumption went from 125.6 MB to 125.6 MB.
Total: 2.934292 ms (FindLiveObjects: 0.131542 ms CreateObjectMapping: 0.079208 ms MarkObjects: 2.680167 ms  DeleteObjects: 0.042958 ms)

Prepare: number of updated asset objects reloaded= 0
AssetImportParameters requested are different than current active one (requested -> active):
  custom:container-demuxer-ogg: 62fdf1f143b41e24485cea50d1cbac27 -> 
  custom:video-decoder-ogg-theora: a1e56fd34408186e4bbccfd4996cb3dc -> 
  custom:CustomObjectIndexerAttribute: 9a22284fe3817be447336de3de66b15e -> 
  custom:container-demuxer-webm: 4f35f7cbe854078d1ac9338744f61a02 -> 
  custom:container-muxer-webm: aa71ff27fc2769a1b78a27578f13a17b -> 
  custom:video-decoder-webm-vp8: 9c59270c3fd7afecdb556c50c9e8de78 -> 
  custom:SearchIndexIgnoredProperties: e643bd26f0fe6173181afceb89e7c659 -> 
  custom:AudioImporter_EditorPlatform: 3918e3fc78b5a79bad01e8451be0beb8 -> 
  custom:framework-osx-AVFoundation: e770b220cccbd017edd2c1fefb359320 -> 
  custom:video-encoder-webm-vp8: eb34c28f22e8b96e1ab97ce403110664 -> 
  custom:audio-decoder-ogg-vorbis: bf7c407c2cedff20999df2af8eb42d56 -> 
  custom:audio-encoder-webm-vorbis: bf7c407c2cedff20999df2af8eb42d56 -> 
========================================================================
Received Prepare
Caller must complete domain reload
Begin MonoManager ReloadAssembly
Thread 0x17fdb3000 may have been prematurely finalized
- Loaded All Assemblies, in  0.288 seconds
Native extension for WindowsStandalone target not found
Native extension for OSXStandalone target not found
Mono: successfully reloaded assembly
- Finished resetting the current domain, in  0.560 seconds
Domain Reload Profiling: 849ms
	BeginReloadAssembly (110ms)
		ExecutionOrderSort (0ms)
		DisableScriptedObjects (3ms)
		BackupInstance (0ms)
		ReleaseScriptingObjects (0ms)
		CreateAndSetChildDomain (28ms)
	RebuildCommonClasses (22ms)
	RebuildNativeTypeToScriptingClass (8ms)
	initialDomainReloadingComplete (12ms)
	LoadAllAssembliesAndSetupDomain (137ms)
		LoadAssemblies (166ms)
		RebuildTransferFunctionScriptingTraits (0ms)
		AnalyzeDomain (27ms)
			TypeCache.Refresh (12ms)
				TypeCache.ScanAssembly (0ms)
			ScanForSourceGeneratedMonoScriptInfo (8ms)
			ResolveRequiredComponents (6ms)
	FinalizeReload (561ms)
		ReleaseScriptCaches (0ms)
		RebuildScriptCaches (0ms)
		SetupLoadedEditorAssemblies (183ms)
			LogAssemblyErrors (0ms)
			InitializePlatformSupportModulesInManaged (3ms)
			SetLoadedEditorAssemblies (2ms)
			RefreshPlugins (0ms)
			BeforeProcessingInitializeOnLoad (26ms)
			ProcessInitializeOnLoadAttributes (142ms)
			ProcessInitializeOnLoadMethodAttributes (10ms)
			AfterProcessingInitializeOnLoad (1ms)
			EditorAssembliesLoaded (0ms)
		ExecutionOrderSort2 (0ms)
		AwakeInstancesAfterBackupRestoration (3ms)
Refreshing native plugins compatible for Editor in 0.76 ms, found 3 plugins.
Preloading 0 native plugins for Editor in 0.00 ms.
Unloading 2958 Unused Serialized files (Serialized files now loaded: 0)
Unloading 14 unused Assets / (28.5 KB). Loaded Objects now: 3438.
Memory consumption went from 131.0 MB to 131.0 MB.
Total: 2.117042 ms (FindLiveObjects: 0.112833 ms CreateObjectMapping: 0.054708 ms MarkObjects: 1.915917 ms  DeleteObjects: 0.033167 ms)

Prepare: number of updated asset objects reloaded= 0
AssetImportParameters requested are different than current active one (requested -> active):
  custom:container-demuxer-ogg: 62fdf1f143b41e24485cea50d1cbac27 -> 
  custom:video-decoder-ogg-theora: a1e56fd34408186e4bbccfd4996cb3dc -> 
  custom:CustomObjectIndexerAttribute: 9a22284fe3817be447336de3de66b15e -> 
  custom:container-demuxer-webm: 4f35f7cbe854078d1ac9338744f61a02 -> 
  custom:container-muxer-webm: aa71ff27fc2769a1b78a27578f13a17b -> 
  custom:video-decoder-webm-vp8: 9c59270c3fd7afecdb556c50c9e8de78 -> 
  custom:SearchIndexIgnoredProperties: e643bd26f0fe6173181afceb89e7c659 -> 
  custom:AudioImporter_EditorPlatform: 3918e3fc78b5a79bad01e8451be0beb8 -> 
  custom:framework-osx-AVFoundation: e770b220cccbd017edd2c1fefb359320 -> 
  custom:video-encoder-webm-vp8: eb34c28f22e8b96e1ab97ce403110664 -> 
  custom:audio-decoder-ogg-vorbis: bf7c407c2cedff20999df2af8eb42d56 -> 
  custom:audio-encoder-webm-vorbis: bf7c407c2cedff20999df2af8eb42d56 -> 
  custom:scripting/precompiled-assembly-types:Assembly-CSharp: c6451422db0d62c5ee61282ff60e3749 -> 6032c0c933c699fe27c13914a3aaee66
========================================================================
Received Prepare
Caller must complete domain reload
Begin MonoManager ReloadAssembly
Thread 0x17fdb3000 may have been prematurely finalized
- Loaded All Assemblies, in  0.234 seconds
Native extension for WindowsStandalone target not found
Native extension for OSXStandalone target not found
Mono: successfully reloaded assembly
- Finished resetting the current domain, in  0.581 seconds
Domain Reload Profiling: 816ms
	BeginReloadAssembly (82ms)
		ExecutionOrderSort (0ms)
		DisableScriptedObjects (3ms)
		BackupInstance (0ms)
		ReleaseScriptingObjects (0ms)
		CreateAndSetChildDomain (27ms)
	RebuildCommonClasses (21ms)
	RebuildNativeTypeToScriptingClass (8ms)
	initialDomainReloadingComplete (13ms)
	LoadAllAssembliesAndSetupDomain (110ms)
		LoadAssemblies (124ms)
		RebuildTransferFunctionScriptingTraits (0ms)
		AnalyzeDomain (16ms)
			TypeCache.Refresh (7ms)
				TypeCache.ScanAssembly (0ms)
			ScanForSourceGeneratedMonoScriptInfo (5ms)
			ResolveRequiredComponents (4ms)
	FinalizeReload (581ms)
		ReleaseScriptCaches (0ms)
		RebuildScriptCaches (0ms)
		SetupLoadedEditorAssemblies (191ms)
			LogAssemblyErrors (0ms)
			InitializePlatformSupportModulesInManaged (3ms)
			SetLoadedEditorAssemblies (2ms)
			RefreshPlugins (0ms)
			BeforeProcessingInitializeOnLoad (27ms)
			ProcessInitializeOnLoadAttributes (148ms)
			ProcessInitializeOnLoadMethodAttributes (11ms)
			AfterProcessingInitializeOnLoad (1ms)
			EditorAssembliesLoaded (0ms)
		ExecutionOrderSort2 (0ms)
		AwakeInstancesAfterBackupRestoration (3ms)
Refreshing native plugins compatible for Editor in 0.80 ms, found 3 plugins.
Preloading 0 native plugins for Editor in 0.00 ms.
Unloading 2958 Unused Serialized files (Serialized files now loaded: 0)
Unloading 14 unused Assets / (28.6 KB). Loaded Objects now: 3441.
Memory consumption went from 136.1 MB to 136.1 MB.
Total: 2.225583 ms (FindLiveObjects: 0.114333 ms CreateObjectMapping: 0.055208 ms MarkObjects: 2.015125 ms  DeleteObjects: 0.040458 ms)

Prepare: number of updated asset objects reloaded= 0
AssetImportParameters requested are different than current active one (requested -> active):
  custom:container-demuxer-ogg: 62fdf1f143b41e24485cea50d1cbac27 -> 
  custom:video-decoder-ogg-theora: a1e56fd34408186e4bbccfd4996cb3dc -> 
  custom:CustomObjectIndexerAttribute: 9a22284fe3817be447336de3de66b15e -> 
  custom:container-demuxer-webm: 4f35f7cbe854078d1ac9338744f61a02 -> 
  custom:container-muxer-webm: aa71ff27fc2769a1b78a27578f13a17b -> 
  custom:video-decoder-webm-vp8: 9c59270c3fd7afecdb556c50c9e8de78 -> 
  custom:SearchIndexIgnoredProperties: e643bd26f0fe6173181afceb89e7c659 -> 
  custom:AudioImporter_EditorPlatform: 3918e3fc78b5a79bad01e8451be0beb8 -> 
  custom:framework-osx-AVFoundation: e770b220cccbd017edd2c1fefb359320 -> 
  custom:video-encoder-webm-vp8: eb34c28f22e8b96e1ab97ce403110664 -> 
  custom:audio-decoder-ogg-vorbis: bf7c407c2cedff20999df2af8eb42d56 -> 
  custom:audio-encoder-webm-vorbis: bf7c407c2cedff20999df2af8eb42d56 -> 
  custom:scripting/precompiled-assembly-types:Assembly-CSharp: c6451422db0d62c5ee61282ff60e3749 -> 6032c0c933c699fe27c13914a3aaee66
========================================================================
Received Import Request.
  Time since last request: 539.937786 seconds.
  path: Assets/Scenes/Module1/Module1Scripts/Demo1.cs
  artifactKey: Guid(0ed24a2088b804565b363695e511c1fc) Importer(815301076,1909f56bfc062723c751e8b465ee728b)
Start importing Assets/Scenes/Module1/Module1Scripts/Demo1.cs using Guid(0ed24a2088b804565b363695e511c1fc) Importer(815301076,1909f56bfc062723c751e8b465ee728b) [PhysX] Initialized MultithreadedTaskDispatcher with 8 workers.
 -> (artifact id: '7291af36f412ab41f36b277773ab6823') in 0.001002 seconds
Number of updated asset objects reloaded before import = 0
Number of asset objects unloaded after import = 0
========================================================================
Received Prepare
Caller must complete domain reload
Begin MonoManager ReloadAssembly
Thread 0x16e363000 may have been prematurely finalized
- Loaded All Assemblies, in  0.208 seconds
Native extension for WindowsStandalone target not found
Native extension for OSXStandalone target not found
Mono: successfully reloaded assembly
- Finished resetting the current domain, in  0.589 seconds
Domain Reload Profiling: 797ms
	BeginReloadAssembly (70ms)
		ExecutionOrderSort (0ms)
		DisableScriptedObjects (3ms)
		BackupInstance (0ms)
		ReleaseScriptingObjects (0ms)
		CreateAndSetChildDomain (20ms)
	RebuildCommonClasses (21ms)
	RebuildNativeTypeToScriptingClass (8ms)
	initialDomainReloadingComplete (12ms)
	LoadAllAssembliesAndSetupDomain (97ms)
		LoadAssemblies (115ms)
		RebuildTransferFunctionScriptingTraits (0ms)
		AnalyzeDomain (9ms)
			TypeCache.Refresh (5ms)
				TypeCache.ScanAssembly (0ms)
			ScanForSourceGeneratedMonoScriptInfo (0ms)
			ResolveRequiredComponents (3ms)
	FinalizeReload (589ms)
		ReleaseScriptCaches (0ms)
		RebuildScriptCaches (0ms)
		SetupLoadedEditorAssemblies (206ms)
			LogAssemblyErrors (0ms)
			InitializePlatformSupportModulesInManaged (3ms)
			SetLoadedEditorAssemblies (2ms)
			RefreshPlugins (0ms)
			BeforeProcessingInitializeOnLoad (29ms)
			ProcessInitializeOnLoadAttributes (158ms)
			ProcessInitializeOnLoadMethodAttributes (12ms)
			AfterProcessingInitializeOnLoad (1ms)
			EditorAssembliesLoaded (0ms)
		ExecutionOrderSort2 (0ms)
		AwakeInstancesAfterBackupRestoration (3ms)
Refreshing native plugins compatible for Editor in 0.87 ms, found 3 plugins.
Preloading 0 native plugins for Editor in 0.00 ms.
Unloading 2957 Unused Serialized files (Serialized files now loaded: 0)
Unloading 14 unused Assets / (28.6 KB). Loaded Objects now: 3444.
Memory consumption went from 141.1 MB to 141.1 MB.
Total: 2.854125 ms (FindLiveObjects: 0.124917 ms CreateObjectMapping: 0.095541 ms MarkObjects: 2.590625 ms  DeleteObjects: 0.042459 ms)

Prepare: number of updated asset objects reloaded= 0
AssetImportParameters requested are different than current active one (requested -> active):
  custom:container-demuxer-ogg: 62fdf1f143b41e24485cea50d1cbac27 -> 
  custom:video-decoder-ogg-theora: a1e56fd34408186e4bbccfd4996cb3dc -> 
  custom:CustomObjectIndexerAttribute: 9a22284fe3817be447336de3de66b15e -> 
  custom:container-demuxer-webm: 4f35f7cbe854078d1ac9338744f61a02 -> 
  custom:container-muxer-webm: aa71ff27fc2769a1b78a27578f13a17b -> 
  custom:video-decoder-webm-vp8: 9c59270c3fd7afecdb556c50c9e8de78 -> 
  custom:SearchIndexIgnoredProperties: e643bd26f0fe6173181afceb89e7c659 -> 
  custom:AudioImporter_EditorPlatform: 3918e3fc78b5a79bad01e8451be0beb8 -> 
  custom:framework-osx-AVFoundation: e770b220cccbd017edd2c1fefb359320 -> 
  custom:video-encoder-webm-vp8: eb34c28f22e8b96e1ab97ce403110664 -> 
  custom:audio-decoder-ogg-vorbis: bf7c407c2cedff20999df2af8eb42d56 -> 
  custom:audio-encoder-webm-vorbis: bf7c407c2cedff20999df2af8eb42d56 -> 
  custom:scripting/precompiled-assembly-types:Assembly-CSharp: c6451422db0d62c5ee61282ff60e3749 -> 6032c0c933c699fe27c13914a3aaee66
========================================================================
Received Prepare
Caller must complete domain reload
Begin MonoManager ReloadAssembly
Thread 0x16dd5f000 may have been prematurely finalized
- Loaded All Assemblies, in  0.213 seconds
Native extension for WindowsStandalone target not found
Native extension for OSXStandalone target not found
Mono: successfully reloaded assembly
- Finished resetting the current domain, in  0.583 seconds
Domain Reload Profiling: 796ms
	BeginReloadAssembly (70ms)
		ExecutionOrderSort (0ms)
		DisableScriptedObjects (3ms)
		BackupInstance (0ms)
		ReleaseScriptingObjects (0ms)
		CreateAndSetChildDomain (19ms)
	RebuildCommonClasses (21ms)
	RebuildNativeTypeToScriptingClass (8ms)
	initialDomainReloadingComplete (12ms)
	LoadAllAssembliesAndSetupDomain (103ms)
		LoadAssemblies (121ms)
		RebuildTransferFunctionScriptingTraits (0ms)
		AnalyzeDomain (9ms)
			TypeCache.Refresh (5ms)
				TypeCache.ScanAssembly (0ms)
			ScanForSourceGeneratedMonoScriptInfo (0ms)
			ResolveRequiredComponents (3ms)
	FinalizeReload (583ms)
		ReleaseScriptCaches (0ms)
		RebuildScriptCaches (0ms)
		SetupLoadedEditorAssemblies (209ms)
			LogAssemblyErrors (0ms)
			InitializePlatformSupportModulesInManaged (6ms)
			SetLoadedEditorAssemblies (2ms)
			RefreshPlugins (0ms)
			BeforeProcessingInitializeOnLoad (29ms)
			ProcessInitializeOnLoadAttributes (158ms)
			ProcessInitializeOnLoadMethodAttributes (13ms)
			AfterProcessingInitializeOnLoad (1ms)
			EditorAssembliesLoaded (0ms)
		ExecutionOrderSort2 (0ms)
		AwakeInstancesAfterBackupRestoration (2ms)
Refreshing native plugins compatible for Editor in 0.84 ms, found 3 plugins.
Preloading 0 native plugins for Editor in 0.00 ms.
Unloading 2958 Unused Serialized files (Serialized files now loaded: 0)
Unloading 14 unused Assets / (28.6 KB). Loaded Objects now: 3447.
Memory consumption went from 146.5 MB to 146.5 MB.
Total: 2.903250 ms (FindLiveObjects: 0.189500 ms CreateObjectMapping: 0.120042 ms MarkObjects: 2.558250 ms  DeleteObjects: 0.034416 ms)

Prepare: number of updated asset objects reloaded= 0
AssetImportParameters requested are different than current active one (requested -> active):
  custom:container-demuxer-ogg: 62fdf1f143b41e24485cea50d1cbac27 -> 
  custom:video-decoder-ogg-theora: a1e56fd34408186e4bbccfd4996cb3dc -> 
  custom:CustomObjectIndexerAttribute: 9a22284fe3817be447336de3de66b15e -> 
  custom:container-demuxer-webm: 4f35f7cbe854078d1ac9338744f61a02 -> 
  custom:container-muxer-webm: aa71ff27fc2769a1b78a27578f13a17b -> 
  custom:video-decoder-webm-vp8: 9c59270c3fd7afecdb556c50c9e8de78 -> 
  custom:SearchIndexIgnoredProperties: e643bd26f0fe6173181afceb89e7c659 -> 
  custom:AudioImporter_EditorPlatform: 3918e3fc78b5a79bad01e8451be0beb8 -> 
  custom:framework-osx-AVFoundation: e770b220cccbd017edd2c1fefb359320 -> 
  custom:video-encoder-webm-vp8: eb34c28f22e8b96e1ab97ce403110664 -> 
  custom:audio-decoder-ogg-vorbis: bf7c407c2cedff20999df2af8eb42d56 -> 
  custom:audio-encoder-webm-vorbis: bf7c407c2cedff20999df2af8eb42d56 -> 
  custom:scripting/precompiled-assembly-types:Assembly-CSharp: c6451422db0d62c5ee61282ff60e3749 -> 6032c0c933c699fe27c13914a3aaee66
========================================================================
Received Prepare
Caller must complete domain reload
Begin MonoManager ReloadAssembly
Thread 0x16dd5f000 may have been prematurely finalized
- Loaded All Assemblies, in  0.198 seconds
Native extension for WindowsStandalone target not found
Native extension for OSXStandalone target not found
Mono: successfully reloaded assembly
- Finished resetting the current domain, in  0.585 seconds
Domain Reload Profiling: 784ms
	BeginReloadAssembly (69ms)
		ExecutionOrderSort (0ms)
		DisableScriptedObjects (3ms)
		BackupInstance (0ms)
		ReleaseScriptingObjects (0ms)
		CreateAndSetChildDomain (19ms)
	RebuildCommonClasses (22ms)
	RebuildNativeTypeToScriptingClass (8ms)
	initialDomainReloadingComplete (12ms)
	LoadAllAssembliesAndSetupDomain (89ms)
		LoadAssemblies (107ms)
		RebuildTransferFunctionScriptingTraits (0ms)
		AnalyzeDomain (8ms)
			TypeCache.Refresh (5ms)
				TypeCache.ScanAssembly (0ms)
			ScanForSourceGeneratedMonoScriptInfo (0ms)
			ResolveRequiredComponents (3ms)
	FinalizeReload (586ms)
		ReleaseScriptCaches (0ms)
		RebuildScriptCaches (0ms)
		SetupLoadedEditorAssemblies (205ms)
			LogAssemblyErrors (0ms)
			InitializePlatformSupportModulesInManaged (3ms)
			SetLoadedEditorAssemblies (2ms)
			RefreshPlugins (0ms)
			BeforeProcessingInitializeOnLoad (29ms)
			ProcessInitializeOnLoadAttributes (158ms)
			ProcessInitializeOnLoadMethodAttributes (12ms)
			AfterProcessingInitializeOnLoad (1ms)
			EditorAssembliesLoaded (0ms)
		ExecutionOrderSort2 (0ms)
		AwakeInstancesAfterBackupRestoration (2ms)
Refreshing native plugins compatible for Editor in 0.85 ms, found 3 plugins.
Preloading 0 native plugins for Editor in 0.00 ms.
Unloading 2958 Unused Serialized files (Serialized files now loaded: 0)
Unloading 14 unused Assets / (28.7 KB). Loaded Objects now: 3450.
Memory consumption went from 151.6 MB to 151.6 MB.
Total: 2.811875 ms (FindLiveObjects: 0.162500 ms CreateObjectMapping: 0.096292 ms MarkObjects: 2.488041 ms  DeleteObjects: 0.064167 ms)

Prepare: number of updated asset objects reloaded= 0
AssetImportParameters requested are different than current active one (requested -> active):
  custom:container-demuxer-ogg: 62fdf1f143b41e24485cea50d1cbac27 -> 
  custom:video-decoder-ogg-theora: a1e56fd34408186e4bbccfd4996cb3dc -> 
  custom:CustomObjectIndexerAttribute: 9a22284fe3817be447336de3de66b15e -> 
  custom:container-demuxer-webm: 4f35f7cbe854078d1ac9338744f61a02 -> 
  custom:container-muxer-webm: aa71ff27fc2769a1b78a27578f13a17b -> 
  custom:video-decoder-webm-vp8: 9c59270c3fd7afecdb556c50c9e8de78 -> 
  custom:SearchIndexIgnoredProperties: e643bd26f0fe6173181afceb89e7c659 -> 
  custom:AudioImporter_EditorPlatform: 3918e3fc78b5a79bad01e8451be0beb8 -> 
  custom:framework-osx-AVFoundation: e770b220cccbd017edd2c1fefb359320 -> 
  custom:video-encoder-webm-vp8: eb34c28f22e8b96e1ab97ce403110664 -> 
  custom:audio-decoder-ogg-vorbis: bf7c407c2cedff20999df2af8eb42d56 -> 
  custom:audio-encoder-webm-vorbis: bf7c407c2cedff20999df2af8eb42d56 -> 
  custom:scripting/precompiled-assembly-types:Assembly-CSharp: c6451422db0d62c5ee61282ff60e3749 -> 6032c0c933c699fe27c13914a3aaee66
========================================================================
Received Prepare
Caller must complete domain reload
Begin MonoManager ReloadAssembly
Thread 0x16dd5f000 may have been prematurely finalized
- Loaded All Assemblies, in  0.204 seconds
Native extension for WindowsStandalone target not found
Native extension for OSXStandalone target not found
Mono: successfully reloaded assembly
- Finished resetting the current domain, in  0.594 seconds
Domain Reload Profiling: 799ms
	BeginReloadAssembly (70ms)
		ExecutionOrderSort (0ms)
		DisableScriptedObjects (3ms)
		BackupInstance (0ms)
		ReleaseScriptingObjects (0ms)
		CreateAndSetChildDomain (19ms)
	RebuildCommonClasses (21ms)
	RebuildNativeTypeToScriptingClass (8ms)
	initialDomainReloadingComplete (12ms)
	LoadAllAssembliesAndSetupDomain (94ms)
		LoadAssemblies (113ms)
		RebuildTransferFunctionScriptingTraits (0ms)
		AnalyzeDomain (8ms)
			TypeCache.Refresh (4ms)
				TypeCache.ScanAssembly (0ms)
			ScanForSourceGeneratedMonoScriptInfo (0ms)
			ResolveRequiredComponents (3ms)
	FinalizeReload (595ms)
		ReleaseScriptCaches (0ms)
		RebuildScriptCaches (0ms)
		SetupLoadedEditorAssemblies (207ms)
			LogAssemblyErrors (0ms)
			InitializePlatformSupportModulesInManaged (3ms)
			SetLoadedEditorAssemblies (2ms)
			RefreshPlugins (0ms)
			BeforeProcessingInitializeOnLoad (29ms)
			ProcessInitializeOnLoadAttributes (159ms)
			ProcessInitializeOnLoadMethodAttributes (12ms)
			AfterProcessingInitializeOnLoad (1ms)
			EditorAssembliesLoaded (0ms)
		ExecutionOrderSort2 (0ms)
		AwakeInstancesAfterBackupRestoration (2ms)
Refreshing native plugins compatible for Editor in 0.88 ms, found 3 plugins.
Preloading 0 native plugins for Editor in 0.00 ms.
Unloading 2958 Unused Serialized files (Serialized files now loaded: 0)
Unloading 14 unused Assets / (28.6 KB). Loaded Objects now: 3453.
Memory consumption went from 156.8 MB to 156.7 MB.
Total: 2.797166 ms (FindLiveObjects: 0.163958 ms CreateObjectMapping: 0.073000 ms MarkObjects: 2.513916 ms  DeleteObjects: 0.045375 ms)

Prepare: number of updated asset objects reloaded= 0
AssetImportParameters requested are different than current active one (requested -> active):
  custom:container-demuxer-ogg: 62fdf1f143b41e24485cea50d1cbac27 -> 
  custom:video-decoder-ogg-theora: a1e56fd34408186e4bbccfd4996cb3dc -> 
  custom:CustomObjectIndexerAttribute: 9a22284fe3817be447336de3de66b15e -> 
  custom:container-demuxer-webm: 4f35f7cbe854078d1ac9338744f61a02 -> 
  custom:container-muxer-webm: aa71ff27fc2769a1b78a27578f13a17b -> 
  custom:video-decoder-webm-vp8: 9c59270c3fd7afecdb556c50c9e8de78 -> 
  custom:SearchIndexIgnoredProperties: e643bd26f0fe6173181afceb89e7c659 -> 
  custom:AudioImporter_EditorPlatform: 3918e3fc78b5a79bad01e8451be0beb8 -> 
  custom:framework-osx-AVFoundation: e770b220cccbd017edd2c1fefb359320 -> 
  custom:video-encoder-webm-vp8: eb34c28f22e8b96e1ab97ce403110664 -> 
  custom:audio-decoder-ogg-vorbis: bf7c407c2cedff20999df2af8eb42d56 -> 
  custom:audio-encoder-webm-vorbis: bf7c407c2cedff20999df2af8eb42d56 -> 
  custom:scripting/precompiled-assembly-types:Assembly-CSharp: c6451422db0d62c5ee61282ff60e3749 -> 6032c0c933c699fe27c13914a3aaee66
========================================================================
Received Prepare
Caller must complete domain reload
Begin MonoManager ReloadAssembly
Thread 0x16dd5f000 may have been prematurely finalized
- Loaded All Assemblies, in  0.251 seconds
Native extension for WindowsStandalone target not found
Native extension for OSXStandalone target not found
Mono: successfully reloaded assembly
- Finished resetting the current domain, in  0.583 seconds
Domain Reload Profiling: 834ms
	BeginReloadAssembly (83ms)
		ExecutionOrderSort (0ms)
		DisableScriptedObjects (3ms)
		BackupInstance (0ms)
		ReleaseScriptingObjects (0ms)
		CreateAndSetChildDomain (28ms)
	RebuildCommonClasses (22ms)
	RebuildNativeTypeToScriptingClass (8ms)
	initialDomainReloadingComplete (12ms)
	LoadAllAssembliesAndSetupDomain (125ms)
		LoadAssemblies (136ms)
		RebuildTransferFunctionScriptingTraits (0ms)
		AnalyzeDomain (18ms)
			TypeCache.Refresh (10ms)
				TypeCache.ScanAssembly (0ms)
			ScanForSourceGeneratedMonoScriptInfo (5ms)
			ResolveRequiredComponents (3ms)
	FinalizeReload (583ms)
		ReleaseScriptCaches (0ms)
		RebuildScriptCaches (0ms)
		SetupLoadedEditorAssemblies (189ms)
			LogAssemblyErrors (0ms)
			InitializePlatformSupportModulesInManaged (3ms)
			SetLoadedEditorAssemblies (2ms)
			RefreshPlugins (0ms)
			BeforeProcessingInitializeOnLoad (27ms)
			ProcessInitializeOnLoadAttributes (146ms)
			ProcessInitializeOnLoadMethodAttributes (10ms)
			AfterProcessingInitializeOnLoad (1ms)
			EditorAssembliesLoaded (0ms)
		ExecutionOrderSort2 (0ms)
		AwakeInstancesAfterBackupRestoration (2ms)
Refreshing native plugins compatible for Editor in 0.80 ms, found 3 plugins.
Preloading 0 native plugins for Editor in 0.00 ms.
Unloading 2959 Unused Serialized files (Serialized files now loaded: 0)
Unloading 14 unused Assets / (28.5 KB). Loaded Objects now: 3457.
Memory consumption went from 161.9 MB to 161.9 MB.
Total: 2.169292 ms (FindLiveObjects: 0.107833 ms CreateObjectMapping: 0.048792 ms MarkObjects: 1.982583 ms  DeleteObjects: 0.029542 ms)

Prepare: number of updated asset objects reloaded= 0
AssetImportParameters requested are different than current active one (requested -> active):
  custom:container-demuxer-ogg: 62fdf1f143b41e24485cea50d1cbac27 -> 
  custom:video-decoder-ogg-theora: a1e56fd34408186e4bbccfd4996cb3dc -> 
  custom:scripting/monoscript/fileName/NewBehaviourScript.cs: b21687ddb03d73bd9f0c1daecb9714de -> 
  custom:CustomObjectIndexerAttribute: 9a22284fe3817be447336de3de66b15e -> 
  custom:container-demuxer-webm: 4f35f7cbe854078d1ac9338744f61a02 -> 
  custom:container-muxer-webm: aa71ff27fc2769a1b78a27578f13a17b -> 
  custom:video-decoder-webm-vp8: 9c59270c3fd7afecdb556c50c9e8de78 -> 
  custom:SearchIndexIgnoredProperties: e643bd26f0fe6173181afceb89e7c659 -> 
  custom:AudioImporter_EditorPlatform: 3918e3fc78b5a79bad01e8451be0beb8 -> 
  custom:framework-osx-AVFoundation: e770b220cccbd017edd2c1fefb359320 -> 
  custom:video-encoder-webm-vp8: eb34c28f22e8b96e1ab97ce403110664 -> 
  custom:audio-decoder-ogg-vorbis: bf7c407c2cedff20999df2af8eb42d56 -> 
  custom:audio-encoder-webm-vorbis: bf7c407c2cedff20999df2af8eb42d56 -> 
  custom:scripting/precompiled-assembly-types:Assembly-CSharp: fbcaceb4a825a1b2e842d0633289dd4c -> 6032c0c933c699fe27c13914a3aaee66
========================================================================
Received Import Request.
  Time since last request: 485.453962 seconds.
  path: Assets/Scenes/Introduction/IntroScripts/NewBehaviourScript.cs
  artifactKey: Guid(7a46d27e105ef4a61858a0b83b7cd4f1) Importer(815301076,1909f56bfc062723c751e8b465ee728b)
Start importing Assets/Scenes/Introduction/IntroScripts/NewBehaviourScript.cs using Guid(7a46d27e105ef4a61858a0b83b7cd4f1) Importer(815301076,1909f56bfc062723c751e8b465ee728b) [PhysX] Initialized MultithreadedTaskDispatcher with 8 workers.
 -> (artifact id: '34e9c95eab54bf892da1dd0b7f70e9a5') in 0.000988 seconds
Number of updated asset objects reloaded before import = 0
Number of asset objects unloaded after import = 0
========================================================================
Received Prepare
Caller must complete domain reload
Begin MonoManager ReloadAssembly
Thread 0x16dd5f000 may have been prematurely finalized
- Loaded All Assemblies, in  0.278 seconds
Native extension for WindowsStandalone target not found
Native extension for OSXStandalone target not found
Mono: successfully reloaded assembly
- Finished resetting the current domain, in  0.591 seconds
Domain Reload Profiling: 870ms
	BeginReloadAssembly (92ms)
		ExecutionOrderSort (0ms)
		DisableScriptedObjects (3ms)
		BackupInstance (0ms)
		ReleaseScriptingObjects (0ms)
		CreateAndSetChildDomain (42ms)
	RebuildCommonClasses (22ms)
	RebuildNativeTypeToScriptingClass (8ms)
	initialDomainReloadingComplete (12ms)
	LoadAllAssembliesAndSetupDomain (144ms)
		LoadAssemblies (153ms)
		RebuildTransferFunctionScriptingTraits (0ms)
		AnalyzeDomain (18ms)
			TypeCache.Refresh (9ms)
				TypeCache.ScanAssembly (0ms)
			ScanForSourceGeneratedMonoScriptInfo (5ms)
			ResolveRequiredComponents (3ms)
	FinalizeReload (591ms)
		ReleaseScriptCaches (0ms)
		RebuildScriptCaches (0ms)
		SetupLoadedEditorAssemblies (198ms)
			LogAssemblyErrors (0ms)
			InitializePlatformSupportModulesInManaged (3ms)
			SetLoadedEditorAssemblies (2ms)
			RefreshPlugins (0ms)
			BeforeProcessingInitializeOnLoad (28ms)
			ProcessInitializeOnLoadAttributes (153ms)
			ProcessInitializeOnLoadMethodAttributes (11ms)
			AfterProcessingInitializeOnLoad (1ms)
			EditorAssembliesLoaded (0ms)
		ExecutionOrderSort2 (0ms)
		AwakeInstancesAfterBackupRestoration (3ms)
Refreshing native plugins compatible for Editor in 0.76 ms, found 3 plugins.
Preloading 0 native plugins for Editor in 0.00 ms.
Unloading 2958 Unused Serialized files (Serialized files now loaded: 0)
Unloading 14 unused Assets / (28.5 KB). Loaded Objects now: 3460.
Memory consumption went from 166.9 MB to 166.9 MB.
Total: 2.248875 ms (FindLiveObjects: 0.115709 ms CreateObjectMapping: 0.046250 ms MarkObjects: 2.059375 ms  DeleteObjects: 0.026958 ms)

Prepare: number of updated asset objects reloaded= 0
AssetImportParameters requested are different than current active one (requested -> active):
  custom:container-demuxer-ogg: 62fdf1f143b41e24485cea50d1cbac27 -> 
  custom:video-decoder-ogg-theora: a1e56fd34408186e4bbccfd4996cb3dc -> 
  custom:scripting/monoscript/fileName/NewBehaviourScript.cs: b21687ddb03d73bd9f0c1daecb9714de -> 
  custom:CustomObjectIndexerAttribute: 9a22284fe3817be447336de3de66b15e -> 
  custom:container-demuxer-webm: 4f35f7cbe854078d1ac9338744f61a02 -> 
  custom:container-muxer-webm: aa71ff27fc2769a1b78a27578f13a17b -> 
  custom:video-decoder-webm-vp8: 9c59270c3fd7afecdb556c50c9e8de78 -> 
  custom:SearchIndexIgnoredProperties: e643bd26f0fe6173181afceb89e7c659 -> 
  custom:AudioImporter_EditorPlatform: 3918e3fc78b5a79bad01e8451be0beb8 -> 
  custom:scripting/monoscript/fileName/DojoMove.cs: b21687ddb03d73bd9f0c1daecb9714de -> 
  custom:framework-osx-AVFoundation: e770b220cccbd017edd2c1fefb359320 -> 
  custom:video-encoder-webm-vp8: eb34c28f22e8b96e1ab97ce403110664 -> 
  custom:audio-decoder-ogg-vorbis: bf7c407c2cedff20999df2af8eb42d56 -> 
  custom:audio-encoder-webm-vorbis: bf7c407c2cedff20999df2af8eb42d56 -> 
  custom:scripting/precompiled-assembly-types:Assembly-CSharp: c4736942d6a0b440f5f50f0f5c90e136 -> 6032c0c933c699fe27c13914a3aaee66
========================================================================
Received Import Request.
  Time since last request: 13.096858 seconds.
  path: Assets/Scenes/Introduction/IntroScripts/DojoMove.cs
  artifactKey: Guid(7a46d27e105ef4a61858a0b83b7cd4f1) Importer(815301076,1909f56bfc062723c751e8b465ee728b)
Start importing Assets/Scenes/Introduction/IntroScripts/DojoMove.cs using Guid(7a46d27e105ef4a61858a0b83b7cd4f1) Importer(815301076,1909f56bfc062723c751e8b465ee728b) [PhysX] Initialized MultithreadedTaskDispatcher with 8 workers.
 -> (artifact id: '457a7cabd87df601dbec1fb685a85cd3') in 0.000907 seconds
Number of updated asset objects reloaded before import = 0
Number of asset objects unloaded after import = 0
========================================================================
Received Prepare
Caller must complete domain reload
Begin MonoManager ReloadAssembly
Thread 0x16dd5f000 may have been prematurely finalized
- Loaded All Assemblies, in  0.203 seconds
Native extension for WindowsStandalone target not found
Native extension for OSXStandalone target not found
Mono: successfully reloaded assembly
- Finished resetting the current domain, in  0.547 seconds
Domain Reload Profiling: 751ms
	BeginReloadAssembly (71ms)
		ExecutionOrderSort (0ms)
		DisableScriptedObjects (3ms)
		BackupInstance (0ms)
		ReleaseScriptingObjects (0ms)
		CreateAndSetChildDomain (21ms)
	RebuildCommonClasses (21ms)
	RebuildNativeTypeToScriptingClass (8ms)
	initialDomainReloadingComplete (12ms)
	LoadAllAssembliesAndSetupDomain (91ms)
		LoadAssemblies (104ms)
		RebuildTransferFunctionScriptingTraits (0ms)
		AnalyzeDomain (15ms)
			TypeCache.Refresh (7ms)
				TypeCache.ScanAssembly (0ms)
			ScanForSourceGeneratedMonoScriptInfo (4ms)
			ResolveRequiredComponents (3ms)
	FinalizeReload (547ms)
		ReleaseScriptCaches (0ms)
		RebuildScriptCaches (0ms)
		SetupLoadedEditorAssemblies (188ms)
			LogAssemblyErrors (0ms)
			InitializePlatformSupportModulesInManaged (3ms)
			SetLoadedEditorAssemblies (2ms)
			RefreshPlugins (0ms)
			BeforeProcessingInitializeOnLoad (26ms)
			ProcessInitializeOnLoadAttributes (145ms)
			ProcessInitializeOnLoadMethodAttributes (11ms)
			AfterProcessingInitializeOnLoad (1ms)
			EditorAssembliesLoaded (0ms)
		ExecutionOrderSort2 (0ms)
		AwakeInstancesAfterBackupRestoration (2ms)
Refreshing native plugins compatible for Editor in 0.76 ms, found 3 plugins.
Preloading 0 native plugins for Editor in 0.00 ms.
Unloading 2958 Unused Serialized files (Serialized files now loaded: 0)
Unloading 14 unused Assets / (28.6 KB). Loaded Objects now: 3463.
Memory consumption went from 172.1 MB to 172.1 MB.
Total: 2.062166 ms (FindLiveObjects: 0.110708 ms CreateObjectMapping: 0.046625 ms MarkObjects: 1.881250 ms  DeleteObjects: 0.023125 ms)

Prepare: number of updated asset objects reloaded= 0
AssetImportParameters requested are different than current active one (requested -> active):
  custom:container-demuxer-ogg: 62fdf1f143b41e24485cea50d1cbac27 -> 
  custom:video-decoder-ogg-theora: a1e56fd34408186e4bbccfd4996cb3dc -> 
  custom:scripting/monoscript/fileName/NewBehaviourScript.cs: b21687ddb03d73bd9f0c1daecb9714de -> 
  custom:CustomObjectIndexerAttribute: 9a22284fe3817be447336de3de66b15e -> 
  custom:container-demuxer-webm: 4f35f7cbe854078d1ac9338744f61a02 -> 
  custom:container-muxer-webm: aa71ff27fc2769a1b78a27578f13a17b -> 
  custom:video-decoder-webm-vp8: 9c59270c3fd7afecdb556c50c9e8de78 -> 
  custom:SearchIndexIgnoredProperties: e643bd26f0fe6173181afceb89e7c659 -> 
  custom:AudioImporter_EditorPlatform: 3918e3fc78b5a79bad01e8451be0beb8 -> 
  custom:scripting/monoscript/fileName/DojoMove.cs: f8c6c934a3065aa4afaead1f80b93146 -> 
  custom:framework-osx-AVFoundation: e770b220cccbd017edd2c1fefb359320 -> 
  custom:video-encoder-webm-vp8: eb34c28f22e8b96e1ab97ce403110664 -> 
  custom:audio-decoder-ogg-vorbis: bf7c407c2cedff20999df2af8eb42d56 -> 
  custom:audio-encoder-webm-vorbis: bf7c407c2cedff20999df2af8eb42d56 -> 
  custom:scripting/precompiled-assembly-types:Assembly-CSharp: 0e2abadc0996decca3d80b43762f919a -> 6032c0c933c699fe27c13914a3aaee66
========================================================================
Received Prepare
Caller must complete domain reload
Begin MonoManager ReloadAssembly
Thread 0x16dd5f000 may have been prematurely finalized
- Loaded All Assemblies, in  0.194 seconds
Native extension for WindowsStandalone target not found
Native extension for OSXStandalone target not found
Mono: successfully reloaded assembly
- Finished resetting the current domain, in  0.348 seconds
Domain Reload Profiling: 542ms
	BeginReloadAssembly (70ms)
		ExecutionOrderSort (0ms)
		DisableScriptedObjects (3ms)
		BackupInstance (0ms)
		ReleaseScriptingObjects (0ms)
		CreateAndSetChildDomain (20ms)
	RebuildCommonClasses (21ms)
	RebuildNativeTypeToScriptingClass (8ms)
	initialDomainReloadingComplete (12ms)
	LoadAllAssembliesAndSetupDomain (84ms)
		LoadAssemblies (101ms)
		RebuildTransferFunctionScriptingTraits (0ms)
		AnalyzeDomain (9ms)
			TypeCache.Refresh (5ms)
				TypeCache.ScanAssembly (0ms)
			ScanForSourceGeneratedMonoScriptInfo (0ms)
			ResolveRequiredComponents (3ms)
	FinalizeReload (348ms)
		ReleaseScriptCaches (0ms)
		RebuildScriptCaches (0ms)
		SetupLoadedEditorAssemblies (200ms)
			LogAssemblyErrors (0ms)
			InitializePlatformSupportModulesInManaged (3ms)
			SetLoadedEditorAssemblies (2ms)
			RefreshPlugins (0ms)
			BeforeProcessingInitializeOnLoad (28ms)
			ProcessInitializeOnLoadAttributes (155ms)
			ProcessInitializeOnLoadMethodAttributes (12ms)
			AfterProcessingInitializeOnLoad (1ms)
			EditorAssembliesLoaded (0ms)
		ExecutionOrderSort2 (0ms)
		AwakeInstancesAfterBackupRestoration (2ms)
Refreshing native plugins compatible for Editor in 1.48 ms, found 3 plugins.
Preloading 0 native plugins for Editor in 0.00 ms.
Unloading 2959 Unused Serialized files (Serialized files now loaded: 0)
Unloading 14 unused Assets / (28.6 KB). Loaded Objects now: 3466.
Memory consumption went from 177.5 MB to 177.5 MB.
Total: 2.907750 ms (FindLiveObjects: 0.215042 ms CreateObjectMapping: 0.109958 ms MarkObjects: 2.533042 ms  DeleteObjects: 0.048167 ms)

Prepare: number of updated asset objects reloaded= 0
AssetImportParameters requested are different than current active one (requested -> active):
  custom:container-demuxer-ogg: 62fdf1f143b41e24485cea50d1cbac27 -> 
  custom:video-decoder-ogg-theora: a1e56fd34408186e4bbccfd4996cb3dc -> 
  custom:scripting/monoscript/fileName/NewBehaviourScript.cs: b21687ddb03d73bd9f0c1daecb9714de -> 
  custom:CustomObjectIndexerAttribute: 9a22284fe3817be447336de3de66b15e -> 
  custom:container-demuxer-webm: 4f35f7cbe854078d1ac9338744f61a02 -> 
  custom:container-muxer-webm: aa71ff27fc2769a1b78a27578f13a17b -> 
  custom:video-decoder-webm-vp8: 9c59270c3fd7afecdb556c50c9e8de78 -> 
  custom:SearchIndexIgnoredProperties: e643bd26f0fe6173181afceb89e7c659 -> 
  custom:AudioImporter_EditorPlatform: 3918e3fc78b5a79bad01e8451be0beb8 -> 
  custom:scripting/monoscript/fileName/DojoMove.cs: f8c6c934a3065aa4afaead1f80b93146 -> 
  custom:framework-osx-AVFoundation: e770b220cccbd017edd2c1fefb359320 -> 
  custom:video-encoder-webm-vp8: eb34c28f22e8b96e1ab97ce403110664 -> 
  custom:audio-decoder-ogg-vorbis: bf7c407c2cedff20999df2af8eb42d56 -> 
  custom:audio-encoder-webm-vorbis: bf7c407c2cedff20999df2af8eb42d56 -> 
  custom:scripting/precompiled-assembly-types:Assembly-CSharp: 0e2abadc0996decca3d80b43762f919a -> 6032c0c933c699fe27c13914a3aaee66
========================================================================
Received Prepare
Caller must complete domain reload
Begin MonoManager ReloadAssembly
Thread 0x16dd5f000 may have been prematurely finalized
- Loaded All Assemblies, in  0.193 seconds
Native extension for WindowsStandalone target not found
Native extension for OSXStandalone target not found
Mono: successfully reloaded assembly
- Finished resetting the current domain, in  0.355 seconds
Domain Reload Profiling: 548ms
	BeginReloadAssembly (69ms)
		ExecutionOrderSort (0ms)
		DisableScriptedObjects (3ms)
		BackupInstance (0ms)
		ReleaseScriptingObjects (0ms)
		CreateAndSetChildDomain (20ms)
	RebuildCommonClasses (21ms)
	RebuildNativeTypeToScriptingClass (8ms)
	initialDomainReloadingComplete (12ms)
	LoadAllAssembliesAndSetupDomain (84ms)
		LoadAssemblies (102ms)
		RebuildTransferFunctionScriptingTraits (0ms)
		AnalyzeDomain (9ms)
			TypeCache.Refresh (5ms)
				TypeCache.ScanAssembly (0ms)
			ScanForSourceGeneratedMonoScriptInfo (0ms)
			ResolveRequiredComponents (3ms)
	FinalizeReload (355ms)
		ReleaseScriptCaches (0ms)
		RebuildScriptCaches (0ms)
		SetupLoadedEditorAssemblies (201ms)
			LogAssemblyErrors (0ms)
			InitializePlatformSupportModulesInManaged (3ms)
			SetLoadedEditorAssemblies (2ms)
			RefreshPlugins (0ms)
			BeforeProcessingInitializeOnLoad (29ms)
			ProcessInitializeOnLoadAttributes (154ms)
			ProcessInitializeOnLoadMethodAttributes (12ms)
			AfterProcessingInitializeOnLoad (1ms)
			EditorAssembliesLoaded (0ms)
		ExecutionOrderSort2 (0ms)
		AwakeInstancesAfterBackupRestoration (2ms)
Refreshing native plugins compatible for Editor in 0.82 ms, found 3 plugins.
Preloading 0 native plugins for Editor in 0.00 ms.
Unloading 2959 Unused Serialized files (Serialized files now loaded: 0)
Unloading 14 unused Assets / (28.6 KB). Loaded Objects now: 3469.
Memory consumption went from 182.6 MB to 182.6 MB.
Total: 2.829000 ms (FindLiveObjects: 0.166167 ms CreateObjectMapping: 0.089041 ms MarkObjects: 2.530542 ms  DeleteObjects: 0.042708 ms)

Prepare: number of updated asset objects reloaded= 0
AssetImportParameters requested are different than current active one (requested -> active):
  custom:container-demuxer-ogg: 62fdf1f143b41e24485cea50d1cbac27 -> 
  custom:video-decoder-ogg-theora: a1e56fd34408186e4bbccfd4996cb3dc -> 
  custom:scripting/monoscript/fileName/NewBehaviourScript.cs: b21687ddb03d73bd9f0c1daecb9714de -> 
  custom:CustomObjectIndexerAttribute: 9a22284fe3817be447336de3de66b15e -> 
  custom:container-demuxer-webm: 4f35f7cbe854078d1ac9338744f61a02 -> 
  custom:container-muxer-webm: aa71ff27fc2769a1b78a27578f13a17b -> 
  custom:video-decoder-webm-vp8: 9c59270c3fd7afecdb556c50c9e8de78 -> 
  custom:SearchIndexIgnoredProperties: e643bd26f0fe6173181afceb89e7c659 -> 
  custom:AudioImporter_EditorPlatform: 3918e3fc78b5a79bad01e8451be0beb8 -> 
  custom:scripting/monoscript/fileName/DojoMove.cs: f8c6c934a3065aa4afaead1f80b93146 -> 
  custom:framework-osx-AVFoundation: e770b220cccbd017edd2c1fefb359320 -> 
  custom:video-encoder-webm-vp8: eb34c28f22e8b96e1ab97ce403110664 -> 
  custom:audio-decoder-ogg-vorbis: bf7c407c2cedff20999df2af8eb42d56 -> 
  custom:audio-encoder-webm-vorbis: bf7c407c2cedff20999df2af8eb42d56 -> 
  custom:scripting/precompiled-assembly-types:Assembly-CSharp: 0e2abadc0996decca3d80b43762f919a -> 6032c0c933c699fe27c13914a3aaee66
========================================================================
Received Prepare
Caller must complete domain reload
Begin MonoManager ReloadAssembly
Thread 0x16dd5f000 may have been prematurely finalized
- Loaded All Assemblies, in  0.209 seconds
Native extension for WindowsStandalone target not found
Native extension for OSXStandalone target not found
Mono: successfully reloaded assembly
- Finished resetting the current domain, in  0.578 seconds
Domain Reload Profiling: 787ms
	BeginReloadAssembly (70ms)
		ExecutionOrderSort (0ms)
		DisableScriptedObjects (3ms)
		BackupInstance (0ms)
		ReleaseScriptingObjects (0ms)
		CreateAndSetChildDomain (20ms)
	RebuildCommonClasses (21ms)
	RebuildNativeTypeToScriptingClass (8ms)
	initialDomainReloadingComplete (12ms)
	LoadAllAssembliesAndSetupDomain (97ms)
		LoadAssemblies (116ms)
		RebuildTransferFunctionScriptingTraits (0ms)
		AnalyzeDomain (9ms)
			TypeCache.Refresh (5ms)
				TypeCache.ScanAssembly (0ms)
			ScanForSourceGeneratedMonoScriptInfo (0ms)
			ResolveRequiredComponents (3ms)
	FinalizeReload (578ms)
		ReleaseScriptCaches (0ms)
		RebuildScriptCaches (0ms)
		SetupLoadedEditorAssemblies (202ms)
			LogAssemblyErrors (0ms)
			InitializePlatformSupportModulesInManaged (3ms)
			SetLoadedEditorAssemblies (2ms)
			RefreshPlugins (0ms)
			BeforeProcessingInitializeOnLoad (28ms)
			ProcessInitializeOnLoadAttributes (156ms)
			ProcessInitializeOnLoadMethodAttributes (12ms)
			AfterProcessingInitializeOnLoad (1ms)
			EditorAssembliesLoaded (0ms)
		ExecutionOrderSort2 (0ms)
		AwakeInstancesAfterBackupRestoration (2ms)
Refreshing native plugins compatible for Editor in 0.83 ms, found 3 plugins.
Preloading 0 native plugins for Editor in 0.00 ms.
Unloading 2959 Unused Serialized files (Serialized files now loaded: 0)
Unloading 14 unused Assets / (28.6 KB). Loaded Objects now: 3472.
Memory consumption went from 187.8 MB to 187.8 MB.
Total: 2.791625 ms (FindLiveObjects: 0.118208 ms CreateObjectMapping: 0.058083 ms MarkObjects: 2.569958 ms  DeleteObjects: 0.044333 ms)

Prepare: number of updated asset objects reloaded= 0
AssetImportParameters requested are different than current active one (requested -> active):
  custom:container-demuxer-ogg: 62fdf1f143b41e24485cea50d1cbac27 -> 
  custom:video-decoder-ogg-theora: a1e56fd34408186e4bbccfd4996cb3dc -> 
  custom:scripting/monoscript/fileName/NewBehaviourScript.cs: b21687ddb03d73bd9f0c1daecb9714de -> 
  custom:CustomObjectIndexerAttribute: 9a22284fe3817be447336de3de66b15e -> 
  custom:container-demuxer-webm: 4f35f7cbe854078d1ac9338744f61a02 -> 
  custom:container-muxer-webm: aa71ff27fc2769a1b78a27578f13a17b -> 
  custom:video-decoder-webm-vp8: 9c59270c3fd7afecdb556c50c9e8de78 -> 
  custom:SearchIndexIgnoredProperties: e643bd26f0fe6173181afceb89e7c659 -> 
  custom:AudioImporter_EditorPlatform: 3918e3fc78b5a79bad01e8451be0beb8 -> 
  custom:scripting/monoscript/fileName/DojoMove.cs: f8c6c934a3065aa4afaead1f80b93146 -> 
  custom:framework-osx-AVFoundation: e770b220cccbd017edd2c1fefb359320 -> 
  custom:video-encoder-webm-vp8: eb34c28f22e8b96e1ab97ce403110664 -> 
  custom:audio-decoder-ogg-vorbis: bf7c407c2cedff20999df2af8eb42d56 -> 
  custom:audio-encoder-webm-vorbis: bf7c407c2cedff20999df2af8eb42d56 -> 
  custom:scripting/precompiled-assembly-types:Assembly-CSharp: 0e2abadc0996decca3d80b43762f919a -> 6032c0c933c699fe27c13914a3aaee66
========================================================================
Received Prepare
Caller must complete domain reload
Begin MonoManager ReloadAssembly
Thread 0x16dd5f000 may have been prematurely finalized
- Loaded All Assemblies, in  0.207 seconds
Native extension for WindowsStandalone target not found
Native extension for OSXStandalone target not found
Mono: successfully reloaded assembly
- Finished resetting the current domain, in  0.569 seconds
Domain Reload Profiling: 776ms
	BeginReloadAssembly (69ms)
		ExecutionOrderSort (0ms)
		DisableScriptedObjects (3ms)
		BackupInstance (0ms)
		ReleaseScriptingObjects (0ms)
		CreateAndSetChildDomain (20ms)
	RebuildCommonClasses (21ms)
	RebuildNativeTypeToScriptingClass (8ms)
	initialDomainReloadingComplete (12ms)
	LoadAllAssembliesAndSetupDomain (97ms)
		LoadAssemblies (115ms)
		RebuildTransferFunctionScriptingTraits (0ms)
		AnalyzeDomain (9ms)
			TypeCache.Refresh (5ms)
				TypeCache.ScanAssembly (0ms)
			ScanForSourceGeneratedMonoScriptInfo (0ms)
			ResolveRequiredComponents (3ms)
	FinalizeReload (569ms)
		ReleaseScriptCaches (0ms)
		RebuildScriptCaches (0ms)
		SetupLoadedEditorAssemblies (201ms)
			LogAssemblyErrors (0ms)
			InitializePlatformSupportModulesInManaged (3ms)
			SetLoadedEditorAssemblies (2ms)
			RefreshPlugins (0ms)
			BeforeProcessingInitializeOnLoad (28ms)
			ProcessInitializeOnLoadAttributes (155ms)
			ProcessInitializeOnLoadMethodAttributes (12ms)
			AfterProcessingInitializeOnLoad (1ms)
			EditorAssembliesLoaded (0ms)
		ExecutionOrderSort2 (0ms)
		AwakeInstancesAfterBackupRestoration (2ms)
Refreshing native plugins compatible for Editor in 0.90 ms, found 3 plugins.
Preloading 0 native plugins for Editor in 0.00 ms.
Unloading 2959 Unused Serialized files (Serialized files now loaded: 0)
Unloading 14 unused Assets / (28.6 KB). Loaded Objects now: 3475.
Memory consumption went from 192.9 MB to 192.9 MB.
Total: 2.425583 ms (FindLiveObjects: 0.117209 ms CreateObjectMapping: 0.055291 ms MarkObjects: 2.228584 ms  DeleteObjects: 0.024166 ms)

Prepare: number of updated asset objects reloaded= 0
AssetImportParameters requested are different than current active one (requested -> active):
  custom:container-demuxer-ogg: 62fdf1f143b41e24485cea50d1cbac27 -> 
  custom:video-decoder-ogg-theora: a1e56fd34408186e4bbccfd4996cb3dc -> 
  custom:scripting/monoscript/fileName/NewBehaviourScript.cs: b21687ddb03d73bd9f0c1daecb9714de -> 
  custom:CustomObjectIndexerAttribute: 9a22284fe3817be447336de3de66b15e -> 
  custom:container-demuxer-webm: 4f35f7cbe854078d1ac9338744f61a02 -> 
  custom:container-muxer-webm: aa71ff27fc2769a1b78a27578f13a17b -> 
  custom:video-decoder-webm-vp8: 9c59270c3fd7afecdb556c50c9e8de78 -> 
  custom:SearchIndexIgnoredProperties: e643bd26f0fe6173181afceb89e7c659 -> 
  custom:AudioImporter_EditorPlatform: 3918e3fc78b5a79bad01e8451be0beb8 -> 
  custom:scripting/monoscript/fileName/DojoMove.cs: f8c6c934a3065aa4afaead1f80b93146 -> 
  custom:framework-osx-AVFoundation: e770b220cccbd017edd2c1fefb359320 -> 
  custom:video-encoder-webm-vp8: eb34c28f22e8b96e1ab97ce403110664 -> 
  custom:audio-decoder-ogg-vorbis: bf7c407c2cedff20999df2af8eb42d56 -> 
  custom:audio-encoder-webm-vorbis: bf7c407c2cedff20999df2af8eb42d56 -> 
  custom:scripting/precompiled-assembly-types:Assembly-CSharp: 0e2abadc0996decca3d80b43762f919a -> 6032c0c933c699fe27c13914a3aaee66
========================================================================
Received Prepare
Caller must complete domain reload
Begin MonoManager ReloadAssembly
Thread 0x16dd5f000 may have been prematurely finalized
- Loaded All Assemblies, in  0.193 seconds
Native extension for WindowsStandalone target not found
Native extension for OSXStandalone target not found
Mono: successfully reloaded assembly
- Finished resetting the current domain, in  0.545 seconds
Domain Reload Profiling: 739ms
	BeginReloadAssembly (69ms)
		ExecutionOrderSort (0ms)
		DisableScriptedObjects (3ms)
		BackupInstance (0ms)
		ReleaseScriptingObjects (0ms)
		CreateAndSetChildDomain (20ms)
	RebuildCommonClasses (21ms)
	RebuildNativeTypeToScriptingClass (8ms)
	initialDomainReloadingComplete (12ms)
	LoadAllAssembliesAndSetupDomain (83ms)
		LoadAssemblies (100ms)
		RebuildTransferFunctionScriptingTraits (0ms)
		AnalyzeDomain (10ms)
			TypeCache.Refresh (5ms)
				TypeCache.ScanAssembly (0ms)
			ScanForSourceGeneratedMonoScriptInfo (0ms)
			ResolveRequiredComponents (3ms)
	FinalizeReload (546ms)
		ReleaseScriptCaches (0ms)
		RebuildScriptCaches (0ms)
		SetupLoadedEditorAssemblies (206ms)
			LogAssemblyErrors (0ms)
			InitializePlatformSupportModulesInManaged (3ms)
			SetLoadedEditorAssemblies (2ms)
			RefreshPlugins (0ms)
			BeforeProcessingInitializeOnLoad (29ms)
			ProcessInitializeOnLoadAttributes (159ms)
			ProcessInitializeOnLoadMethodAttributes (12ms)
			AfterProcessingInitializeOnLoad (1ms)
			EditorAssembliesLoaded (0ms)
		ExecutionOrderSort2 (0ms)
		AwakeInstancesAfterBackupRestoration (2ms)
Refreshing native plugins compatible for Editor in 0.84 ms, found 3 plugins.
Preloading 0 native plugins for Editor in 0.00 ms.
Unloading 2959 Unused Serialized files (Serialized files now loaded: 0)
Unloading 14 unused Assets / (28.6 KB). Loaded Objects now: 3478.
Memory consumption went from 198.0 MB to 198.0 MB.
Total: 2.640666 ms (FindLiveObjects: 0.121250 ms CreateObjectMapping: 0.057334 ms MarkObjects: 2.415416 ms  DeleteObjects: 0.046125 ms)

Prepare: number of updated asset objects reloaded= 0
AssetImportParameters requested are different than current active one (requested -> active):
  custom:container-demuxer-ogg: 62fdf1f143b41e24485cea50d1cbac27 -> 
  custom:video-decoder-ogg-theora: a1e56fd34408186e4bbccfd4996cb3dc -> 
  custom:scripting/monoscript/fileName/NewBehaviourScript.cs: b21687ddb03d73bd9f0c1daecb9714de -> 
  custom:CustomObjectIndexerAttribute: 9a22284fe3817be447336de3de66b15e -> 
  custom:container-demuxer-webm: 4f35f7cbe854078d1ac9338744f61a02 -> 
  custom:container-muxer-webm: aa71ff27fc2769a1b78a27578f13a17b -> 
  custom:video-decoder-webm-vp8: 9c59270c3fd7afecdb556c50c9e8de78 -> 
  custom:SearchIndexIgnoredProperties: e643bd26f0fe6173181afceb89e7c659 -> 
  custom:AudioImporter_EditorPlatform: 3918e3fc78b5a79bad01e8451be0beb8 -> 
  custom:scripting/monoscript/fileName/DojoMove.cs: f8c6c934a3065aa4afaead1f80b93146 -> 
  custom:framework-osx-AVFoundation: e770b220cccbd017edd2c1fefb359320 -> 
  custom:video-encoder-webm-vp8: eb34c28f22e8b96e1ab97ce403110664 -> 
  custom:audio-decoder-ogg-vorbis: bf7c407c2cedff20999df2af8eb42d56 -> 
  custom:audio-encoder-webm-vorbis: bf7c407c2cedff20999df2af8eb42d56 -> 
  custom:scripting/precompiled-assembly-types:Assembly-CSharp: 0e2abadc0996decca3d80b43762f919a -> 6032c0c933c699fe27c13914a3aaee66
========================================================================
Received Prepare
Caller must complete domain reload
Begin MonoManager ReloadAssembly
Thread 0x16dd5f000 may have been prematurely finalized
- Loaded All Assemblies, in  0.267 seconds
Native extension for WindowsStandalone target not found
Native extension for OSXStandalone target not found
Mono: successfully reloaded assembly
- Finished resetting the current domain, in  0.558 seconds
Domain Reload Profiling: 826ms
	BeginReloadAssembly (83ms)
		ExecutionOrderSort (0ms)
		DisableScriptedObjects (3ms)
		BackupInstance (0ms)
		ReleaseScriptingObjects (0ms)
		CreateAndSetChildDomain (25ms)
	RebuildCommonClasses (22ms)
	RebuildNativeTypeToScriptingClass (8ms)
	initialDomainReloadingComplete (13ms)
	LoadAllAssembliesAndSetupDomain (141ms)
		LoadAssemblies (154ms)
		RebuildTransferFunctionScriptingTraits (0ms)
		AnalyzeDomain (19ms)
			TypeCache.Refresh (10ms)
				TypeCache.ScanAssembly (1ms)
			ScanForSourceGeneratedMonoScriptInfo (4ms)
			ResolveRequiredComponents (4ms)
	FinalizeReload (558ms)
		ReleaseScriptCaches (0ms)
		RebuildScriptCaches (0ms)
		SetupLoadedEditorAssemblies (195ms)
			LogAssemblyErrors (0ms)
			InitializePlatformSupportModulesInManaged (4ms)
			SetLoadedEditorAssemblies (3ms)
			RefreshPlugins (0ms)
			BeforeProcessingInitializeOnLoad (30ms)
			ProcessInitializeOnLoadAttributes (147ms)
			ProcessInitializeOnLoadMethodAttributes (11ms)
			AfterProcessingInitializeOnLoad (1ms)
			EditorAssembliesLoaded (0ms)
		ExecutionOrderSort2 (0ms)
		AwakeInstancesAfterBackupRestoration (2ms)
Refreshing native plugins compatible for Editor in 0.80 ms, found 3 plugins.
Preloading 0 native plugins for Editor in 0.00 ms.
Unloading 3006 Unused Serialized files (Serialized files now loaded: 0)
Unloading 27 unused Assets / (0.6 MB). Loaded Objects now: 3515.
Memory consumption went from 207.7 MB to 207.1 MB.
Total: 2.422958 ms (FindLiveObjects: 0.108208 ms CreateObjectMapping: 0.046459 ms MarkObjects: 2.045459 ms  DeleteObjects: 0.222208 ms)

Prepare: number of updated asset objects reloaded= 0
AssetImportParameters requested are different than current active one (requested -> active):
  custom:scripting/monoscript/fileName/SkewTextExample.cs: c142d02d70a129e0533975f7c2f96956 -> 
  custom:container-demuxer-ogg: 62fdf1f143b41e24485cea50d1cbac27 -> 
  custom:scripting/monoscript/fileName/TMP_TextEventHandler.cs: f5cd9d5a43bfefc8f4fec80e6de896a4 -> 
  custom:scripting/monoscript/fileName/TextMeshProFloatingText.cs: 92608fa4a6315cd0786d82205e77b697 -> 
  custom:scripting/monoscript/fileName/VertexZoom.cs: 650ab1e81d40126e3edcf737cce646e4 -> 
  custom:scripting/monoscript/fileName/VertexShakeA.cs: 63ec564c588058369499638dd899e05b -> 
  custom:scripting/monoscript/fileName/TMP_ExampleScript_01.cs: a9d4be556104ff54e7d240529b3e01dc -> 
  custom:video-decoder-ogg-theora: a1e56fd34408186e4bbccfd4996cb3dc -> 
  custom:scripting/monoscript/fileName/TMP_TextEventCheck.cs: 13505d917eab5868c435e0c2986dadfa -> 
  custom:scripting/monoscript/fileName/TMP_TextSelector_B.cs: ba2be21a7486d37b1011342977a2e49d -> 
  custom:scripting/monoscript/fileName/Benchmark01.cs: 2d3e2cd961730ab95f139a49a673bace -> 
  custom:scripting/monoscript/fileName/NewBehaviourScript.cs: b21687ddb03d73bd9f0c1daecb9714de -> 
  custom:scripting/monoscript/fileName/Benchmark02.cs: 5640963252ce70910e726415f869ced6 -> 
  custom:scripting/monoscript/fileName/DropdownSample.cs: 0a92251794e5f10400149f96c3c59e5d -> 
  custom:scripting/monoscript/fileName/WarpTextExample.cs: 2663459c266363641981c7d17b698d7f -> 
  custom:CustomObjectIndexerAttribute: 9a22284fe3817be447336de3de66b15e -> 
  custom:container-demuxer-webm: 4f35f7cbe854078d1ac9338744f61a02 -> 
  custom:scripting/monoscript/fileName/ChatController.cs: 876d5ccae6e345dd5d9450eb0a748f16 -> 
  custom:scripting/monoscript/fileName/TextMeshSpawner.cs: 76f28e2ddb031571e6ec62b018f65fa8 -> 
  custom:scripting/monoscript/fileName/TeleType.cs: 31fa97821c4c70f157ec81d507aa6b62 -> 
  custom:scripting/monoscript/fileName/Benchmark04.cs: 32220b148620e52aa81c13a114862bf4 -> 
  custom:container-muxer-webm: aa71ff27fc2769a1b78a27578f13a17b -> 
  custom:video-decoder-webm-vp8: 9c59270c3fd7afecdb556c50c9e8de78 -> 
  custom:scripting/monoscript/fileName/TMP_PhoneNumberValidator.cs: 7c3049f481e464c6a9a15dee56c3126f -> 
  custom:SearchIndexIgnoredProperties: e643bd26f0fe6173181afceb89e7c659 -> 
  custom:AudioImporter_EditorPlatform: 3918e3fc78b5a79bad01e8451be0beb8 -> 
  custom:scripting/monoscript/fileName/EnvMapAnimator.cs: 1b4f61c17e4b7283c3ac351aacff9d26 -> 
  custom:scripting/monoscript/fileName/ShaderPropAnimator.cs: 55ce425812446482e623ff2695c94cb2 -> 
  custom:scripting/monoscript/fileName/SimpleScript.cs: 454caab0c6c050f29b39d82e1d66d0fa -> 
  custom:scripting/monoscript/fileName/ObjectSpin.cs: 2b96bb2079dd7fa5108d981627a28e1e -> 
  custom:scripting/monoscript/fileName/DojoMove.cs: f8c6c934a3065aa4afaead1f80b93146 -> 
  custom:scripting/monoscript/fileName/CameraController.cs: 34b6be4e23ce86dc89786916c5983296 -> 
  custom:scripting/monoscript/fileName/TMP_TextInfoDebugTool.cs: 3f1709cfb2cc628169113a35b5e9be3f -> 
  custom:framework-osx-AVFoundation: e770b220cccbd017edd2c1fefb359320 -> 
  custom:scripting/monoscript/fileName/TMP_TextSelector_A.cs: 347309a09d56e367b188a6978f75b424 -> 
  custom:video-encoder-webm-vp8: eb34c28f22e8b96e1ab97ce403110664 -> 
  custom:audio-decoder-ogg-vorbis: bf7c407c2cedff20999df2af8eb42d56 -> 
  custom:scripting/monoscript/fileName/VertexJitter.cs: d27eb5498e48714a66aece98da065133 -> 
  custom:scripting/monoscript/fileName/TextConsoleSimulator.cs: 33fc311abb20b5b0ed8f00e4d86b574e -> 
  custom:scripting/monoscript/fileName/VertexColorCycler.cs: 5f984ca91cf3609293aecc6bc5641572 -> 
  custom:scripting/monoscript/fileName/TMP_FrameRateCounter.cs: 46f655df8cb483ac5958307137b1585a -> 
  custom:scripting/monoscript/fileName/VertexShakeB.cs: a6f78c4fcda1a29a1a1c1baefedba9e7 -> 
  custom:scripting/monoscript/fileName/TMP_UiFrameRateCounter.cs: b01021aea19247f14a98ab338907956a -> 
  custom:scripting/monoscript/fileName/TMPro_InstructionOverlay.cs: b626d2270e6ebd5c4311585c18b58d8d -> 
  custom:scripting/monoscript/fileName/TMP_DigitValidator.cs: ac02af96215ae3951a3cce9e1a8c6085 -> 
  custom:audio-encoder-webm-vorbis: bf7c407c2cedff20999df2af8eb42d56 -> 
  custom:scripting/monoscript/fileName/Benchmark01_UGUI.cs: 6148cfe2627b7708298f301788144139 -> 
  custom:scripting/precompiled-assembly-types:Assembly-CSharp: daf18d2ea309e8c41a8d5a484ed8a6a7 -> 6032c0c933c699fe27c13914a3aaee66
  custom:scripting/monoscript/fileName/Benchmark03.cs: 17cc87e0529ac71d909a946afb47a274 -> 
========================================================================
Received Import Request.
  Time since last request: 253.796257 seconds.
  path: Assets/TextMesh Pro/Examples & Extras/Fonts/Bangers.ttf
  artifactKey: Guid(5dd49b3eacc540408c98eee0de38e0f1) Importer(815301076,1909f56bfc062723c751e8b465ee728b)
Start importing Assets/TextMesh Pro/Examples & Extras/Fonts/Bangers.ttf using Guid(5dd49b3eacc540408c98eee0de38e0f1) Importer(815301076,1909f56bfc062723c751e8b465ee728b) [PhysX] Initialized MultithreadedTaskDispatcher with 8 workers.
[PhysX] Initialized MultithreadedTaskDispatcher with 8 workers.
[PhysX] Initialized MultithreadedTaskDispatcher with 8 workers.
 -> (artifact id: '79bd78b8277b4430e4c58903622b6186') in 0.106063 seconds
Number of updated asset objects reloaded before import = 0
Number of asset objects unloaded after import = 4
========================================================================
Received Import Request.
  Time since last request: 66.888205 seconds.
  path: Assets/TextMesh Pro/Examples & Extras/Resources/Fonts & Materials/Bangers SDF.asset
  artifactKey: Guid(125cb55b44b24c4393181402bc6200e6) Importer(815301076,1909f56bfc062723c751e8b465ee728b)
Start importing Assets/TextMesh Pro/Examples & Extras/Resources/Fonts & Materials/Bangers SDF.asset using Guid(125cb55b44b24c4393181402bc6200e6) Importer(815301076,1909f56bfc062723c751e8b465ee728b) [PhysX] Initialized MultithreadedTaskDispatcher with 8 workers.
[PhysX] Initialized MultithreadedTaskDispatcher with 8 workers.
[PhysX] Initialized MultithreadedTaskDispatcher with 8 workers.
 -> (artifact id: 'e6f4efe4ba4e7a20f4b9caaa66f9afc6') in 0.089515 seconds
Number of updated asset objects reloaded before import = 0
Number of asset objects unloaded after import = 8
========================================================================
Received Import Request.
  Time since last request: 0.000035 seconds.
  path: Assets/TextMesh Pro/Examples & Extras/Resources/Fonts & Materials/Roboto-Bold SDF.asset
  artifactKey: Guid(5302535af1044152a457ed104f1f4b91) Importer(815301076,1909f56bfc062723c751e8b465ee728b)
Start importing Assets/TextMesh Pro/Examples & Extras/Resources/Fonts & Materials/Roboto-Bold SDF.asset using Guid(5302535af1044152a457ed104f1f4b91) Importer(815301076,1909f56bfc062723c751e8b465ee728b) [PhysX] Initialized MultithreadedTaskDispatcher with 8 workers.
[PhysX] Initialized MultithreadedTaskDispatcher with 8 workers.
[PhysX] Initialized MultithreadedTaskDispatcher with 8 workers.
 -> (artifact id: '203d8a752216c4facae85c85558bc9d1') in 0.051414 seconds
Number of updated asset objects reloaded before import = 0
Number of asset objects unloaded after import = 7
========================================================================
Received Prepare
Caller must complete domain reload
Begin MonoManager ReloadAssembly
Thread 0x16dd5f000 may have been prematurely finalized
- Loaded All Assemblies, in  0.298 seconds
Native extension for WindowsStandalone target not found
Native extension for OSXStandalone target not found
Mono: successfully reloaded assembly
- Finished resetting the current domain, in  0.578 seconds
Domain Reload Profiling: 876ms
	BeginReloadAssembly (99ms)
		ExecutionOrderSort (0ms)
		DisableScriptedObjects (2ms)
		BackupInstance (0ms)
		ReleaseScriptingObjects (0ms)
		CreateAndSetChildDomain (35ms)
	RebuildCommonClasses (23ms)
	RebuildNativeTypeToScriptingClass (8ms)
	initialDomainReloadingComplete (13ms)
	LoadAllAssembliesAndSetupDomain (156ms)
		LoadAssemblies (162ms)
		RebuildTransferFunctionScriptingTraits (0ms)
		AnalyzeDomain (25ms)
			TypeCache.Refresh (12ms)
				TypeCache.ScanAssembly (1ms)
			ScanForSourceGeneratedMonoScriptInfo (7ms)
			ResolveRequiredComponents (5ms)
	FinalizeReload (578ms)
		ReleaseScriptCaches (0ms)
		RebuildScriptCaches (0ms)
		SetupLoadedEditorAssemblies (210ms)
			LogAssemblyErrors (0ms)
			InitializePlatformSupportModulesInManaged (4ms)
			SetLoadedEditorAssemblies (2ms)
			RefreshPlugins (0ms)
			BeforeProcessingInitializeOnLoad (29ms)
			ProcessInitializeOnLoadAttributes (164ms)
			ProcessInitializeOnLoadMethodAttributes (11ms)
			AfterProcessingInitializeOnLoad (1ms)
			EditorAssembliesLoaded (0ms)
		ExecutionOrderSort2 (0ms)
		AwakeInstancesAfterBackupRestoration (3ms)
Refreshing native plugins compatible for Editor in 0.83 ms, found 3 plugins.
Preloading 0 native plugins for Editor in 0.00 ms.
Unloading 3006 Unused Serialized files (Serialized files now loaded: 0)
Unloading 25 unused Assets / (0.5 MB). Loaded Objects now: 3566.
Memory consumption went from 215.8 MB to 215.2 MB.
Total: 2.282500 ms (FindLiveObjects: 0.116375 ms CreateObjectMapping: 0.045916 ms MarkObjects: 1.928459 ms  DeleteObjects: 0.191083 ms)

Prepare: number of updated asset objects reloaded= 0
AssetImportParameters requested are different than current active one (requested -> active):
  custom:scripting/monoscript/fileName/SkewTextExample.cs: c142d02d70a129e0533975f7c2f96956 -> 
  custom:container-demuxer-ogg: 62fdf1f143b41e24485cea50d1cbac27 -> 
  custom:scripting/monoscript/fileName/TMP_TextEventHandler.cs: f5cd9d5a43bfefc8f4fec80e6de896a4 -> 
  custom:scripting/monoscript/fileName/TextMeshProFloatingText.cs: 92608fa4a6315cd0786d82205e77b697 -> 
  custom:scripting/monoscript/fileName/VertexZoom.cs: 650ab1e81d40126e3edcf737cce646e4 -> 
  custom:scripting/monoscript/fileName/VertexShakeA.cs: 63ec564c588058369499638dd899e05b -> 
  custom:scripting/monoscript/fileName/TMP_ExampleScript_01.cs: a9d4be556104ff54e7d240529b3e01dc -> 
  custom:video-decoder-ogg-theora: a1e56fd34408186e4bbccfd4996cb3dc -> 
  custom:scripting/monoscript/fileName/TMP_TextEventCheck.cs: 13505d917eab5868c435e0c2986dadfa -> 
  custom:scripting/monoscript/fileName/TMP_TextSelector_B.cs: ba2be21a7486d37b1011342977a2e49d -> 
  custom:scripting/monoscript/fileName/Benchmark01.cs: 2d3e2cd961730ab95f139a49a673bace -> 
  custom:scripting/monoscript/fileName/NewBehaviourScript.cs: b21687ddb03d73bd9f0c1daecb9714de -> 
  custom:scripting/monoscript/fileName/Benchmark02.cs: 5640963252ce70910e726415f869ced6 -> 
  custom:scripting/monoscript/fileName/DropdownSample.cs: 0a92251794e5f10400149f96c3c59e5d -> 
  custom:scripting/monoscript/fileName/WarpTextExample.cs: 2663459c266363641981c7d17b698d7f -> 
  custom:CustomObjectIndexerAttribute: 9a22284fe3817be447336de3de66b15e -> 
  custom:container-demuxer-webm: 4f35f7cbe854078d1ac9338744f61a02 -> 
  custom:scripting/monoscript/fileName/ChatController.cs: 876d5ccae6e345dd5d9450eb0a748f16 -> 
  custom:scripting/monoscript/fileName/TextMeshSpawner.cs: 76f28e2ddb031571e6ec62b018f65fa8 -> 
  custom:scripting/monoscript/fileName/TeleType.cs: 31fa97821c4c70f157ec81d507aa6b62 -> 
  custom:scripting/monoscript/fileName/Benchmark04.cs: 32220b148620e52aa81c13a114862bf4 -> 
  custom:scripting/monoscript/fileName/TextMove.cs: fbecd3f268374313100fa014bdf91c18 -> 
  custom:container-muxer-webm: aa71ff27fc2769a1b78a27578f13a17b -> 
  custom:video-decoder-webm-vp8: 9c59270c3fd7afecdb556c50c9e8de78 -> 
  custom:scripting/monoscript/fileName/TMP_PhoneNumberValidator.cs: 7c3049f481e464c6a9a15dee56c3126f -> 
  custom:SearchIndexIgnoredProperties: e643bd26f0fe6173181afceb89e7c659 -> 
  custom:AudioImporter_EditorPlatform: 3918e3fc78b5a79bad01e8451be0beb8 -> 
  custom:scripting/monoscript/fileName/EnvMapAnimator.cs: 1b4f61c17e4b7283c3ac351aacff9d26 -> 
  custom:scripting/monoscript/fileName/ShaderPropAnimator.cs: 55ce425812446482e623ff2695c94cb2 -> 
  custom:scripting/monoscript/fileName/SimpleScript.cs: 454caab0c6c050f29b39d82e1d66d0fa -> 
  custom:scripting/monoscript/fileName/ObjectSpin.cs: 2b96bb2079dd7fa5108d981627a28e1e -> 
  custom:scripting/monoscript/fileName/DojoMove.cs: f8c6c934a3065aa4afaead1f80b93146 -> 
  custom:scripting/monoscript/fileName/CameraController.cs: 34b6be4e23ce86dc89786916c5983296 -> 
  custom:scripting/monoscript/fileName/TMP_TextInfoDebugTool.cs: 3f1709cfb2cc628169113a35b5e9be3f -> 
  custom:framework-osx-AVFoundation: e770b220cccbd017edd2c1fefb359320 -> 
  custom:scripting/monoscript/fileName/TMP_TextSelector_A.cs: 347309a09d56e367b188a6978f75b424 -> 
  custom:video-encoder-webm-vp8: eb34c28f22e8b96e1ab97ce403110664 -> 
  custom:audio-decoder-ogg-vorbis: bf7c407c2cedff20999df2af8eb42d56 -> 
  custom:scripting/monoscript/fileName/VertexJitter.cs: d27eb5498e48714a66aece98da065133 -> 
  custom:scripting/monoscript/fileName/TextConsoleSimulator.cs: 33fc311abb20b5b0ed8f00e4d86b574e -> 
  custom:scripting/monoscript/fileName/VertexColorCycler.cs: 5f984ca91cf3609293aecc6bc5641572 -> 
  custom:scripting/monoscript/fileName/TMP_FrameRateCounter.cs: 46f655df8cb483ac5958307137b1585a -> 
  custom:scripting/monoscript/fileName/VertexShakeB.cs: a6f78c4fcda1a29a1a1c1baefedba9e7 -> 
  custom:scripting/monoscript/fileName/TMP_UiFrameRateCounter.cs: b01021aea19247f14a98ab338907956a -> 
  custom:scripting/monoscript/fileName/TMPro_InstructionOverlay.cs: b626d2270e6ebd5c4311585c18b58d8d -> 
  custom:scripting/monoscript/fileName/TMP_DigitValidator.cs: ac02af96215ae3951a3cce9e1a8c6085 -> 
  custom:audio-encoder-webm-vorbis: bf7c407c2cedff20999df2af8eb42d56 -> 
  custom:scripting/monoscript/fileName/Benchmark01_UGUI.cs: 6148cfe2627b7708298f301788144139 -> 
  custom:scripting/precompiled-assembly-types:Assembly-CSharp: f790cb251e65c6dd37e8b5a45f95a64b -> 6032c0c933c699fe27c13914a3aaee66
  custom:scripting/monoscript/fileName/Benchmark03.cs: 17cc87e0529ac71d909a946afb47a274 -> 
========================================================================
Received Import Request.
  Time since last request: 605.559247 seconds.
  path: Assets/Scenes/Introduction/IntroScripts/TextMove.cs
  artifactKey: Guid(a7be44732127a4b39aabde0ac8e1aab8) Importer(815301076,1909f56bfc062723c751e8b465ee728b)
Start importing Assets/Scenes/Introduction/IntroScripts/TextMove.cs using Guid(a7be44732127a4b39aabde0ac8e1aab8) Importer(815301076,1909f56bfc062723c751e8b465ee728b) [PhysX] Initialized MultithreadedTaskDispatcher with 8 workers.
 -> (artifact id: '1ccf977cb05f9ede6050a79afa18f71b') in 0.001002 seconds
Number of updated asset objects reloaded before import = 0
Number of asset objects unloaded after import = 0
========================================================================
Received Prepare
Caller must complete domain reload
Begin MonoManager ReloadAssembly
Thread 0x16dd5f000 may have been prematurely finalized
- Loaded All Assemblies, in  0.235 seconds
Native extension for WindowsStandalone target not found
Native extension for OSXStandalone target not found
Mono: successfully reloaded assembly
- Finished resetting the current domain, in  0.568 seconds
Domain Reload Profiling: 804ms
	BeginReloadAssembly (75ms)
		ExecutionOrderSort (0ms)
		DisableScriptedObjects (3ms)
		BackupInstance (0ms)
		ReleaseScriptingObjects (0ms)
		CreateAndSetChildDomain (22ms)
	RebuildCommonClasses (21ms)
	RebuildNativeTypeToScriptingClass (8ms)
	initialDomainReloadingComplete (12ms)
	LoadAllAssembliesAndSetupDomain (120ms)
		LoadAssemblies (132ms)
		RebuildTransferFunctionScriptingTraits (0ms)
		AnalyzeDomain (17ms)
			TypeCache.Refresh (8ms)
				TypeCache.ScanAssembly (1ms)
			ScanForSourceGeneratedMonoScriptInfo (4ms)
			ResolveRequiredComponents (3ms)
	FinalizeReload (568ms)
		ReleaseScriptCaches (0ms)
		RebuildScriptCaches (0ms)
		SetupLoadedEditorAssemblies (196ms)
			LogAssemblyErrors (0ms)
			InitializePlatformSupportModulesInManaged (3ms)
			SetLoadedEditorAssemblies (2ms)
			RefreshPlugins (0ms)
			BeforeProcessingInitializeOnLoad (29ms)
			ProcessInitializeOnLoadAttributes (150ms)
			ProcessInitializeOnLoadMethodAttributes (11ms)
			AfterProcessingInitializeOnLoad (1ms)
			EditorAssembliesLoaded (0ms)
		ExecutionOrderSort2 (0ms)
		AwakeInstancesAfterBackupRestoration (3ms)
Refreshing native plugins compatible for Editor in 0.76 ms, found 3 plugins.
Preloading 0 native plugins for Editor in 0.00 ms.
Unloading 3004 Unused Serialized files (Serialized files now loaded: 0)
Unloading 25 unused Assets / (0.5 MB). Loaded Objects now: 3569.
Memory consumption went from 220.5 MB to 220.0 MB.
Total: 2.349458 ms (FindLiveObjects: 0.115750 ms CreateObjectMapping: 0.049291 ms MarkObjects: 1.982417 ms  DeleteObjects: 0.201250 ms)

Prepare: number of updated asset objects reloaded= 0
AssetImportParameters requested are different than current active one (requested -> active):
  custom:scripting/monoscript/fileName/SkewTextExample.cs: c142d02d70a129e0533975f7c2f96956 -> 
  custom:container-demuxer-ogg: 62fdf1f143b41e24485cea50d1cbac27 -> 
  custom:scripting/monoscript/fileName/TMP_TextEventHandler.cs: f5cd9d5a43bfefc8f4fec80e6de896a4 -> 
  custom:scripting/monoscript/fileName/TextMeshProFloatingText.cs: 92608fa4a6315cd0786d82205e77b697 -> 
  custom:scripting/monoscript/fileName/VertexZoom.cs: 650ab1e81d40126e3edcf737cce646e4 -> 
  custom:scripting/monoscript/fileName/VertexShakeA.cs: 63ec564c588058369499638dd899e05b -> 
  custom:scripting/monoscript/fileName/TMP_ExampleScript_01.cs: a9d4be556104ff54e7d240529b3e01dc -> 
  custom:video-decoder-ogg-theora: a1e56fd34408186e4bbccfd4996cb3dc -> 
  custom:scripting/monoscript/fileName/TMP_TextEventCheck.cs: 13505d917eab5868c435e0c2986dadfa -> 
  custom:scripting/monoscript/fileName/TMP_TextSelector_B.cs: ba2be21a7486d37b1011342977a2e49d -> 
  custom:scripting/monoscript/fileName/Benchmark01.cs: 2d3e2cd961730ab95f139a49a673bace -> 
  custom:scripting/monoscript/fileName/NewBehaviourScript.cs: b21687ddb03d73bd9f0c1daecb9714de -> 
  custom:scripting/monoscript/fileName/Benchmark02.cs: 5640963252ce70910e726415f869ced6 -> 
  custom:scripting/monoscript/fileName/DropdownSample.cs: 0a92251794e5f10400149f96c3c59e5d -> 
  custom:scripting/monoscript/fileName/WarpTextExample.cs: 2663459c266363641981c7d17b698d7f -> 
  custom:CustomObjectIndexerAttribute: 9a22284fe3817be447336de3de66b15e -> 
  custom:container-demuxer-webm: 4f35f7cbe854078d1ac9338744f61a02 -> 
  custom:scripting/monoscript/fileName/ChatController.cs: 876d5ccae6e345dd5d9450eb0a748f16 -> 
  custom:scripting/monoscript/fileName/TextMeshSpawner.cs: 76f28e2ddb031571e6ec62b018f65fa8 -> 
  custom:scripting/monoscript/fileName/TeleType.cs: 31fa97821c4c70f157ec81d507aa6b62 -> 
  custom:scripting/monoscript/fileName/Benchmark04.cs: 32220b148620e52aa81c13a114862bf4 -> 
  custom:scripting/monoscript/fileName/TextMove.cs: fbecd3f268374313100fa014bdf91c18 -> 
  custom:container-muxer-webm: aa71ff27fc2769a1b78a27578f13a17b -> 
  custom:video-decoder-webm-vp8: 9c59270c3fd7afecdb556c50c9e8de78 -> 
  custom:scripting/monoscript/fileName/TMP_PhoneNumberValidator.cs: 7c3049f481e464c6a9a15dee56c3126f -> 
  custom:SearchIndexIgnoredProperties: e643bd26f0fe6173181afceb89e7c659 -> 
  custom:AudioImporter_EditorPlatform: 3918e3fc78b5a79bad01e8451be0beb8 -> 
  custom:scripting/monoscript/fileName/EnvMapAnimator.cs: 1b4f61c17e4b7283c3ac351aacff9d26 -> 
  custom:scripting/monoscript/fileName/ShaderPropAnimator.cs: 55ce425812446482e623ff2695c94cb2 -> 
  custom:scripting/monoscript/fileName/SimpleScript.cs: 454caab0c6c050f29b39d82e1d66d0fa -> 
  custom:scripting/monoscript/fileName/ObjectSpin.cs: 2b96bb2079dd7fa5108d981627a28e1e -> 
  custom:scripting/monoscript/fileName/DojoMove.cs: f8c6c934a3065aa4afaead1f80b93146 -> 
  custom:scripting/monoscript/fileName/CameraController.cs: 34b6be4e23ce86dc89786916c5983296 -> 
  custom:scripting/monoscript/fileName/TMP_TextInfoDebugTool.cs: 3f1709cfb2cc628169113a35b5e9be3f -> 
  custom:framework-osx-AVFoundation: e770b220cccbd017edd2c1fefb359320 -> 
  custom:scripting/monoscript/fileName/TMP_TextSelector_A.cs: 347309a09d56e367b188a6978f75b424 -> 
  custom:video-encoder-webm-vp8: eb34c28f22e8b96e1ab97ce403110664 -> 
  custom:audio-decoder-ogg-vorbis: bf7c407c2cedff20999df2af8eb42d56 -> 
  custom:scripting/monoscript/fileName/VertexJitter.cs: d27eb5498e48714a66aece98da065133 -> 
  custom:scripting/monoscript/fileName/TextConsoleSimulator.cs: 33fc311abb20b5b0ed8f00e4d86b574e -> 
  custom:scripting/monoscript/fileName/VertexColorCycler.cs: 5f984ca91cf3609293aecc6bc5641572 -> 
  custom:scripting/monoscript/fileName/TMP_FrameRateCounter.cs: 46f655df8cb483ac5958307137b1585a -> 
  custom:scripting/monoscript/fileName/VertexShakeB.cs: a6f78c4fcda1a29a1a1c1baefedba9e7 -> 
  custom:scripting/monoscript/fileName/TMP_UiFrameRateCounter.cs: b01021aea19247f14a98ab338907956a -> 
  custom:scripting/monoscript/fileName/TMPro_InstructionOverlay.cs: b626d2270e6ebd5c4311585c18b58d8d -> 
  custom:scripting/monoscript/fileName/TMP_DigitValidator.cs: ac02af96215ae3951a3cce9e1a8c6085 -> 
  custom:audio-encoder-webm-vorbis: bf7c407c2cedff20999df2af8eb42d56 -> 
  custom:scripting/monoscript/fileName/Benchmark01_UGUI.cs: 6148cfe2627b7708298f301788144139 -> 
  custom:scripting/precompiled-assembly-types:Assembly-CSharp: 1fc1bef9b9d749fbe7c651c2d10de0d9 -> 6032c0c933c699fe27c13914a3aaee66
  custom:scripting/monoscript/fileName/Benchmark03.cs: 17cc87e0529ac71d909a946afb47a274 -> 
========================================================================
Received Prepare
Caller must complete domain reload
Begin MonoManager ReloadAssembly
Thread 0x16dd5f000 may have been prematurely finalized
- Loaded All Assemblies, in  0.213 seconds
Native extension for WindowsStandalone target not found
Native extension for OSXStandalone target not found
Mono: successfully reloaded assembly
- Finished resetting the current domain, in  0.517 seconds
Domain Reload Profiling: 731ms
	BeginReloadAssembly (72ms)
		ExecutionOrderSort (0ms)
		DisableScriptedObjects (3ms)
		BackupInstance (0ms)
		ReleaseScriptingObjects (0ms)
		CreateAndSetChildDomain (21ms)
	RebuildCommonClasses (21ms)
	RebuildNativeTypeToScriptingClass (8ms)
	initialDomainReloadingComplete (12ms)
	LoadAllAssembliesAndSetupDomain (100ms)
		LoadAssemblies (117ms)
		RebuildTransferFunctionScriptingTraits (0ms)
		AnalyzeDomain (10ms)
			TypeCache.Refresh (5ms)
				TypeCache.ScanAssembly (0ms)
			ScanForSourceGeneratedMonoScriptInfo (0ms)
			ResolveRequiredComponents (3ms)
	FinalizeReload (518ms)
		ReleaseScriptCaches (0ms)
		RebuildScriptCaches (0ms)
		SetupLoadedEditorAssemblies (214ms)
			LogAssemblyErrors (0ms)
			InitializePlatformSupportModulesInManaged (4ms)
			SetLoadedEditorAssemblies (3ms)
			RefreshPlugins (0ms)
			BeforeProcessingInitializeOnLoad (31ms)
			ProcessInitializeOnLoadAttributes (163ms)
			ProcessInitializeOnLoadMethodAttributes (12ms)
			AfterProcessingInitializeOnLoad (1ms)
			EditorAssembliesLoaded (0ms)
		ExecutionOrderSort2 (0ms)
		AwakeInstancesAfterBackupRestoration (2ms)
Refreshing native plugins compatible for Editor in 0.79 ms, found 3 plugins.
Preloading 0 native plugins for Editor in 0.00 ms.
Unloading 3005 Unused Serialized files (Serialized files now loaded: 0)
Unloading 25 unused Assets / (0.6 MB). Loaded Objects now: 3572.
Memory consumption went from 225.9 MB to 225.4 MB.
Total: 2.887792 ms (FindLiveObjects: 0.139916 ms CreateObjectMapping: 0.064125 ms MarkObjects: 2.327125 ms  DeleteObjects: 0.355625 ms)

Prepare: number of updated asset objects reloaded= 0
AssetImportParameters requested are different than current active one (requested -> active):
  custom:scripting/monoscript/fileName/SkewTextExample.cs: c142d02d70a129e0533975f7c2f96956 -> 
  custom:container-demuxer-ogg: 62fdf1f143b41e24485cea50d1cbac27 -> 
  custom:scripting/monoscript/fileName/TMP_TextEventHandler.cs: f5cd9d5a43bfefc8f4fec80e6de896a4 -> 
  custom:scripting/monoscript/fileName/TextMeshProFloatingText.cs: 92608fa4a6315cd0786d82205e77b697 -> 
  custom:scripting/monoscript/fileName/VertexZoom.cs: 650ab1e81d40126e3edcf737cce646e4 -> 
  custom:scripting/monoscript/fileName/VertexShakeA.cs: 63ec564c588058369499638dd899e05b -> 
  custom:scripting/monoscript/fileName/TMP_ExampleScript_01.cs: a9d4be556104ff54e7d240529b3e01dc -> 
  custom:video-decoder-ogg-theora: a1e56fd34408186e4bbccfd4996cb3dc -> 
  custom:scripting/monoscript/fileName/TMP_TextEventCheck.cs: 13505d917eab5868c435e0c2986dadfa -> 
  custom:scripting/monoscript/fileName/TMP_TextSelector_B.cs: ba2be21a7486d37b1011342977a2e49d -> 
  custom:scripting/monoscript/fileName/Benchmark01.cs: 2d3e2cd961730ab95f139a49a673bace -> 
  custom:scripting/monoscript/fileName/NewBehaviourScript.cs: b21687ddb03d73bd9f0c1daecb9714de -> 
  custom:scripting/monoscript/fileName/Benchmark02.cs: 5640963252ce70910e726415f869ced6 -> 
  custom:scripting/monoscript/fileName/DropdownSample.cs: 0a92251794e5f10400149f96c3c59e5d -> 
  custom:scripting/monoscript/fileName/WarpTextExample.cs: 2663459c266363641981c7d17b698d7f -> 
  custom:CustomObjectIndexerAttribute: 9a22284fe3817be447336de3de66b15e -> 
  custom:container-demuxer-webm: 4f35f7cbe854078d1ac9338744f61a02 -> 
  custom:scripting/monoscript/fileName/ChatController.cs: 876d5ccae6e345dd5d9450eb0a748f16 -> 
  custom:scripting/monoscript/fileName/TextMeshSpawner.cs: 76f28e2ddb031571e6ec62b018f65fa8 -> 
  custom:scripting/monoscript/fileName/TeleType.cs: 31fa97821c4c70f157ec81d507aa6b62 -> 
  custom:scripting/monoscript/fileName/Benchmark04.cs: 32220b148620e52aa81c13a114862bf4 -> 
  custom:scripting/monoscript/fileName/TextMove.cs: fbecd3f268374313100fa014bdf91c18 -> 
  custom:container-muxer-webm: aa71ff27fc2769a1b78a27578f13a17b -> 
  custom:video-decoder-webm-vp8: 9c59270c3fd7afecdb556c50c9e8de78 -> 
  custom:scripting/monoscript/fileName/TMP_PhoneNumberValidator.cs: 7c3049f481e464c6a9a15dee56c3126f -> 
  custom:SearchIndexIgnoredProperties: e643bd26f0fe6173181afceb89e7c659 -> 
  custom:AudioImporter_EditorPlatform: 3918e3fc78b5a79bad01e8451be0beb8 -> 
  custom:scripting/monoscript/fileName/EnvMapAnimator.cs: 1b4f61c17e4b7283c3ac351aacff9d26 -> 
  custom:scripting/monoscript/fileName/ShaderPropAnimator.cs: 55ce425812446482e623ff2695c94cb2 -> 
  custom:scripting/monoscript/fileName/SimpleScript.cs: 454caab0c6c050f29b39d82e1d66d0fa -> 
  custom:scripting/monoscript/fileName/ObjectSpin.cs: 2b96bb2079dd7fa5108d981627a28e1e -> 
  custom:scripting/monoscript/fileName/DojoMove.cs: f8c6c934a3065aa4afaead1f80b93146 -> 
  custom:scripting/monoscript/fileName/CameraController.cs: 34b6be4e23ce86dc89786916c5983296 -> 
  custom:scripting/monoscript/fileName/TMP_TextInfoDebugTool.cs: 3f1709cfb2cc628169113a35b5e9be3f -> 
  custom:framework-osx-AVFoundation: e770b220cccbd017edd2c1fefb359320 -> 
  custom:scripting/monoscript/fileName/TMP_TextSelector_A.cs: 347309a09d56e367b188a6978f75b424 -> 
  custom:video-encoder-webm-vp8: eb34c28f22e8b96e1ab97ce403110664 -> 
  custom:audio-decoder-ogg-vorbis: bf7c407c2cedff20999df2af8eb42d56 -> 
  custom:scripting/monoscript/fileName/VertexJitter.cs: d27eb5498e48714a66aece98da065133 -> 
  custom:scripting/monoscript/fileName/TextConsoleSimulator.cs: 33fc311abb20b5b0ed8f00e4d86b574e -> 
  custom:scripting/monoscript/fileName/VertexColorCycler.cs: 5f984ca91cf3609293aecc6bc5641572 -> 
  custom:scripting/monoscript/fileName/TMP_FrameRateCounter.cs: 46f655df8cb483ac5958307137b1585a -> 
  custom:scripting/monoscript/fileName/VertexShakeB.cs: a6f78c4fcda1a29a1a1c1baefedba9e7 -> 
  custom:scripting/monoscript/fileName/TMP_UiFrameRateCounter.cs: b01021aea19247f14a98ab338907956a -> 
  custom:scripting/monoscript/fileName/TMPro_InstructionOverlay.cs: b626d2270e6ebd5c4311585c18b58d8d -> 
  custom:scripting/monoscript/fileName/TMP_DigitValidator.cs: ac02af96215ae3951a3cce9e1a8c6085 -> 
  custom:audio-encoder-webm-vorbis: bf7c407c2cedff20999df2af8eb42d56 -> 
  custom:scripting/monoscript/fileName/Benchmark01_UGUI.cs: 6148cfe2627b7708298f301788144139 -> 
  custom:scripting/precompiled-assembly-types:Assembly-CSharp: 1fc1bef9b9d749fbe7c651c2d10de0d9 -> 6032c0c933c699fe27c13914a3aaee66
  custom:scripting/monoscript/fileName/Benchmark03.cs: 17cc87e0529ac71d909a946afb47a274 -> 
========================================================================
Received Prepare
Caller must complete domain reload
Begin MonoManager ReloadAssembly
Thread 0x16dd5f000 may have been prematurely finalized
- Loaded All Assemblies, in  0.213 seconds
Native extension for WindowsStandalone target not found
Native extension for OSXStandalone target not found
Mono: successfully reloaded assembly
- Finished resetting the current domain, in  0.585 seconds
Domain Reload Profiling: 799ms
	BeginReloadAssembly (71ms)
		ExecutionOrderSort (0ms)
		DisableScriptedObjects (3ms)
		BackupInstance (0ms)
		ReleaseScriptingObjects (0ms)
		CreateAndSetChildDomain (20ms)
	RebuildCommonClasses (22ms)
	RebuildNativeTypeToScriptingClass (8ms)
	initialDomainReloadingComplete (12ms)
	LoadAllAssembliesAndSetupDomain (102ms)
		LoadAssemblies (119ms)
		RebuildTransferFunctionScriptingTraits (0ms)
		AnalyzeDomain (9ms)
			TypeCache.Refresh (5ms)
				TypeCache.ScanAssembly (0ms)
			ScanForSourceGeneratedMonoScriptInfo (0ms)
			ResolveRequiredComponents (4ms)
	FinalizeReload (586ms)
		ReleaseScriptCaches (0ms)
		RebuildScriptCaches (0ms)
		SetupLoadedEditorAssemblies (216ms)
			LogAssemblyErrors (0ms)
			InitializePlatformSupportModulesInManaged (4ms)
			SetLoadedEditorAssemblies (3ms)
			RefreshPlugins (0ms)
			BeforeProcessingInitializeOnLoad (31ms)
			ProcessInitializeOnLoadAttributes (165ms)
			ProcessInitializeOnLoadMethodAttributes (12ms)
			AfterProcessingInitializeOnLoad (1ms)
			EditorAssembliesLoaded (0ms)
		ExecutionOrderSort2 (0ms)
		AwakeInstancesAfterBackupRestoration (2ms)
Refreshing native plugins compatible for Editor in 0.90 ms, found 3 plugins.
Preloading 0 native plugins for Editor in 0.00 ms.
Unloading 3005 Unused Serialized files (Serialized files now loaded: 0)
Unloading 25 unused Assets / (0.6 MB). Loaded Objects now: 3575.
Memory consumption went from 231.0 MB to 230.5 MB.
Total: 3.104667 ms (FindLiveObjects: 0.199125 ms CreateObjectMapping: 0.083333 ms MarkObjects: 2.449417 ms  DeleteObjects: 0.371667 ms)

Prepare: number of updated asset objects reloaded= 0
AssetImportParameters requested are different than current active one (requested -> active):
  custom:scripting/monoscript/fileName/SkewTextExample.cs: c142d02d70a129e0533975f7c2f96956 -> 
  custom:container-demuxer-ogg: 62fdf1f143b41e24485cea50d1cbac27 -> 
  custom:scripting/monoscript/fileName/TMP_TextEventHandler.cs: f5cd9d5a43bfefc8f4fec80e6de896a4 -> 
  custom:scripting/monoscript/fileName/TextMeshProFloatingText.cs: 92608fa4a6315cd0786d82205e77b697 -> 
  custom:scripting/monoscript/fileName/VertexZoom.cs: 650ab1e81d40126e3edcf737cce646e4 -> 
  custom:scripting/monoscript/fileName/VertexShakeA.cs: 63ec564c588058369499638dd899e05b -> 
  custom:scripting/monoscript/fileName/TMP_ExampleScript_01.cs: a9d4be556104ff54e7d240529b3e01dc -> 
  custom:video-decoder-ogg-theora: a1e56fd34408186e4bbccfd4996cb3dc -> 
  custom:scripting/monoscript/fileName/TMP_TextEventCheck.cs: 13505d917eab5868c435e0c2986dadfa -> 
  custom:scripting/monoscript/fileName/TMP_TextSelector_B.cs: ba2be21a7486d37b1011342977a2e49d -> 
  custom:scripting/monoscript/fileName/Benchmark01.cs: 2d3e2cd961730ab95f139a49a673bace -> 
  custom:scripting/monoscript/fileName/NewBehaviourScript.cs: b21687ddb03d73bd9f0c1daecb9714de -> 
  custom:scripting/monoscript/fileName/Benchmark02.cs: 5640963252ce70910e726415f869ced6 -> 
  custom:scripting/monoscript/fileName/DropdownSample.cs: 0a92251794e5f10400149f96c3c59e5d -> 
  custom:scripting/monoscript/fileName/WarpTextExample.cs: 2663459c266363641981c7d17b698d7f -> 
  custom:CustomObjectIndexerAttribute: 9a22284fe3817be447336de3de66b15e -> 
  custom:container-demuxer-webm: 4f35f7cbe854078d1ac9338744f61a02 -> 
  custom:scripting/monoscript/fileName/ChatController.cs: 876d5ccae6e345dd5d9450eb0a748f16 -> 
  custom:scripting/monoscript/fileName/TextMeshSpawner.cs: 76f28e2ddb031571e6ec62b018f65fa8 -> 
  custom:scripting/monoscript/fileName/TeleType.cs: 31fa97821c4c70f157ec81d507aa6b62 -> 
  custom:scripting/monoscript/fileName/Benchmark04.cs: 32220b148620e52aa81c13a114862bf4 -> 
  custom:scripting/monoscript/fileName/TextMove.cs: fbecd3f268374313100fa014bdf91c18 -> 
  custom:container-muxer-webm: aa71ff27fc2769a1b78a27578f13a17b -> 
  custom:video-decoder-webm-vp8: 9c59270c3fd7afecdb556c50c9e8de78 -> 
  custom:scripting/monoscript/fileName/TMP_PhoneNumberValidator.cs: 7c3049f481e464c6a9a15dee56c3126f -> 
  custom:SearchIndexIgnoredProperties: e643bd26f0fe6173181afceb89e7c659 -> 
  custom:AudioImporter_EditorPlatform: 3918e3fc78b5a79bad01e8451be0beb8 -> 
  custom:scripting/monoscript/fileName/EnvMapAnimator.cs: 1b4f61c17e4b7283c3ac351aacff9d26 -> 
  custom:scripting/monoscript/fileName/ShaderPropAnimator.cs: 55ce425812446482e623ff2695c94cb2 -> 
  custom:scripting/monoscript/fileName/SimpleScript.cs: 454caab0c6c050f29b39d82e1d66d0fa -> 
  custom:scripting/monoscript/fileName/ObjectSpin.cs: 2b96bb2079dd7fa5108d981627a28e1e -> 
  custom:scripting/monoscript/fileName/DojoMove.cs: f8c6c934a3065aa4afaead1f80b93146 -> 
  custom:scripting/monoscript/fileName/CameraController.cs: 34b6be4e23ce86dc89786916c5983296 -> 
  custom:scripting/monoscript/fileName/TMP_TextInfoDebugTool.cs: 3f1709cfb2cc628169113a35b5e9be3f -> 
  custom:framework-osx-AVFoundation: e770b220cccbd017edd2c1fefb359320 -> 
  custom:scripting/monoscript/fileName/TMP_TextSelector_A.cs: 347309a09d56e367b188a6978f75b424 -> 
  custom:video-encoder-webm-vp8: eb34c28f22e8b96e1ab97ce403110664 -> 
  custom:audio-decoder-ogg-vorbis: bf7c407c2cedff20999df2af8eb42d56 -> 
  custom:scripting/monoscript/fileName/VertexJitter.cs: d27eb5498e48714a66aece98da065133 -> 
  custom:scripting/monoscript/fileName/TextConsoleSimulator.cs: 33fc311abb20b5b0ed8f00e4d86b574e -> 
  custom:scripting/monoscript/fileName/VertexColorCycler.cs: 5f984ca91cf3609293aecc6bc5641572 -> 
  custom:scripting/monoscript/fileName/TMP_FrameRateCounter.cs: 46f655df8cb483ac5958307137b1585a -> 
  custom:scripting/monoscript/fileName/VertexShakeB.cs: a6f78c4fcda1a29a1a1c1baefedba9e7 -> 
  custom:scripting/monoscript/fileName/TMP_UiFrameRateCounter.cs: b01021aea19247f14a98ab338907956a -> 
  custom:scripting/monoscript/fileName/TMPro_InstructionOverlay.cs: b626d2270e6ebd5c4311585c18b58d8d -> 
  custom:scripting/monoscript/fileName/TMP_DigitValidator.cs: ac02af96215ae3951a3cce9e1a8c6085 -> 
  custom:audio-encoder-webm-vorbis: bf7c407c2cedff20999df2af8eb42d56 -> 
  custom:scripting/monoscript/fileName/Benchmark01_UGUI.cs: 6148cfe2627b7708298f301788144139 -> 
  custom:scripting/precompiled-assembly-types:Assembly-CSharp: 1fc1bef9b9d749fbe7c651c2d10de0d9 -> 6032c0c933c699fe27c13914a3aaee66
  custom:scripting/monoscript/fileName/Benchmark03.cs: 17cc87e0529ac71d909a946afb47a274 -> 
========================================================================
Received Prepare
Caller must complete domain reload
Begin MonoManager ReloadAssembly
Thread 0x16dd5f000 may have been prematurely finalized
- Loaded All Assemblies, in  0.201 seconds
Native extension for WindowsStandalone target not found
Native extension for OSXStandalone target not found
Mono: successfully reloaded assembly
- Finished resetting the current domain, in  0.395 seconds
Domain Reload Profiling: 596ms
	BeginReloadAssembly (72ms)
		ExecutionOrderSort (0ms)
		DisableScriptedObjects (3ms)
		BackupInstance (0ms)
		ReleaseScriptingObjects (0ms)
		CreateAndSetChildDomain (21ms)
	RebuildCommonClasses (21ms)
	RebuildNativeTypeToScriptingClass (8ms)
	initialDomainReloadingComplete (12ms)
	LoadAllAssembliesAndSetupDomain (88ms)
		LoadAssemblies (105ms)
		RebuildTransferFunctionScriptingTraits (0ms)
		AnalyzeDomain (10ms)
			TypeCache.Refresh (6ms)
				TypeCache.ScanAssembly (0ms)
			ScanForSourceGeneratedMonoScriptInfo (0ms)
			ResolveRequiredComponents (4ms)
	FinalizeReload (395ms)
		ReleaseScriptCaches (0ms)
		RebuildScriptCaches (0ms)
		SetupLoadedEditorAssemblies (214ms)
			LogAssemblyErrors (0ms)
			InitializePlatformSupportModulesInManaged (4ms)
			SetLoadedEditorAssemblies (3ms)
			RefreshPlugins (0ms)
			BeforeProcessingInitializeOnLoad (30ms)
			ProcessInitializeOnLoadAttributes (165ms)
			ProcessInitializeOnLoadMethodAttributes (12ms)
			AfterProcessingInitializeOnLoad (1ms)
			EditorAssembliesLoaded (0ms)
		ExecutionOrderSort2 (0ms)
		AwakeInstancesAfterBackupRestoration (2ms)
Refreshing native plugins compatible for Editor in 0.85 ms, found 3 plugins.
Preloading 0 native plugins for Editor in 0.00 ms.
Unloading 3005 Unused Serialized files (Serialized files now loaded: 0)
Unloading 25 unused Assets / (0.6 MB). Loaded Objects now: 3578.
Memory consumption went from 236.1 MB to 235.6 MB.
Total: 2.982375 ms (FindLiveObjects: 0.131875 ms CreateObjectMapping: 0.055458 ms MarkObjects: 2.431459 ms  DeleteObjects: 0.363166 ms)

Prepare: number of updated asset objects reloaded= 0
AssetImportParameters requested are different than current active one (requested -> active):
  custom:scripting/monoscript/fileName/SkewTextExample.cs: c142d02d70a129e0533975f7c2f96956 -> 
  custom:container-demuxer-ogg: 62fdf1f143b41e24485cea50d1cbac27 -> 
  custom:scripting/monoscript/fileName/TMP_TextEventHandler.cs: f5cd9d5a43bfefc8f4fec80e6de896a4 -> 
  custom:scripting/monoscript/fileName/TextMeshProFloatingText.cs: 92608fa4a6315cd0786d82205e77b697 -> 
  custom:scripting/monoscript/fileName/VertexZoom.cs: 650ab1e81d40126e3edcf737cce646e4 -> 
  custom:scripting/monoscript/fileName/VertexShakeA.cs: 63ec564c588058369499638dd899e05b -> 
  custom:scripting/monoscript/fileName/TMP_ExampleScript_01.cs: a9d4be556104ff54e7d240529b3e01dc -> 
  custom:video-decoder-ogg-theora: a1e56fd34408186e4bbccfd4996cb3dc -> 
  custom:scripting/monoscript/fileName/TMP_TextEventCheck.cs: 13505d917eab5868c435e0c2986dadfa -> 
  custom:scripting/monoscript/fileName/TMP_TextSelector_B.cs: ba2be21a7486d37b1011342977a2e49d -> 
  custom:scripting/monoscript/fileName/Benchmark01.cs: 2d3e2cd961730ab95f139a49a673bace -> 
  custom:scripting/monoscript/fileName/NewBehaviourScript.cs: b21687ddb03d73bd9f0c1daecb9714de -> 
  custom:scripting/monoscript/fileName/Benchmark02.cs: 5640963252ce70910e726415f869ced6 -> 
  custom:scripting/monoscript/fileName/DropdownSample.cs: 0a92251794e5f10400149f96c3c59e5d -> 
  custom:scripting/monoscript/fileName/WarpTextExample.cs: 2663459c266363641981c7d17b698d7f -> 
  custom:CustomObjectIndexerAttribute: 9a22284fe3817be447336de3de66b15e -> 
  custom:container-demuxer-webm: 4f35f7cbe854078d1ac9338744f61a02 -> 
  custom:scripting/monoscript/fileName/ChatController.cs: 876d5ccae6e345dd5d9450eb0a748f16 -> 
  custom:scripting/monoscript/fileName/TextMeshSpawner.cs: 76f28e2ddb031571e6ec62b018f65fa8 -> 
  custom:scripting/monoscript/fileName/TeleType.cs: 31fa97821c4c70f157ec81d507aa6b62 -> 
  custom:scripting/monoscript/fileName/Benchmark04.cs: 32220b148620e52aa81c13a114862bf4 -> 
  custom:scripting/monoscript/fileName/TextMove.cs: fbecd3f268374313100fa014bdf91c18 -> 
  custom:container-muxer-webm: aa71ff27fc2769a1b78a27578f13a17b -> 
  custom:video-decoder-webm-vp8: 9c59270c3fd7afecdb556c50c9e8de78 -> 
  custom:scripting/monoscript/fileName/TMP_PhoneNumberValidator.cs: 7c3049f481e464c6a9a15dee56c3126f -> 
  custom:SearchIndexIgnoredProperties: e643bd26f0fe6173181afceb89e7c659 -> 
  custom:AudioImporter_EditorPlatform: 3918e3fc78b5a79bad01e8451be0beb8 -> 
  custom:scripting/monoscript/fileName/EnvMapAnimator.cs: 1b4f61c17e4b7283c3ac351aacff9d26 -> 
  custom:scripting/monoscript/fileName/ShaderPropAnimator.cs: 55ce425812446482e623ff2695c94cb2 -> 
  custom:scripting/monoscript/fileName/SimpleScript.cs: 454caab0c6c050f29b39d82e1d66d0fa -> 
  custom:scripting/monoscript/fileName/ObjectSpin.cs: 2b96bb2079dd7fa5108d981627a28e1e -> 
  custom:scripting/monoscript/fileName/DojoMove.cs: f8c6c934a3065aa4afaead1f80b93146 -> 
  custom:scripting/monoscript/fileName/CameraController.cs: 34b6be4e23ce86dc89786916c5983296 -> 
  custom:scripting/monoscript/fileName/TMP_TextInfoDebugTool.cs: 3f1709cfb2cc628169113a35b5e9be3f -> 
  custom:framework-osx-AVFoundation: e770b220cccbd017edd2c1fefb359320 -> 
  custom:scripting/monoscript/fileName/TMP_TextSelector_A.cs: 347309a09d56e367b188a6978f75b424 -> 
  custom:video-encoder-webm-vp8: eb34c28f22e8b96e1ab97ce403110664 -> 
  custom:audio-decoder-ogg-vorbis: bf7c407c2cedff20999df2af8eb42d56 -> 
  custom:scripting/monoscript/fileName/VertexJitter.cs: d27eb5498e48714a66aece98da065133 -> 
  custom:scripting/monoscript/fileName/TextConsoleSimulator.cs: 33fc311abb20b5b0ed8f00e4d86b574e -> 
  custom:scripting/monoscript/fileName/VertexColorCycler.cs: 5f984ca91cf3609293aecc6bc5641572 -> 
  custom:scripting/monoscript/fileName/TMP_FrameRateCounter.cs: 46f655df8cb483ac5958307137b1585a -> 
  custom:scripting/monoscript/fileName/VertexShakeB.cs: a6f78c4fcda1a29a1a1c1baefedba9e7 -> 
  custom:scripting/monoscript/fileName/TMP_UiFrameRateCounter.cs: b01021aea19247f14a98ab338907956a -> 
  custom:scripting/monoscript/fileName/TMPro_InstructionOverlay.cs: b626d2270e6ebd5c4311585c18b58d8d -> 
  custom:scripting/monoscript/fileName/TMP_DigitValidator.cs: ac02af96215ae3951a3cce9e1a8c6085 -> 
  custom:audio-encoder-webm-vorbis: bf7c407c2cedff20999df2af8eb42d56 -> 
  custom:scripting/monoscript/fileName/Benchmark01_UGUI.cs: 6148cfe2627b7708298f301788144139 -> 
  custom:scripting/precompiled-assembly-types:Assembly-CSharp: 1fc1bef9b9d749fbe7c651c2d10de0d9 -> 6032c0c933c699fe27c13914a3aaee66
  custom:scripting/monoscript/fileName/Benchmark03.cs: 17cc87e0529ac71d909a946afb47a274 -> 
========================================================================
Received Prepare
Caller must complete domain reload
Begin MonoManager ReloadAssembly
Thread 0x16dd5f000 may have been prematurely finalized
- Loaded All Assemblies, in  0.231 seconds
Native extension for WindowsStandalone target not found
Native extension for OSXStandalone target not found
Mono: successfully reloaded assembly
- Finished resetting the current domain, in  0.595 seconds
Domain Reload Profiling: 826ms
	BeginReloadAssembly (70ms)
		ExecutionOrderSort (0ms)
		DisableScriptedObjects (3ms)
		BackupInstance (0ms)
		ReleaseScriptingObjects (0ms)
		CreateAndSetChildDomain (21ms)
	RebuildCommonClasses (21ms)
	RebuildNativeTypeToScriptingClass (8ms)
	initialDomainReloadingComplete (12ms)
	LoadAllAssembliesAndSetupDomain (120ms)
		LoadAssemblies (134ms)
		RebuildTransferFunctionScriptingTraits (0ms)
		AnalyzeDomain (11ms)
			TypeCache.Refresh (7ms)
				TypeCache.ScanAssembly (0ms)
			ScanForSourceGeneratedMonoScriptInfo (0ms)
			ResolveRequiredComponents (4ms)
	FinalizeReload (595ms)
		ReleaseScriptCaches (0ms)
		RebuildScriptCaches (0ms)
		SetupLoadedEditorAssemblies (216ms)
			LogAssemblyErrors (0ms)
			InitializePlatformSupportModulesInManaged (4ms)
			SetLoadedEditorAssemblies (3ms)
			RefreshPlugins (0ms)
			BeforeProcessingInitializeOnLoad (31ms)
			ProcessInitializeOnLoadAttributes (165ms)
			ProcessInitializeOnLoadMethodAttributes (12ms)
			AfterProcessingInitializeOnLoad (1ms)
			EditorAssembliesLoaded (0ms)
		ExecutionOrderSort2 (0ms)
		AwakeInstancesAfterBackupRestoration (2ms)
Refreshing native plugins compatible for Editor in 0.80 ms, found 3 plugins.
Preloading 0 native plugins for Editor in 0.00 ms.
Unloading 3005 Unused Serialized files (Serialized files now loaded: 0)
Unloading 25 unused Assets / (0.6 MB). Loaded Objects now: 3581.
Memory consumption went from 241.3 MB to 240.7 MB.
Total: 2.689958 ms (FindLiveObjects: 0.158792 ms CreateObjectMapping: 0.066500 ms MarkObjects: 2.248750 ms  DeleteObjects: 0.215333 ms)

Prepare: number of updated asset objects reloaded= 0
AssetImportParameters requested are different than current active one (requested -> active):
  custom:scripting/monoscript/fileName/SkewTextExample.cs: c142d02d70a129e0533975f7c2f96956 -> 
  custom:container-demuxer-ogg: 62fdf1f143b41e24485cea50d1cbac27 -> 
  custom:scripting/monoscript/fileName/TMP_TextEventHandler.cs: f5cd9d5a43bfefc8f4fec80e6de896a4 -> 
  custom:scripting/monoscript/fileName/TextMeshProFloatingText.cs: 92608fa4a6315cd0786d82205e77b697 -> 
  custom:scripting/monoscript/fileName/VertexZoom.cs: 650ab1e81d40126e3edcf737cce646e4 -> 
  custom:scripting/monoscript/fileName/VertexShakeA.cs: 63ec564c588058369499638dd899e05b -> 
  custom:scripting/monoscript/fileName/TMP_ExampleScript_01.cs: a9d4be556104ff54e7d240529b3e01dc -> 
  custom:video-decoder-ogg-theora: a1e56fd34408186e4bbccfd4996cb3dc -> 
  custom:scripting/monoscript/fileName/TMP_TextEventCheck.cs: 13505d917eab5868c435e0c2986dadfa -> 
  custom:scripting/monoscript/fileName/TMP_TextSelector_B.cs: ba2be21a7486d37b1011342977a2e49d -> 
  custom:scripting/monoscript/fileName/Benchmark01.cs: 2d3e2cd961730ab95f139a49a673bace -> 
  custom:scripting/monoscript/fileName/NewBehaviourScript.cs: b21687ddb03d73bd9f0c1daecb9714de -> 
  custom:scripting/monoscript/fileName/Benchmark02.cs: 5640963252ce70910e726415f869ced6 -> 
  custom:scripting/monoscript/fileName/DropdownSample.cs: 0a92251794e5f10400149f96c3c59e5d -> 
  custom:scripting/monoscript/fileName/WarpTextExample.cs: 2663459c266363641981c7d17b698d7f -> 
  custom:CustomObjectIndexerAttribute: 9a22284fe3817be447336de3de66b15e -> 
  custom:container-demuxer-webm: 4f35f7cbe854078d1ac9338744f61a02 -> 
  custom:scripting/monoscript/fileName/ChatController.cs: 876d5ccae6e345dd5d9450eb0a748f16 -> 
  custom:scripting/monoscript/fileName/TextMeshSpawner.cs: 76f28e2ddb031571e6ec62b018f65fa8 -> 
  custom:scripting/monoscript/fileName/TeleType.cs: 31fa97821c4c70f157ec81d507aa6b62 -> 
  custom:scripting/monoscript/fileName/Benchmark04.cs: 32220b148620e52aa81c13a114862bf4 -> 
  custom:scripting/monoscript/fileName/TextMove.cs: fbecd3f268374313100fa014bdf91c18 -> 
  custom:container-muxer-webm: aa71ff27fc2769a1b78a27578f13a17b -> 
  custom:video-decoder-webm-vp8: 9c59270c3fd7afecdb556c50c9e8de78 -> 
  custom:scripting/monoscript/fileName/TMP_PhoneNumberValidator.cs: 7c3049f481e464c6a9a15dee56c3126f -> 
  custom:SearchIndexIgnoredProperties: e643bd26f0fe6173181afceb89e7c659 -> 
  custom:AudioImporter_EditorPlatform: 3918e3fc78b5a79bad01e8451be0beb8 -> 
  custom:scripting/monoscript/fileName/EnvMapAnimator.cs: 1b4f61c17e4b7283c3ac351aacff9d26 -> 
  custom:scripting/monoscript/fileName/ShaderPropAnimator.cs: 55ce425812446482e623ff2695c94cb2 -> 
  custom:scripting/monoscript/fileName/SimpleScript.cs: 454caab0c6c050f29b39d82e1d66d0fa -> 
  custom:scripting/monoscript/fileName/ObjectSpin.cs: 2b96bb2079dd7fa5108d981627a28e1e -> 
  custom:scripting/monoscript/fileName/DojoMove.cs: f8c6c934a3065aa4afaead1f80b93146 -> 
  custom:scripting/monoscript/fileName/CameraController.cs: 34b6be4e23ce86dc89786916c5983296 -> 
  custom:scripting/monoscript/fileName/TMP_TextInfoDebugTool.cs: 3f1709cfb2cc628169113a35b5e9be3f -> 
  custom:framework-osx-AVFoundation: e770b220cccbd017edd2c1fefb359320 -> 
  custom:scripting/monoscript/fileName/TMP_TextSelector_A.cs: 347309a09d56e367b188a6978f75b424 -> 
  custom:video-encoder-webm-vp8: eb34c28f22e8b96e1ab97ce403110664 -> 
  custom:audio-decoder-ogg-vorbis: bf7c407c2cedff20999df2af8eb42d56 -> 
  custom:scripting/monoscript/fileName/VertexJitter.cs: d27eb5498e48714a66aece98da065133 -> 
  custom:scripting/monoscript/fileName/TextConsoleSimulator.cs: 33fc311abb20b5b0ed8f00e4d86b574e -> 
  custom:scripting/monoscript/fileName/VertexColorCycler.cs: 5f984ca91cf3609293aecc6bc5641572 -> 
  custom:scripting/monoscript/fileName/TMP_FrameRateCounter.cs: 46f655df8cb483ac5958307137b1585a -> 
  custom:scripting/monoscript/fileName/VertexShakeB.cs: a6f78c4fcda1a29a1a1c1baefedba9e7 -> 
  custom:scripting/monoscript/fileName/TMP_UiFrameRateCounter.cs: b01021aea19247f14a98ab338907956a -> 
  custom:scripting/monoscript/fileName/TMPro_InstructionOverlay.cs: b626d2270e6ebd5c4311585c18b58d8d -> 
  custom:scripting/monoscript/fileName/TMP_DigitValidator.cs: ac02af96215ae3951a3cce9e1a8c6085 -> 
  custom:audio-encoder-webm-vorbis: bf7c407c2cedff20999df2af8eb42d56 -> 
  custom:scripting/monoscript/fileName/Benchmark01_UGUI.cs: 6148cfe2627b7708298f301788144139 -> 
  custom:scripting/precompiled-assembly-types:Assembly-CSharp: 1fc1bef9b9d749fbe7c651c2d10de0d9 -> 6032c0c933c699fe27c13914a3aaee66
  custom:scripting/monoscript/fileName/Benchmark03.cs: 17cc87e0529ac71d909a946afb47a274 -> 
========================================================================
Received Prepare
Caller must complete domain reload
Begin MonoManager ReloadAssembly
Thread 0x16dd5f000 may have been prematurely finalized
- Loaded All Assemblies, in  0.232 seconds
Native extension for WindowsStandalone target not found
Native extension for OSXStandalone target not found
Mono: successfully reloaded assembly
- Finished resetting the current domain, in  0.559 seconds
Domain Reload Profiling: 791ms
	BeginReloadAssembly (73ms)
		ExecutionOrderSort (0ms)
		DisableScriptedObjects (3ms)
		BackupInstance (0ms)
		ReleaseScriptingObjects (0ms)
		CreateAndSetChildDomain (22ms)
	RebuildCommonClasses (22ms)
	RebuildNativeTypeToScriptingClass (8ms)
	initialDomainReloadingComplete (12ms)
	LoadAllAssembliesAndSetupDomain (117ms)
		LoadAssemblies (130ms)
		RebuildTransferFunctionScriptingTraits (0ms)
		AnalyzeDomain (15ms)
			TypeCache.Refresh (7ms)
				TypeCache.ScanAssembly (1ms)
			ScanForSourceGeneratedMonoScriptInfo (4ms)
			ResolveRequiredComponents (3ms)
	FinalizeReload (559ms)
		ReleaseScriptCaches (0ms)
		RebuildScriptCaches (0ms)
		SetupLoadedEditorAssemblies (194ms)
			LogAssemblyErrors (0ms)
			InitializePlatformSupportModulesInManaged (3ms)
			SetLoadedEditorAssemblies (2ms)
			RefreshPlugins (0ms)
			BeforeProcessingInitializeOnLoad (28ms)
			ProcessInitializeOnLoadAttributes (149ms)
			ProcessInitializeOnLoadMethodAttributes (11ms)
			AfterProcessingInitializeOnLoad (1ms)
			EditorAssembliesLoaded (0ms)
		ExecutionOrderSort2 (0ms)
		AwakeInstancesAfterBackupRestoration (2ms)
Refreshing native plugins compatible for Editor in 0.75 ms, found 3 plugins.
Preloading 0 native plugins for Editor in 0.00 ms.
Unloading 3005 Unused Serialized files (Serialized files now loaded: 0)
Unloading 25 unused Assets / (0.6 MB). Loaded Objects now: 3584.
Memory consumption went from 246.4 MB to 245.8 MB.
Total: 2.362750 ms (FindLiveObjects: 0.119417 ms CreateObjectMapping: 0.047834 ms MarkObjects: 1.985916 ms  DeleteObjects: 0.208709 ms)

Prepare: number of updated asset objects reloaded= 0
AssetImportParameters requested are different than current active one (requested -> active):
  custom:scripting/monoscript/fileName/SkewTextExample.cs: c142d02d70a129e0533975f7c2f96956 -> 
  custom:container-demuxer-ogg: 62fdf1f143b41e24485cea50d1cbac27 -> 
  custom:scripting/monoscript/fileName/TMP_TextEventHandler.cs: f5cd9d5a43bfefc8f4fec80e6de896a4 -> 
  custom:scripting/monoscript/fileName/TextMeshProFloatingText.cs: 92608fa4a6315cd0786d82205e77b697 -> 
  custom:scripting/monoscript/fileName/VertexZoom.cs: 650ab1e81d40126e3edcf737cce646e4 -> 
  custom:scripting/monoscript/fileName/VertexShakeA.cs: 63ec564c588058369499638dd899e05b -> 
  custom:scripting/monoscript/fileName/TMP_ExampleScript_01.cs: a9d4be556104ff54e7d240529b3e01dc -> 
  custom:video-decoder-ogg-theora: a1e56fd34408186e4bbccfd4996cb3dc -> 
  custom:scripting/monoscript/fileName/TMP_TextEventCheck.cs: 13505d917eab5868c435e0c2986dadfa -> 
  custom:scripting/monoscript/fileName/TMP_TextSelector_B.cs: ba2be21a7486d37b1011342977a2e49d -> 
  custom:scripting/monoscript/fileName/Benchmark01.cs: 2d3e2cd961730ab95f139a49a673bace -> 
  custom:scripting/monoscript/fileName/NewBehaviourScript.cs: b21687ddb03d73bd9f0c1daecb9714de -> 
  custom:scripting/monoscript/fileName/Benchmark02.cs: 5640963252ce70910e726415f869ced6 -> 
  custom:scripting/monoscript/fileName/DropdownSample.cs: 0a92251794e5f10400149f96c3c59e5d -> 
  custom:scripting/monoscript/fileName/WarpTextExample.cs: 2663459c266363641981c7d17b698d7f -> 
  custom:CustomObjectIndexerAttribute: 9a22284fe3817be447336de3de66b15e -> 
  custom:container-demuxer-webm: 4f35f7cbe854078d1ac9338744f61a02 -> 
  custom:scripting/monoscript/fileName/ChatController.cs: 876d5ccae6e345dd5d9450eb0a748f16 -> 
  custom:scripting/monoscript/fileName/TextMeshSpawner.cs: 76f28e2ddb031571e6ec62b018f65fa8 -> 
  custom:scripting/monoscript/fileName/TeleType.cs: 31fa97821c4c70f157ec81d507aa6b62 -> 
  custom:scripting/monoscript/fileName/Benchmark04.cs: 32220b148620e52aa81c13a114862bf4 -> 
  custom:scripting/monoscript/fileName/TextMove.cs: fbecd3f268374313100fa014bdf91c18 -> 
  custom:container-muxer-webm: aa71ff27fc2769a1b78a27578f13a17b -> 
  custom:video-decoder-webm-vp8: 9c59270c3fd7afecdb556c50c9e8de78 -> 
  custom:scripting/monoscript/fileName/TMP_PhoneNumberValidator.cs: 7c3049f481e464c6a9a15dee56c3126f -> 
  custom:SearchIndexIgnoredProperties: e643bd26f0fe6173181afceb89e7c659 -> 
  custom:AudioImporter_EditorPlatform: 3918e3fc78b5a79bad01e8451be0beb8 -> 
  custom:scripting/monoscript/fileName/EnvMapAnimator.cs: 1b4f61c17e4b7283c3ac351aacff9d26 -> 
  custom:scripting/monoscript/fileName/ShaderPropAnimator.cs: 55ce425812446482e623ff2695c94cb2 -> 
  custom:scripting/monoscript/fileName/SimpleScript.cs: 454caab0c6c050f29b39d82e1d66d0fa -> 
  custom:scripting/monoscript/fileName/ObjectSpin.cs: 2b96bb2079dd7fa5108d981627a28e1e -> 
  custom:scripting/monoscript/fileName/DojoMove.cs: f8c6c934a3065aa4afaead1f80b93146 -> 
  custom:scripting/monoscript/fileName/CameraController.cs: 34b6be4e23ce86dc89786916c5983296 -> 
  custom:scripting/monoscript/fileName/TMP_TextInfoDebugTool.cs: 3f1709cfb2cc628169113a35b5e9be3f -> 
  custom:framework-osx-AVFoundation: e770b220cccbd017edd2c1fefb359320 -> 
  custom:scripting/monoscript/fileName/TMP_TextSelector_A.cs: 347309a09d56e367b188a6978f75b424 -> 
  custom:video-encoder-webm-vp8: eb34c28f22e8b96e1ab97ce403110664 -> 
  custom:audio-decoder-ogg-vorbis: bf7c407c2cedff20999df2af8eb42d56 -> 
  custom:scripting/monoscript/fileName/VertexJitter.cs: d27eb5498e48714a66aece98da065133 -> 
  custom:scripting/monoscript/fileName/TextConsoleSimulator.cs: 33fc311abb20b5b0ed8f00e4d86b574e -> 
  custom:scripting/monoscript/fileName/VertexColorCycler.cs: 5f984ca91cf3609293aecc6bc5641572 -> 
  custom:scripting/monoscript/fileName/TMP_FrameRateCounter.cs: 46f655df8cb483ac5958307137b1585a -> 
  custom:scripting/monoscript/fileName/VertexShakeB.cs: a6f78c4fcda1a29a1a1c1baefedba9e7 -> 
  custom:scripting/monoscript/fileName/TMP_UiFrameRateCounter.cs: b01021aea19247f14a98ab338907956a -> 
  custom:scripting/monoscript/fileName/TMPro_InstructionOverlay.cs: b626d2270e6ebd5c4311585c18b58d8d -> 
  custom:scripting/monoscript/fileName/TMP_DigitValidator.cs: ac02af96215ae3951a3cce9e1a8c6085 -> 
  custom:audio-encoder-webm-vorbis: bf7c407c2cedff20999df2af8eb42d56 -> 
  custom:scripting/monoscript/fileName/Benchmark01_UGUI.cs: 6148cfe2627b7708298f301788144139 -> 
  custom:scripting/precompiled-assembly-types:Assembly-CSharp: 1fc1bef9b9d749fbe7c651c2d10de0d9 -> 6032c0c933c699fe27c13914a3aaee66
  custom:scripting/monoscript/fileName/Benchmark03.cs: 17cc87e0529ac71d909a946afb47a274 -> 
========================================================================
Received Prepare
Caller must complete domain reload
Begin MonoManager ReloadAssembly
Thread 0x16dd5f000 may have been prematurely finalized
- Loaded All Assemblies, in  0.217 seconds
Native extension for WindowsStandalone target not found
Native extension for OSXStandalone target not found
Mono: successfully reloaded assembly
- Finished resetting the current domain, in  0.371 seconds
Domain Reload Profiling: 589ms
	BeginReloadAssembly (71ms)
		ExecutionOrderSort (0ms)
		DisableScriptedObjects (3ms)
		BackupInstance (0ms)
		ReleaseScriptingObjects (0ms)
		CreateAndSetChildDomain (21ms)
	RebuildCommonClasses (21ms)
	RebuildNativeTypeToScriptingClass (8ms)
	initialDomainReloadingComplete (13ms)
	LoadAllAssembliesAndSetupDomain (104ms)
		LoadAssemblies (120ms)
		RebuildTransferFunctionScriptingTraits (0ms)
		AnalyzeDomain (11ms)
			TypeCache.Refresh (6ms)
				TypeCache.ScanAssembly (0ms)
			ScanForSourceGeneratedMonoScriptInfo (0ms)
			ResolveRequiredComponents (4ms)
	FinalizeReload (372ms)
		ReleaseScriptCaches (0ms)
		RebuildScriptCaches (0ms)
		SetupLoadedEditorAssemblies (219ms)
			LogAssemblyErrors (0ms)
			InitializePlatformSupportModulesInManaged (4ms)
			SetLoadedEditorAssemblies (3ms)
			RefreshPlugins (0ms)
			BeforeProcessingInitializeOnLoad (32ms)
			ProcessInitializeOnLoadAttributes (167ms)
			ProcessInitializeOnLoadMethodAttributes (12ms)
			AfterProcessingInitializeOnLoad (1ms)
			EditorAssembliesLoaded (0ms)
		ExecutionOrderSort2 (0ms)
		AwakeInstancesAfterBackupRestoration (2ms)
Refreshing native plugins compatible for Editor in 0.84 ms, found 3 plugins.
Preloading 0 native plugins for Editor in 0.00 ms.
Unloading 3005 Unused Serialized files (Serialized files now loaded: 0)
Unloading 25 unused Assets / (0.5 MB). Loaded Objects now: 3587.
Memory consumption went from 251.5 MB to 250.9 MB.
Total: 3.007292 ms (FindLiveObjects: 0.128333 ms CreateObjectMapping: 0.066084 ms MarkObjects: 2.511458 ms  DeleteObjects: 0.301042 ms)

Prepare: number of updated asset objects reloaded= 0
AssetImportParameters requested are different than current active one (requested -> active):
  custom:scripting/monoscript/fileName/SkewTextExample.cs: c142d02d70a129e0533975f7c2f96956 -> 
  custom:container-demuxer-ogg: 62fdf1f143b41e24485cea50d1cbac27 -> 
  custom:scripting/monoscript/fileName/TMP_TextEventHandler.cs: f5cd9d5a43bfefc8f4fec80e6de896a4 -> 
  custom:scripting/monoscript/fileName/TextMeshProFloatingText.cs: 92608fa4a6315cd0786d82205e77b697 -> 
  custom:scripting/monoscript/fileName/VertexZoom.cs: 650ab1e81d40126e3edcf737cce646e4 -> 
  custom:scripting/monoscript/fileName/VertexShakeA.cs: 63ec564c588058369499638dd899e05b -> 
  custom:scripting/monoscript/fileName/TMP_ExampleScript_01.cs: a9d4be556104ff54e7d240529b3e01dc -> 
  custom:video-decoder-ogg-theora: a1e56fd34408186e4bbccfd4996cb3dc -> 
  custom:scripting/monoscript/fileName/TMP_TextEventCheck.cs: 13505d917eab5868c435e0c2986dadfa -> 
  custom:scripting/monoscript/fileName/TMP_TextSelector_B.cs: ba2be21a7486d37b1011342977a2e49d -> 
  custom:scripting/monoscript/fileName/Benchmark01.cs: 2d3e2cd961730ab95f139a49a673bace -> 
  custom:scripting/monoscript/fileName/NewBehaviourScript.cs: b21687ddb03d73bd9f0c1daecb9714de -> 
  custom:scripting/monoscript/fileName/Benchmark02.cs: 5640963252ce70910e726415f869ced6 -> 
  custom:scripting/monoscript/fileName/DropdownSample.cs: 0a92251794e5f10400149f96c3c59e5d -> 
  custom:scripting/monoscript/fileName/WarpTextExample.cs: 2663459c266363641981c7d17b698d7f -> 
  custom:CustomObjectIndexerAttribute: 9a22284fe3817be447336de3de66b15e -> 
  custom:container-demuxer-webm: 4f35f7cbe854078d1ac9338744f61a02 -> 
  custom:scripting/monoscript/fileName/ChatController.cs: 876d5ccae6e345dd5d9450eb0a748f16 -> 
  custom:scripting/monoscript/fileName/TextMeshSpawner.cs: 76f28e2ddb031571e6ec62b018f65fa8 -> 
  custom:scripting/monoscript/fileName/TeleType.cs: 31fa97821c4c70f157ec81d507aa6b62 -> 
  custom:scripting/monoscript/fileName/Benchmark04.cs: 32220b148620e52aa81c13a114862bf4 -> 
  custom:scripting/monoscript/fileName/TextMove.cs: fbecd3f268374313100fa014bdf91c18 -> 
  custom:container-muxer-webm: aa71ff27fc2769a1b78a27578f13a17b -> 
  custom:video-decoder-webm-vp8: 9c59270c3fd7afecdb556c50c9e8de78 -> 
  custom:scripting/monoscript/fileName/TMP_PhoneNumberValidator.cs: 7c3049f481e464c6a9a15dee56c3126f -> 
  custom:SearchIndexIgnoredProperties: e643bd26f0fe6173181afceb89e7c659 -> 
  custom:AudioImporter_EditorPlatform: 3918e3fc78b5a79bad01e8451be0beb8 -> 
  custom:scripting/monoscript/fileName/EnvMapAnimator.cs: 1b4f61c17e4b7283c3ac351aacff9d26 -> 
  custom:scripting/monoscript/fileName/ShaderPropAnimator.cs: 55ce425812446482e623ff2695c94cb2 -> 
  custom:scripting/monoscript/fileName/SimpleScript.cs: 454caab0c6c050f29b39d82e1d66d0fa -> 
  custom:scripting/monoscript/fileName/ObjectSpin.cs: 2b96bb2079dd7fa5108d981627a28e1e -> 
  custom:scripting/monoscript/fileName/DojoMove.cs: f8c6c934a3065aa4afaead1f80b93146 -> 
  custom:scripting/monoscript/fileName/CameraController.cs: 34b6be4e23ce86dc89786916c5983296 -> 
  custom:scripting/monoscript/fileName/TMP_TextInfoDebugTool.cs: 3f1709cfb2cc628169113a35b5e9be3f -> 
  custom:framework-osx-AVFoundation: e770b220cccbd017edd2c1fefb359320 -> 
  custom:scripting/monoscript/fileName/TMP_TextSelector_A.cs: 347309a09d56e367b188a6978f75b424 -> 
  custom:video-encoder-webm-vp8: eb34c28f22e8b96e1ab97ce403110664 -> 
  custom:audio-decoder-ogg-vorbis: bf7c407c2cedff20999df2af8eb42d56 -> 
  custom:scripting/monoscript/fileName/VertexJitter.cs: d27eb5498e48714a66aece98da065133 -> 
  custom:scripting/monoscript/fileName/TextConsoleSimulator.cs: 33fc311abb20b5b0ed8f00e4d86b574e -> 
  custom:scripting/monoscript/fileName/VertexColorCycler.cs: 5f984ca91cf3609293aecc6bc5641572 -> 
  custom:scripting/monoscript/fileName/TMP_FrameRateCounter.cs: 46f655df8cb483ac5958307137b1585a -> 
  custom:scripting/monoscript/fileName/VertexShakeB.cs: a6f78c4fcda1a29a1a1c1baefedba9e7 -> 
  custom:scripting/monoscript/fileName/TMP_UiFrameRateCounter.cs: b01021aea19247f14a98ab338907956a -> 
  custom:scripting/monoscript/fileName/TMPro_InstructionOverlay.cs: b626d2270e6ebd5c4311585c18b58d8d -> 
  custom:scripting/monoscript/fileName/TMP_DigitValidator.cs: ac02af96215ae3951a3cce9e1a8c6085 -> 
  custom:audio-encoder-webm-vorbis: bf7c407c2cedff20999df2af8eb42d56 -> 
  custom:scripting/monoscript/fileName/Benchmark01_UGUI.cs: 6148cfe2627b7708298f301788144139 -> 
  custom:scripting/precompiled-assembly-types:Assembly-CSharp: 1fc1bef9b9d749fbe7c651c2d10de0d9 -> 6032c0c933c699fe27c13914a3aaee66
  custom:scripting/monoscript/fileName/Benchmark03.cs: 17cc87e0529ac71d909a946afb47a274 -> 
========================================================================
Received Prepare
Caller must complete domain reload
Begin MonoManager ReloadAssembly
Thread 0x16dd5f000 may have been prematurely finalized
- Loaded All Assemblies, in  0.199 seconds
Native extension for WindowsStandalone target not found
Native extension for OSXStandalone target not found
Mono: successfully reloaded assembly
- Finished resetting the current domain, in  0.358 seconds
Domain Reload Profiling: 557ms
	BeginReloadAssembly (72ms)
		ExecutionOrderSort (0ms)
		DisableScriptedObjects (3ms)
		BackupInstance (0ms)
		ReleaseScriptingObjects (0ms)
		CreateAndSetChildDomain (21ms)
	RebuildCommonClasses (21ms)
	RebuildNativeTypeToScriptingClass (8ms)
	initialDomainReloadingComplete (12ms)
	LoadAllAssembliesAndSetupDomain (87ms)
		LoadAssemblies (104ms)
		RebuildTransferFunctionScriptingTraits (0ms)
		AnalyzeDomain (10ms)
			TypeCache.Refresh (5ms)
				TypeCache.ScanAssembly (0ms)
			ScanForSourceGeneratedMonoScriptInfo (0ms)
			ResolveRequiredComponents (3ms)
	FinalizeReload (358ms)
		ReleaseScriptCaches (0ms)
		RebuildScriptCaches (0ms)
		SetupLoadedEditorAssemblies (211ms)
			LogAssemblyErrors (0ms)
			InitializePlatformSupportModulesInManaged (3ms)
			SetLoadedEditorAssemblies (3ms)
			RefreshPlugins (0ms)
			BeforeProcessingInitializeOnLoad (29ms)
			ProcessInitializeOnLoadAttributes (162ms)
			ProcessInitializeOnLoadMethodAttributes (13ms)
			AfterProcessingInitializeOnLoad (1ms)
			EditorAssembliesLoaded (0ms)
		ExecutionOrderSort2 (0ms)
		AwakeInstancesAfterBackupRestoration (3ms)
Refreshing native plugins compatible for Editor in 0.82 ms, found 3 plugins.
Preloading 0 native plugins for Editor in 0.00 ms.
Unloading 3005 Unused Serialized files (Serialized files now loaded: 0)
Unloading 25 unused Assets / (0.6 MB). Loaded Objects now: 3590.
Memory consumption went from 256.6 MB to 256.1 MB.
Total: 2.954416 ms (FindLiveObjects: 0.155791 ms CreateObjectMapping: 0.082709 ms MarkObjects: 2.382125 ms  DeleteObjects: 0.333125 ms)

Prepare: number of updated asset objects reloaded= 0
AssetImportParameters requested are different than current active one (requested -> active):
  custom:scripting/monoscript/fileName/SkewTextExample.cs: c142d02d70a129e0533975f7c2f96956 -> 
  custom:container-demuxer-ogg: 62fdf1f143b41e24485cea50d1cbac27 -> 
  custom:scripting/monoscript/fileName/TMP_TextEventHandler.cs: f5cd9d5a43bfefc8f4fec80e6de896a4 -> 
  custom:scripting/monoscript/fileName/TextMeshProFloatingText.cs: 92608fa4a6315cd0786d82205e77b697 -> 
  custom:scripting/monoscript/fileName/VertexZoom.cs: 650ab1e81d40126e3edcf737cce646e4 -> 
  custom:scripting/monoscript/fileName/VertexShakeA.cs: 63ec564c588058369499638dd899e05b -> 
  custom:scripting/monoscript/fileName/TMP_ExampleScript_01.cs: a9d4be556104ff54e7d240529b3e01dc -> 
  custom:video-decoder-ogg-theora: a1e56fd34408186e4bbccfd4996cb3dc -> 
  custom:scripting/monoscript/fileName/TMP_TextEventCheck.cs: 13505d917eab5868c435e0c2986dadfa -> 
  custom:scripting/monoscript/fileName/TMP_TextSelector_B.cs: ba2be21a7486d37b1011342977a2e49d -> 
  custom:scripting/monoscript/fileName/Benchmark01.cs: 2d3e2cd961730ab95f139a49a673bace -> 
  custom:scripting/monoscript/fileName/NewBehaviourScript.cs: b21687ddb03d73bd9f0c1daecb9714de -> 
  custom:scripting/monoscript/fileName/Benchmark02.cs: 5640963252ce70910e726415f869ced6 -> 
  custom:scripting/monoscript/fileName/DropdownSample.cs: 0a92251794e5f10400149f96c3c59e5d -> 
  custom:scripting/monoscript/fileName/WarpTextExample.cs: 2663459c266363641981c7d17b698d7f -> 
  custom:CustomObjectIndexerAttribute: 9a22284fe3817be447336de3de66b15e -> 
  custom:container-demuxer-webm: 4f35f7cbe854078d1ac9338744f61a02 -> 
  custom:scripting/monoscript/fileName/ChatController.cs: 876d5ccae6e345dd5d9450eb0a748f16 -> 
  custom:scripting/monoscript/fileName/TextMeshSpawner.cs: 76f28e2ddb031571e6ec62b018f65fa8 -> 
  custom:scripting/monoscript/fileName/TeleType.cs: 31fa97821c4c70f157ec81d507aa6b62 -> 
  custom:scripting/monoscript/fileName/Benchmark04.cs: 32220b148620e52aa81c13a114862bf4 -> 
  custom:scripting/monoscript/fileName/TextMove.cs: fbecd3f268374313100fa014bdf91c18 -> 
  custom:container-muxer-webm: aa71ff27fc2769a1b78a27578f13a17b -> 
  custom:video-decoder-webm-vp8: 9c59270c3fd7afecdb556c50c9e8de78 -> 
  custom:scripting/monoscript/fileName/TMP_PhoneNumberValidator.cs: 7c3049f481e464c6a9a15dee56c3126f -> 
  custom:SearchIndexIgnoredProperties: e643bd26f0fe6173181afceb89e7c659 -> 
  custom:AudioImporter_EditorPlatform: 3918e3fc78b5a79bad01e8451be0beb8 -> 
  custom:scripting/monoscript/fileName/EnvMapAnimator.cs: 1b4f61c17e4b7283c3ac351aacff9d26 -> 
  custom:scripting/monoscript/fileName/ShaderPropAnimator.cs: 55ce425812446482e623ff2695c94cb2 -> 
  custom:scripting/monoscript/fileName/SimpleScript.cs: 454caab0c6c050f29b39d82e1d66d0fa -> 
  custom:scripting/monoscript/fileName/ObjectSpin.cs: 2b96bb2079dd7fa5108d981627a28e1e -> 
  custom:scripting/monoscript/fileName/DojoMove.cs: f8c6c934a3065aa4afaead1f80b93146 -> 
  custom:scripting/monoscript/fileName/CameraController.cs: 34b6be4e23ce86dc89786916c5983296 -> 
  custom:scripting/monoscript/fileName/TMP_TextInfoDebugTool.cs: 3f1709cfb2cc628169113a35b5e9be3f -> 
  custom:framework-osx-AVFoundation: e770b220cccbd017edd2c1fefb359320 -> 
  custom:scripting/monoscript/fileName/TMP_TextSelector_A.cs: 347309a09d56e367b188a6978f75b424 -> 
  custom:video-encoder-webm-vp8: eb34c28f22e8b96e1ab97ce403110664 -> 
  custom:audio-decoder-ogg-vorbis: bf7c407c2cedff20999df2af8eb42d56 -> 
  custom:scripting/monoscript/fileName/VertexJitter.cs: d27eb5498e48714a66aece98da065133 -> 
  custom:scripting/monoscript/fileName/TextConsoleSimulator.cs: 33fc311abb20b5b0ed8f00e4d86b574e -> 
  custom:scripting/monoscript/fileName/VertexColorCycler.cs: 5f984ca91cf3609293aecc6bc5641572 -> 
  custom:scripting/monoscript/fileName/TMP_FrameRateCounter.cs: 46f655df8cb483ac5958307137b1585a -> 
  custom:scripting/monoscript/fileName/VertexShakeB.cs: a6f78c4fcda1a29a1a1c1baefedba9e7 -> 
  custom:scripting/monoscript/fileName/TMP_UiFrameRateCounter.cs: b01021aea19247f14a98ab338907956a -> 
  custom:scripting/monoscript/fileName/TMPro_InstructionOverlay.cs: b626d2270e6ebd5c4311585c18b58d8d -> 
  custom:scripting/monoscript/fileName/TMP_DigitValidator.cs: ac02af96215ae3951a3cce9e1a8c6085 -> 
  custom:audio-encoder-webm-vorbis: bf7c407c2cedff20999df2af8eb42d56 -> 
  custom:scripting/monoscript/fileName/Benchmark01_UGUI.cs: 6148cfe2627b7708298f301788144139 -> 
  custom:scripting/precompiled-assembly-types:Assembly-CSharp: 1fc1bef9b9d749fbe7c651c2d10de0d9 -> 6032c0c933c699fe27c13914a3aaee66
  custom:scripting/monoscript/fileName/Benchmark03.cs: 17cc87e0529ac71d909a946afb47a274 -> 
========================================================================
Received Prepare
Caller must complete domain reload
Begin MonoManager ReloadAssembly
Thread 0x16dd5f000 may have been prematurely finalized
- Loaded All Assemblies, in  0.229 seconds
Native extension for WindowsStandalone target not found
Native extension for OSXStandalone target not found
Mono: successfully reloaded assembly
- Finished resetting the current domain, in  0.597 seconds
Domain Reload Profiling: 825ms
	BeginReloadAssembly (72ms)
		ExecutionOrderSort (0ms)
		DisableScriptedObjects (3ms)
		BackupInstance (0ms)
		ReleaseScriptingObjects (0ms)
		CreateAndSetChildDomain (22ms)
	RebuildCommonClasses (21ms)
	RebuildNativeTypeToScriptingClass (8ms)
	initialDomainReloadingComplete (12ms)
	LoadAllAssembliesAndSetupDomain (116ms)
		LoadAssemblies (132ms)
		RebuildTransferFunctionScriptingTraits (0ms)
		AnalyzeDomain (11ms)
			TypeCache.Refresh (6ms)
				TypeCache.ScanAssembly (0ms)
			ScanForSourceGeneratedMonoScriptInfo (0ms)
			ResolveRequiredComponents (4ms)
	FinalizeReload (597ms)
		ReleaseScriptCaches (0ms)
		RebuildScriptCaches (0ms)
		SetupLoadedEditorAssemblies (214ms)
			LogAssemblyErrors (0ms)
			InitializePlatformSupportModulesInManaged (4ms)
			SetLoadedEditorAssemblies (3ms)
			RefreshPlugins (0ms)
			BeforeProcessingInitializeOnLoad (31ms)
			ProcessInitializeOnLoadAttributes (163ms)
			ProcessInitializeOnLoadMethodAttributes (12ms)
			AfterProcessingInitializeOnLoad (1ms)
			EditorAssembliesLoaded (0ms)
		ExecutionOrderSort2 (0ms)
		AwakeInstancesAfterBackupRestoration (2ms)
Refreshing native plugins compatible for Editor in 0.79 ms, found 3 plugins.
Preloading 0 native plugins for Editor in 0.00 ms.
Unloading 3005 Unused Serialized files (Serialized files now loaded: 0)
Unloading 25 unused Assets / (0.6 MB). Loaded Objects now: 3593.
Memory consumption went from 261.7 MB to 261.2 MB.
Total: 2.922375 ms (FindLiveObjects: 0.185292 ms CreateObjectMapping: 0.092125 ms MarkObjects: 2.407666 ms  DeleteObjects: 0.236542 ms)

Prepare: number of updated asset objects reloaded= 0
AssetImportParameters requested are different than current active one (requested -> active):
  custom:scripting/monoscript/fileName/SkewTextExample.cs: c142d02d70a129e0533975f7c2f96956 -> 
  custom:container-demuxer-ogg: 62fdf1f143b41e24485cea50d1cbac27 -> 
  custom:scripting/monoscript/fileName/TMP_TextEventHandler.cs: f5cd9d5a43bfefc8f4fec80e6de896a4 -> 
  custom:scripting/monoscript/fileName/TextMeshProFloatingText.cs: 92608fa4a6315cd0786d82205e77b697 -> 
  custom:scripting/monoscript/fileName/VertexZoom.cs: 650ab1e81d40126e3edcf737cce646e4 -> 
  custom:scripting/monoscript/fileName/VertexShakeA.cs: 63ec564c588058369499638dd899e05b -> 
  custom:scripting/monoscript/fileName/TMP_ExampleScript_01.cs: a9d4be556104ff54e7d240529b3e01dc -> 
  custom:video-decoder-ogg-theora: a1e56fd34408186e4bbccfd4996cb3dc -> 
  custom:scripting/monoscript/fileName/TMP_TextEventCheck.cs: 13505d917eab5868c435e0c2986dadfa -> 
  custom:scripting/monoscript/fileName/TMP_TextSelector_B.cs: ba2be21a7486d37b1011342977a2e49d -> 
  custom:scripting/monoscript/fileName/Benchmark01.cs: 2d3e2cd961730ab95f139a49a673bace -> 
  custom:scripting/monoscript/fileName/NewBehaviourScript.cs: b21687ddb03d73bd9f0c1daecb9714de -> 
  custom:scripting/monoscript/fileName/Benchmark02.cs: 5640963252ce70910e726415f869ced6 -> 
  custom:scripting/monoscript/fileName/DropdownSample.cs: 0a92251794e5f10400149f96c3c59e5d -> 
  custom:scripting/monoscript/fileName/WarpTextExample.cs: 2663459c266363641981c7d17b698d7f -> 
  custom:CustomObjectIndexerAttribute: 9a22284fe3817be447336de3de66b15e -> 
  custom:container-demuxer-webm: 4f35f7cbe854078d1ac9338744f61a02 -> 
  custom:scripting/monoscript/fileName/ChatController.cs: 876d5ccae6e345dd5d9450eb0a748f16 -> 
  custom:scripting/monoscript/fileName/TextMeshSpawner.cs: 76f28e2ddb031571e6ec62b018f65fa8 -> 
  custom:scripting/monoscript/fileName/TeleType.cs: 31fa97821c4c70f157ec81d507aa6b62 -> 
  custom:scripting/monoscript/fileName/Benchmark04.cs: 32220b148620e52aa81c13a114862bf4 -> 
  custom:scripting/monoscript/fileName/TextMove.cs: fbecd3f268374313100fa014bdf91c18 -> 
  custom:container-muxer-webm: aa71ff27fc2769a1b78a27578f13a17b -> 
  custom:video-decoder-webm-vp8: 9c59270c3fd7afecdb556c50c9e8de78 -> 
  custom:scripting/monoscript/fileName/TMP_PhoneNumberValidator.cs: 7c3049f481e464c6a9a15dee56c3126f -> 
  custom:SearchIndexIgnoredProperties: e643bd26f0fe6173181afceb89e7c659 -> 
  custom:AudioImporter_EditorPlatform: 3918e3fc78b5a79bad01e8451be0beb8 -> 
  custom:scripting/monoscript/fileName/EnvMapAnimator.cs: 1b4f61c17e4b7283c3ac351aacff9d26 -> 
  custom:scripting/monoscript/fileName/ShaderPropAnimator.cs: 55ce425812446482e623ff2695c94cb2 -> 
  custom:scripting/monoscript/fileName/SimpleScript.cs: 454caab0c6c050f29b39d82e1d66d0fa -> 
  custom:scripting/monoscript/fileName/ObjectSpin.cs: 2b96bb2079dd7fa5108d981627a28e1e -> 
  custom:scripting/monoscript/fileName/DojoMove.cs: f8c6c934a3065aa4afaead1f80b93146 -> 
  custom:scripting/monoscript/fileName/CameraController.cs: 34b6be4e23ce86dc89786916c5983296 -> 
  custom:scripting/monoscript/fileName/TMP_TextInfoDebugTool.cs: 3f1709cfb2cc628169113a35b5e9be3f -> 
  custom:framework-osx-AVFoundation: e770b220cccbd017edd2c1fefb359320 -> 
  custom:scripting/monoscript/fileName/TMP_TextSelector_A.cs: 347309a09d56e367b188a6978f75b424 -> 
  custom:video-encoder-webm-vp8: eb34c28f22e8b96e1ab97ce403110664 -> 
  custom:audio-decoder-ogg-vorbis: bf7c407c2cedff20999df2af8eb42d56 -> 
  custom:scripting/monoscript/fileName/VertexJitter.cs: d27eb5498e48714a66aece98da065133 -> 
  custom:scripting/monoscript/fileName/TextConsoleSimulator.cs: 33fc311abb20b5b0ed8f00e4d86b574e -> 
  custom:scripting/monoscript/fileName/VertexColorCycler.cs: 5f984ca91cf3609293aecc6bc5641572 -> 
  custom:scripting/monoscript/fileName/TMP_FrameRateCounter.cs: 46f655df8cb483ac5958307137b1585a -> 
  custom:scripting/monoscript/fileName/VertexShakeB.cs: a6f78c4fcda1a29a1a1c1baefedba9e7 -> 
  custom:scripting/monoscript/fileName/TMP_UiFrameRateCounter.cs: b01021aea19247f14a98ab338907956a -> 
  custom:scripting/monoscript/fileName/TMPro_InstructionOverlay.cs: b626d2270e6ebd5c4311585c18b58d8d -> 
  custom:scripting/monoscript/fileName/TMP_DigitValidator.cs: ac02af96215ae3951a3cce9e1a8c6085 -> 
  custom:audio-encoder-webm-vorbis: bf7c407c2cedff20999df2af8eb42d56 -> 
  custom:scripting/monoscript/fileName/Benchmark01_UGUI.cs: 6148cfe2627b7708298f301788144139 -> 
  custom:scripting/precompiled-assembly-types:Assembly-CSharp: 1fc1bef9b9d749fbe7c651c2d10de0d9 -> 6032c0c933c699fe27c13914a3aaee66
  custom:scripting/monoscript/fileName/Benchmark03.cs: 17cc87e0529ac71d909a946afb47a274 -> 
========================================================================
Received Prepare
Caller must complete domain reload
Begin MonoManager ReloadAssembly
Thread 0x16dd5f000 may have been prematurely finalized
- Loaded All Assemblies, in  0.198 seconds
Native extension for WindowsStandalone target not found
Native extension for OSXStandalone target not found
Mono: successfully reloaded assembly
- Finished resetting the current domain, in  0.448 seconds
Domain Reload Profiling: 646ms
	BeginReloadAssembly (70ms)
		ExecutionOrderSort (0ms)
		DisableScriptedObjects (3ms)
		BackupInstance (0ms)
		ReleaseScriptingObjects (0ms)
		CreateAndSetChildDomain (20ms)
	RebuildCommonClasses (21ms)
	RebuildNativeTypeToScriptingClass (8ms)
	initialDomainReloadingComplete (12ms)
	LoadAllAssembliesAndSetupDomain (88ms)
		LoadAssemblies (103ms)
		RebuildTransferFunctionScriptingTraits (0ms)
		AnalyzeDomain (11ms)
			TypeCache.Refresh (5ms)
				TypeCache.ScanAssembly (0ms)
			ScanForSourceGeneratedMonoScriptInfo (0ms)
			ResolveRequiredComponents (3ms)
	FinalizeReload (449ms)
		ReleaseScriptCaches (0ms)
		RebuildScriptCaches (0ms)
		SetupLoadedEditorAssemblies (217ms)
			LogAssemblyErrors (0ms)
			InitializePlatformSupportModulesInManaged (4ms)
			SetLoadedEditorAssemblies (3ms)
			RefreshPlugins (0ms)
			BeforeProcessingInitializeOnLoad (31ms)
			ProcessInitializeOnLoadAttributes (167ms)
			ProcessInitializeOnLoadMethodAttributes (12ms)
			AfterProcessingInitializeOnLoad (1ms)
			EditorAssembliesLoaded (0ms)
		ExecutionOrderSort2 (0ms)
		AwakeInstancesAfterBackupRestoration (2ms)
Refreshing native plugins compatible for Editor in 0.87 ms, found 3 plugins.
Preloading 0 native plugins for Editor in 0.00 ms.
Unloading 3005 Unused Serialized files (Serialized files now loaded: 0)
Unloading 25 unused Assets / (0.6 MB). Loaded Objects now: 3596.
Memory consumption went from 266.8 MB to 266.3 MB.
Total: 2.742708 ms (FindLiveObjects: 0.141917 ms CreateObjectMapping: 0.068166 ms MarkObjects: 2.303959 ms  DeleteObjects: 0.228000 ms)

Prepare: number of updated asset objects reloaded= 0
AssetImportParameters requested are different than current active one (requested -> active):
  custom:scripting/monoscript/fileName/SkewTextExample.cs: c142d02d70a129e0533975f7c2f96956 -> 
  custom:container-demuxer-ogg: 62fdf1f143b41e24485cea50d1cbac27 -> 
  custom:scripting/monoscript/fileName/TMP_TextEventHandler.cs: f5cd9d5a43bfefc8f4fec80e6de896a4 -> 
  custom:scripting/monoscript/fileName/TextMeshProFloatingText.cs: 92608fa4a6315cd0786d82205e77b697 -> 
  custom:scripting/monoscript/fileName/VertexZoom.cs: 650ab1e81d40126e3edcf737cce646e4 -> 
  custom:scripting/monoscript/fileName/VertexShakeA.cs: 63ec564c588058369499638dd899e05b -> 
  custom:scripting/monoscript/fileName/TMP_ExampleScript_01.cs: a9d4be556104ff54e7d240529b3e01dc -> 
  custom:video-decoder-ogg-theora: a1e56fd34408186e4bbccfd4996cb3dc -> 
  custom:scripting/monoscript/fileName/TMP_TextEventCheck.cs: 13505d917eab5868c435e0c2986dadfa -> 
  custom:scripting/monoscript/fileName/TMP_TextSelector_B.cs: ba2be21a7486d37b1011342977a2e49d -> 
  custom:scripting/monoscript/fileName/Benchmark01.cs: 2d3e2cd961730ab95f139a49a673bace -> 
  custom:scripting/monoscript/fileName/NewBehaviourScript.cs: b21687ddb03d73bd9f0c1daecb9714de -> 
  custom:scripting/monoscript/fileName/Benchmark02.cs: 5640963252ce70910e726415f869ced6 -> 
  custom:scripting/monoscript/fileName/DropdownSample.cs: 0a92251794e5f10400149f96c3c59e5d -> 
  custom:scripting/monoscript/fileName/WarpTextExample.cs: 2663459c266363641981c7d17b698d7f -> 
  custom:CustomObjectIndexerAttribute: 9a22284fe3817be447336de3de66b15e -> 
  custom:container-demuxer-webm: 4f35f7cbe854078d1ac9338744f61a02 -> 
  custom:scripting/monoscript/fileName/ChatController.cs: 876d5ccae6e345dd5d9450eb0a748f16 -> 
  custom:scripting/monoscript/fileName/TextMeshSpawner.cs: 76f28e2ddb031571e6ec62b018f65fa8 -> 
  custom:scripting/monoscript/fileName/TeleType.cs: 31fa97821c4c70f157ec81d507aa6b62 -> 
  custom:scripting/monoscript/fileName/Benchmark04.cs: 32220b148620e52aa81c13a114862bf4 -> 
  custom:scripting/monoscript/fileName/TextMove.cs: fbecd3f268374313100fa014bdf91c18 -> 
  custom:container-muxer-webm: aa71ff27fc2769a1b78a27578f13a17b -> 
  custom:video-decoder-webm-vp8: 9c59270c3fd7afecdb556c50c9e8de78 -> 
  custom:scripting/monoscript/fileName/TMP_PhoneNumberValidator.cs: 7c3049f481e464c6a9a15dee56c3126f -> 
  custom:SearchIndexIgnoredProperties: e643bd26f0fe6173181afceb89e7c659 -> 
  custom:AudioImporter_EditorPlatform: 3918e3fc78b5a79bad01e8451be0beb8 -> 
  custom:scripting/monoscript/fileName/EnvMapAnimator.cs: 1b4f61c17e4b7283c3ac351aacff9d26 -> 
  custom:scripting/monoscript/fileName/ShaderPropAnimator.cs: 55ce425812446482e623ff2695c94cb2 -> 
  custom:scripting/monoscript/fileName/SimpleScript.cs: 454caab0c6c050f29b39d82e1d66d0fa -> 
  custom:scripting/monoscript/fileName/ObjectSpin.cs: 2b96bb2079dd7fa5108d981627a28e1e -> 
  custom:scripting/monoscript/fileName/DojoMove.cs: f8c6c934a3065aa4afaead1f80b93146 -> 
  custom:scripting/monoscript/fileName/CameraController.cs: 34b6be4e23ce86dc89786916c5983296 -> 
  custom:scripting/monoscript/fileName/TMP_TextInfoDebugTool.cs: 3f1709cfb2cc628169113a35b5e9be3f -> 
  custom:framework-osx-AVFoundation: e770b220cccbd017edd2c1fefb359320 -> 
  custom:scripting/monoscript/fileName/TMP_TextSelector_A.cs: 347309a09d56e367b188a6978f75b424 -> 
  custom:video-encoder-webm-vp8: eb34c28f22e8b96e1ab97ce403110664 -> 
  custom:audio-decoder-ogg-vorbis: bf7c407c2cedff20999df2af8eb42d56 -> 
  custom:scripting/monoscript/fileName/VertexJitter.cs: d27eb5498e48714a66aece98da065133 -> 
  custom:scripting/monoscript/fileName/TextConsoleSimulator.cs: 33fc311abb20b5b0ed8f00e4d86b574e -> 
  custom:scripting/monoscript/fileName/VertexColorCycler.cs: 5f984ca91cf3609293aecc6bc5641572 -> 
  custom:scripting/monoscript/fileName/TMP_FrameRateCounter.cs: 46f655df8cb483ac5958307137b1585a -> 
  custom:scripting/monoscript/fileName/VertexShakeB.cs: a6f78c4fcda1a29a1a1c1baefedba9e7 -> 
  custom:scripting/monoscript/fileName/TMP_UiFrameRateCounter.cs: b01021aea19247f14a98ab338907956a -> 
  custom:scripting/monoscript/fileName/TMPro_InstructionOverlay.cs: b626d2270e6ebd5c4311585c18b58d8d -> 
  custom:scripting/monoscript/fileName/TMP_DigitValidator.cs: ac02af96215ae3951a3cce9e1a8c6085 -> 
  custom:audio-encoder-webm-vorbis: bf7c407c2cedff20999df2af8eb42d56 -> 
  custom:scripting/monoscript/fileName/Benchmark01_UGUI.cs: 6148cfe2627b7708298f301788144139 -> 
  custom:scripting/precompiled-assembly-types:Assembly-CSharp: 1fc1bef9b9d749fbe7c651c2d10de0d9 -> 6032c0c933c699fe27c13914a3aaee66
  custom:scripting/monoscript/fileName/Benchmark03.cs: 17cc87e0529ac71d909a946afb47a274 -> 
========================================================================
Received Prepare
Caller must complete domain reload
Begin MonoManager ReloadAssembly
Thread 0x16dd5f000 may have been prematurely finalized
- Loaded All Assemblies, in  0.222 seconds
Native extension for WindowsStandalone target not found
Native extension for OSXStandalone target not found
Mono: successfully reloaded assembly
- Finished resetting the current domain, in  0.567 seconds
Domain Reload Profiling: 789ms
	BeginReloadAssembly (72ms)
		ExecutionOrderSort (0ms)
		DisableScriptedObjects (3ms)
		BackupInstance (0ms)
		ReleaseScriptingObjects (0ms)
		CreateAndSetChildDomain (21ms)
	RebuildCommonClasses (22ms)
	RebuildNativeTypeToScriptingClass (8ms)
	initialDomainReloadingComplete (12ms)
	LoadAllAssembliesAndSetupDomain (109ms)
		LoadAssemblies (120ms)
		RebuildTransferFunctionScriptingTraits (0ms)
		AnalyzeDomain (16ms)
			TypeCache.Refresh (8ms)
				TypeCache.ScanAssembly (1ms)
			ScanForSourceGeneratedMonoScriptInfo (4ms)
			ResolveRequiredComponents (3ms)
	FinalizeReload (567ms)
		ReleaseScriptCaches (0ms)
		RebuildScriptCaches (0ms)
		SetupLoadedEditorAssemblies (194ms)
			LogAssemblyErrors (0ms)
			InitializePlatformSupportModulesInManaged (4ms)
			SetLoadedEditorAssemblies (3ms)
			RefreshPlugins (0ms)
			BeforeProcessingInitializeOnLoad (29ms)
			ProcessInitializeOnLoadAttributes (148ms)
			ProcessInitializeOnLoadMethodAttributes (11ms)
			AfterProcessingInitializeOnLoad (1ms)
			EditorAssembliesLoaded (0ms)
		ExecutionOrderSort2 (0ms)
		AwakeInstancesAfterBackupRestoration (2ms)
Refreshing native plugins compatible for Editor in 0.78 ms, found 3 plugins.
Preloading 0 native plugins for Editor in 0.00 ms.
Unloading 3005 Unused Serialized files (Serialized files now loaded: 0)
Unloading 25 unused Assets / (0.6 MB). Loaded Objects now: 3599.
Memory consumption went from 272.0 MB to 271.4 MB.
Total: 2.258208 ms (FindLiveObjects: 0.119167 ms CreateObjectMapping: 0.056125 ms MarkObjects: 1.895541 ms  DeleteObjects: 0.186791 ms)

Prepare: number of updated asset objects reloaded= 0
AssetImportParameters requested are different than current active one (requested -> active):
  custom:scripting/monoscript/fileName/SkewTextExample.cs: c142d02d70a129e0533975f7c2f96956 -> 
  custom:container-demuxer-ogg: 62fdf1f143b41e24485cea50d1cbac27 -> 
  custom:scripting/monoscript/fileName/TMP_TextEventHandler.cs: f5cd9d5a43bfefc8f4fec80e6de896a4 -> 
  custom:scripting/monoscript/fileName/TextMeshProFloatingText.cs: 92608fa4a6315cd0786d82205e77b697 -> 
  custom:scripting/monoscript/fileName/VertexZoom.cs: 650ab1e81d40126e3edcf737cce646e4 -> 
  custom:scripting/monoscript/fileName/VertexShakeA.cs: 63ec564c588058369499638dd899e05b -> 
  custom:scripting/monoscript/fileName/TMP_ExampleScript_01.cs: a9d4be556104ff54e7d240529b3e01dc -> 
  custom:video-decoder-ogg-theora: a1e56fd34408186e4bbccfd4996cb3dc -> 
  custom:scripting/monoscript/fileName/TMP_TextEventCheck.cs: 13505d917eab5868c435e0c2986dadfa -> 
  custom:scripting/monoscript/fileName/TMP_TextSelector_B.cs: ba2be21a7486d37b1011342977a2e49d -> 
  custom:scripting/monoscript/fileName/Benchmark01.cs: 2d3e2cd961730ab95f139a49a673bace -> 
  custom:scripting/monoscript/fileName/NewBehaviourScript.cs: b21687ddb03d73bd9f0c1daecb9714de -> 
  custom:scripting/monoscript/fileName/Benchmark02.cs: 5640963252ce70910e726415f869ced6 -> 
  custom:scripting/monoscript/fileName/DropdownSample.cs: 0a92251794e5f10400149f96c3c59e5d -> 
  custom:scripting/monoscript/fileName/WarpTextExample.cs: 2663459c266363641981c7d17b698d7f -> 
  custom:CustomObjectIndexerAttribute: 9a22284fe3817be447336de3de66b15e -> 
  custom:container-demuxer-webm: 4f35f7cbe854078d1ac9338744f61a02 -> 
  custom:scripting/monoscript/fileName/ChatController.cs: 876d5ccae6e345dd5d9450eb0a748f16 -> 
  custom:scripting/monoscript/fileName/TextMeshSpawner.cs: 76f28e2ddb031571e6ec62b018f65fa8 -> 
  custom:scripting/monoscript/fileName/TeleType.cs: 31fa97821c4c70f157ec81d507aa6b62 -> 
  custom:scripting/monoscript/fileName/Benchmark04.cs: 32220b148620e52aa81c13a114862bf4 -> 
  custom:scripting/monoscript/fileName/TextMove.cs: fbecd3f268374313100fa014bdf91c18 -> 
  custom:container-muxer-webm: aa71ff27fc2769a1b78a27578f13a17b -> 
  custom:video-decoder-webm-vp8: 9c59270c3fd7afecdb556c50c9e8de78 -> 
  custom:scripting/monoscript/fileName/TMP_PhoneNumberValidator.cs: 7c3049f481e464c6a9a15dee56c3126f -> 
  custom:SearchIndexIgnoredProperties: e643bd26f0fe6173181afceb89e7c659 -> 
  custom:AudioImporter_EditorPlatform: 3918e3fc78b5a79bad01e8451be0beb8 -> 
  custom:scripting/monoscript/fileName/EnvMapAnimator.cs: 1b4f61c17e4b7283c3ac351aacff9d26 -> 
  custom:scripting/monoscript/fileName/ShaderPropAnimator.cs: 55ce425812446482e623ff2695c94cb2 -> 
  custom:scripting/monoscript/fileName/SimpleScript.cs: 454caab0c6c050f29b39d82e1d66d0fa -> 
  custom:scripting/monoscript/fileName/ObjectSpin.cs: 2b96bb2079dd7fa5108d981627a28e1e -> 
  custom:scripting/monoscript/fileName/DojoMove.cs: f8c6c934a3065aa4afaead1f80b93146 -> 
  custom:scripting/monoscript/fileName/CameraController.cs: 34b6be4e23ce86dc89786916c5983296 -> 
  custom:scripting/monoscript/fileName/TMP_TextInfoDebugTool.cs: 3f1709cfb2cc628169113a35b5e9be3f -> 
  custom:framework-osx-AVFoundation: e770b220cccbd017edd2c1fefb359320 -> 
  custom:scripting/monoscript/fileName/TMP_TextSelector_A.cs: 347309a09d56e367b188a6978f75b424 -> 
  custom:video-encoder-webm-vp8: eb34c28f22e8b96e1ab97ce403110664 -> 
  custom:audio-decoder-ogg-vorbis: bf7c407c2cedff20999df2af8eb42d56 -> 
  custom:scripting/monoscript/fileName/VertexJitter.cs: d27eb5498e48714a66aece98da065133 -> 
  custom:scripting/monoscript/fileName/TextConsoleSimulator.cs: 33fc311abb20b5b0ed8f00e4d86b574e -> 
  custom:scripting/monoscript/fileName/VertexColorCycler.cs: 5f984ca91cf3609293aecc6bc5641572 -> 
  custom:scripting/monoscript/fileName/TMP_FrameRateCounter.cs: 46f655df8cb483ac5958307137b1585a -> 
  custom:scripting/monoscript/fileName/VertexShakeB.cs: a6f78c4fcda1a29a1a1c1baefedba9e7 -> 
  custom:scripting/monoscript/fileName/TMP_UiFrameRateCounter.cs: b01021aea19247f14a98ab338907956a -> 
  custom:scripting/monoscript/fileName/TMPro_InstructionOverlay.cs: b626d2270e6ebd5c4311585c18b58d8d -> 
  custom:scripting/monoscript/fileName/TMP_DigitValidator.cs: ac02af96215ae3951a3cce9e1a8c6085 -> 
  custom:audio-encoder-webm-vorbis: bf7c407c2cedff20999df2af8eb42d56 -> 
  custom:scripting/monoscript/fileName/Benchmark01_UGUI.cs: 6148cfe2627b7708298f301788144139 -> 
  custom:scripting/precompiled-assembly-types:Assembly-CSharp: 1fc1bef9b9d749fbe7c651c2d10de0d9 -> 6032c0c933c699fe27c13914a3aaee66
  custom:scripting/monoscript/fileName/Benchmark03.cs: 17cc87e0529ac71d909a946afb47a274 -> 
========================================================================
Received Prepare
Caller must complete domain reload
Begin MonoManager ReloadAssembly
Thread 0x16dd5f000 may have been prematurely finalized
- Loaded All Assemblies, in  0.216 seconds
Native extension for WindowsStandalone target not found
Native extension for OSXStandalone target not found
Mono: successfully reloaded assembly
- Finished resetting the current domain, in  0.370 seconds
Domain Reload Profiling: 587ms
	BeginReloadAssembly (70ms)
		ExecutionOrderSort (0ms)
		DisableScriptedObjects (3ms)
		BackupInstance (0ms)
		ReleaseScriptingObjects (0ms)
		CreateAndSetChildDomain (21ms)
	RebuildCommonClasses (21ms)
	RebuildNativeTypeToScriptingClass (8ms)
	initialDomainReloadingComplete (12ms)
	LoadAllAssembliesAndSetupDomain (105ms)
		LoadAssemblies (121ms)
		RebuildTransferFunctionScriptingTraits (0ms)
		AnalyzeDomain (11ms)
			TypeCache.Refresh (6ms)
				TypeCache.ScanAssembly (0ms)
			ScanForSourceGeneratedMonoScriptInfo (0ms)
			ResolveRequiredComponents (3ms)
	FinalizeReload (371ms)
		ReleaseScriptCaches (0ms)
		RebuildScriptCaches (0ms)
		SetupLoadedEditorAssemblies (216ms)
			LogAssemblyErrors (0ms)
			InitializePlatformSupportModulesInManaged (4ms)
			SetLoadedEditorAssemblies (3ms)
			RefreshPlugins (0ms)
			BeforeProcessingInitializeOnLoad (32ms)
			ProcessInitializeOnLoadAttributes (164ms)
			ProcessInitializeOnLoadMethodAttributes (12ms)
			AfterProcessingInitializeOnLoad (1ms)
			EditorAssembliesLoaded (0ms)
		ExecutionOrderSort2 (0ms)
		AwakeInstancesAfterBackupRestoration (2ms)
Refreshing native plugins compatible for Editor in 0.88 ms, found 3 plugins.
Preloading 0 native plugins for Editor in 0.00 ms.
Unloading 3005 Unused Serialized files (Serialized files now loaded: 0)
Unloading 25 unused Assets / (0.5 MB). Loaded Objects now: 3602.
Memory consumption went from 277.1 MB to 276.5 MB.
Total: 3.097417 ms (FindLiveObjects: 0.190667 ms CreateObjectMapping: 0.102458 ms MarkObjects: 2.412667 ms  DeleteObjects: 0.390958 ms)

Prepare: number of updated asset objects reloaded= 0
AssetImportParameters requested are different than current active one (requested -> active):
  custom:scripting/monoscript/fileName/SkewTextExample.cs: c142d02d70a129e0533975f7c2f96956 -> 
  custom:container-demuxer-ogg: 62fdf1f143b41e24485cea50d1cbac27 -> 
  custom:scripting/monoscript/fileName/TMP_TextEventHandler.cs: f5cd9d5a43bfefc8f4fec80e6de896a4 -> 
  custom:scripting/monoscript/fileName/TextMeshProFloatingText.cs: 92608fa4a6315cd0786d82205e77b697 -> 
  custom:scripting/monoscript/fileName/VertexZoom.cs: 650ab1e81d40126e3edcf737cce646e4 -> 
  custom:scripting/monoscript/fileName/VertexShakeA.cs: 63ec564c588058369499638dd899e05b -> 
  custom:scripting/monoscript/fileName/TMP_ExampleScript_01.cs: a9d4be556104ff54e7d240529b3e01dc -> 
  custom:video-decoder-ogg-theora: a1e56fd34408186e4bbccfd4996cb3dc -> 
  custom:scripting/monoscript/fileName/TMP_TextEventCheck.cs: 13505d917eab5868c435e0c2986dadfa -> 
  custom:scripting/monoscript/fileName/TMP_TextSelector_B.cs: ba2be21a7486d37b1011342977a2e49d -> 
  custom:scripting/monoscript/fileName/Benchmark01.cs: 2d3e2cd961730ab95f139a49a673bace -> 
  custom:scripting/monoscript/fileName/NewBehaviourScript.cs: b21687ddb03d73bd9f0c1daecb9714de -> 
  custom:scripting/monoscript/fileName/Benchmark02.cs: 5640963252ce70910e726415f869ced6 -> 
  custom:scripting/monoscript/fileName/DropdownSample.cs: 0a92251794e5f10400149f96c3c59e5d -> 
  custom:scripting/monoscript/fileName/WarpTextExample.cs: 2663459c266363641981c7d17b698d7f -> 
  custom:CustomObjectIndexerAttribute: 9a22284fe3817be447336de3de66b15e -> 
  custom:container-demuxer-webm: 4f35f7cbe854078d1ac9338744f61a02 -> 
  custom:scripting/monoscript/fileName/ChatController.cs: 876d5ccae6e345dd5d9450eb0a748f16 -> 
  custom:scripting/monoscript/fileName/TextMeshSpawner.cs: 76f28e2ddb031571e6ec62b018f65fa8 -> 
  custom:scripting/monoscript/fileName/TeleType.cs: 31fa97821c4c70f157ec81d507aa6b62 -> 
  custom:scripting/monoscript/fileName/Benchmark04.cs: 32220b148620e52aa81c13a114862bf4 -> 
  custom:scripting/monoscript/fileName/TextMove.cs: fbecd3f268374313100fa014bdf91c18 -> 
  custom:container-muxer-webm: aa71ff27fc2769a1b78a27578f13a17b -> 
  custom:video-decoder-webm-vp8: 9c59270c3fd7afecdb556c50c9e8de78 -> 
  custom:scripting/monoscript/fileName/TMP_PhoneNumberValidator.cs: 7c3049f481e464c6a9a15dee56c3126f -> 
  custom:SearchIndexIgnoredProperties: e643bd26f0fe6173181afceb89e7c659 -> 
  custom:AudioImporter_EditorPlatform: 3918e3fc78b5a79bad01e8451be0beb8 -> 
  custom:scripting/monoscript/fileName/EnvMapAnimator.cs: 1b4f61c17e4b7283c3ac351aacff9d26 -> 
  custom:scripting/monoscript/fileName/ShaderPropAnimator.cs: 55ce425812446482e623ff2695c94cb2 -> 
  custom:scripting/monoscript/fileName/SimpleScript.cs: 454caab0c6c050f29b39d82e1d66d0fa -> 
  custom:scripting/monoscript/fileName/ObjectSpin.cs: 2b96bb2079dd7fa5108d981627a28e1e -> 
  custom:scripting/monoscript/fileName/DojoMove.cs: f8c6c934a3065aa4afaead1f80b93146 -> 
  custom:scripting/monoscript/fileName/CameraController.cs: 34b6be4e23ce86dc89786916c5983296 -> 
  custom:scripting/monoscript/fileName/TMP_TextInfoDebugTool.cs: 3f1709cfb2cc628169113a35b5e9be3f -> 
  custom:framework-osx-AVFoundation: e770b220cccbd017edd2c1fefb359320 -> 
  custom:scripting/monoscript/fileName/TMP_TextSelector_A.cs: 347309a09d56e367b188a6978f75b424 -> 
  custom:video-encoder-webm-vp8: eb34c28f22e8b96e1ab97ce403110664 -> 
  custom:audio-decoder-ogg-vorbis: bf7c407c2cedff20999df2af8eb42d56 -> 
  custom:scripting/monoscript/fileName/VertexJitter.cs: d27eb5498e48714a66aece98da065133 -> 
  custom:scripting/monoscript/fileName/TextConsoleSimulator.cs: 33fc311abb20b5b0ed8f00e4d86b574e -> 
  custom:scripting/monoscript/fileName/VertexColorCycler.cs: 5f984ca91cf3609293aecc6bc5641572 -> 
  custom:scripting/monoscript/fileName/TMP_FrameRateCounter.cs: 46f655df8cb483ac5958307137b1585a -> 
  custom:scripting/monoscript/fileName/VertexShakeB.cs: a6f78c4fcda1a29a1a1c1baefedba9e7 -> 
  custom:scripting/monoscript/fileName/TMP_UiFrameRateCounter.cs: b01021aea19247f14a98ab338907956a -> 
  custom:scripting/monoscript/fileName/TMPro_InstructionOverlay.cs: b626d2270e6ebd5c4311585c18b58d8d -> 
  custom:scripting/monoscript/fileName/TMP_DigitValidator.cs: ac02af96215ae3951a3cce9e1a8c6085 -> 
  custom:audio-encoder-webm-vorbis: bf7c407c2cedff20999df2af8eb42d56 -> 
  custom:scripting/monoscript/fileName/Benchmark01_UGUI.cs: 6148cfe2627b7708298f301788144139 -> 
  custom:scripting/precompiled-assembly-types:Assembly-CSharp: 1fc1bef9b9d749fbe7c651c2d10de0d9 -> 6032c0c933c699fe27c13914a3aaee66
  custom:scripting/monoscript/fileName/Benchmark03.cs: 17cc87e0529ac71d909a946afb47a274 -> 
========================================================================
Received Prepare
Caller must complete domain reload
Begin MonoManager ReloadAssembly
Thread 0x16dd5f000 may have been prematurely finalized
- Loaded All Assemblies, in  0.202 seconds
Native extension for WindowsStandalone target not found
Native extension for OSXStandalone target not found
Mono: successfully reloaded assembly
- Finished resetting the current domain, in  0.365 seconds
Domain Reload Profiling: 568ms
	BeginReloadAssembly (72ms)
		ExecutionOrderSort (0ms)
		DisableScriptedObjects (3ms)
		BackupInstance (0ms)
		ReleaseScriptingObjects (0ms)
		CreateAndSetChildDomain (22ms)
	RebuildCommonClasses (21ms)
	RebuildNativeTypeToScriptingClass (8ms)
	initialDomainReloadingComplete (12ms)
	LoadAllAssembliesAndSetupDomain (90ms)
		LoadAssemblies (106ms)
		RebuildTransferFunctionScriptingTraits (0ms)
		AnalyzeDomain (10ms)
			TypeCache.Refresh (6ms)
				TypeCache.ScanAssembly (0ms)
			ScanForSourceGeneratedMonoScriptInfo (0ms)
			ResolveRequiredComponents (3ms)
	FinalizeReload (366ms)
		ReleaseScriptCaches (0ms)
		RebuildScriptCaches (0ms)
		SetupLoadedEditorAssemblies (213ms)
			LogAssemblyErrors (0ms)
			InitializePlatformSupportModulesInManaged (4ms)
			SetLoadedEditorAssemblies (3ms)
			RefreshPlugins (0ms)
			BeforeProcessingInitializeOnLoad (29ms)
			ProcessInitializeOnLoadAttributes (164ms)
			ProcessInitializeOnLoadMethodAttributes (12ms)
			AfterProcessingInitializeOnLoad (1ms)
			EditorAssembliesLoaded (0ms)
		ExecutionOrderSort2 (0ms)
		AwakeInstancesAfterBackupRestoration (2ms)
Refreshing native plugins compatible for Editor in 0.85 ms, found 3 plugins.
Preloading 0 native plugins for Editor in 0.00 ms.
Unloading 3005 Unused Serialized files (Serialized files now loaded: 0)
Unloading 25 unused Assets / (0.6 MB). Loaded Objects now: 3605.
Memory consumption went from 282.2 MB to 281.6 MB.
Total: 2.971583 ms (FindLiveObjects: 0.134625 ms CreateObjectMapping: 0.068000 ms MarkObjects: 2.435708 ms  DeleteObjects: 0.332875 ms)

Prepare: number of updated asset objects reloaded= 0
AssetImportParameters requested are different than current active one (requested -> active):
  custom:scripting/monoscript/fileName/SkewTextExample.cs: c142d02d70a129e0533975f7c2f96956 -> 
  custom:container-demuxer-ogg: 62fdf1f143b41e24485cea50d1cbac27 -> 
  custom:scripting/monoscript/fileName/TMP_TextEventHandler.cs: f5cd9d5a43bfefc8f4fec80e6de896a4 -> 
  custom:scripting/monoscript/fileName/TextMeshProFloatingText.cs: 92608fa4a6315cd0786d82205e77b697 -> 
  custom:scripting/monoscript/fileName/VertexZoom.cs: 650ab1e81d40126e3edcf737cce646e4 -> 
  custom:scripting/monoscript/fileName/VertexShakeA.cs: 63ec564c588058369499638dd899e05b -> 
  custom:scripting/monoscript/fileName/TMP_ExampleScript_01.cs: a9d4be556104ff54e7d240529b3e01dc -> 
  custom:video-decoder-ogg-theora: a1e56fd34408186e4bbccfd4996cb3dc -> 
  custom:scripting/monoscript/fileName/TMP_TextEventCheck.cs: 13505d917eab5868c435e0c2986dadfa -> 
  custom:scripting/monoscript/fileName/TMP_TextSelector_B.cs: ba2be21a7486d37b1011342977a2e49d -> 
  custom:scripting/monoscript/fileName/Benchmark01.cs: 2d3e2cd961730ab95f139a49a673bace -> 
  custom:scripting/monoscript/fileName/NewBehaviourScript.cs: b21687ddb03d73bd9f0c1daecb9714de -> 
  custom:scripting/monoscript/fileName/Benchmark02.cs: 5640963252ce70910e726415f869ced6 -> 
  custom:scripting/monoscript/fileName/DropdownSample.cs: 0a92251794e5f10400149f96c3c59e5d -> 
  custom:scripting/monoscript/fileName/WarpTextExample.cs: 2663459c266363641981c7d17b698d7f -> 
  custom:CustomObjectIndexerAttribute: 9a22284fe3817be447336de3de66b15e -> 
  custom:container-demuxer-webm: 4f35f7cbe854078d1ac9338744f61a02 -> 
  custom:scripting/monoscript/fileName/ChatController.cs: 876d5ccae6e345dd5d9450eb0a748f16 -> 
  custom:scripting/monoscript/fileName/TextMeshSpawner.cs: 76f28e2ddb031571e6ec62b018f65fa8 -> 
  custom:scripting/monoscript/fileName/TeleType.cs: 31fa97821c4c70f157ec81d507aa6b62 -> 
  custom:scripting/monoscript/fileName/Benchmark04.cs: 32220b148620e52aa81c13a114862bf4 -> 
  custom:scripting/monoscript/fileName/TextMove.cs: fbecd3f268374313100fa014bdf91c18 -> 
  custom:container-muxer-webm: aa71ff27fc2769a1b78a27578f13a17b -> 
  custom:video-decoder-webm-vp8: 9c59270c3fd7afecdb556c50c9e8de78 -> 
  custom:scripting/monoscript/fileName/TMP_PhoneNumberValidator.cs: 7c3049f481e464c6a9a15dee56c3126f -> 
  custom:SearchIndexIgnoredProperties: e643bd26f0fe6173181afceb89e7c659 -> 
  custom:AudioImporter_EditorPlatform: 3918e3fc78b5a79bad01e8451be0beb8 -> 
  custom:scripting/monoscript/fileName/EnvMapAnimator.cs: 1b4f61c17e4b7283c3ac351aacff9d26 -> 
  custom:scripting/monoscript/fileName/ShaderPropAnimator.cs: 55ce425812446482e623ff2695c94cb2 -> 
  custom:scripting/monoscript/fileName/SimpleScript.cs: 454caab0c6c050f29b39d82e1d66d0fa -> 
  custom:scripting/monoscript/fileName/ObjectSpin.cs: 2b96bb2079dd7fa5108d981627a28e1e -> 
  custom:scripting/monoscript/fileName/DojoMove.cs: f8c6c934a3065aa4afaead1f80b93146 -> 
  custom:scripting/monoscript/fileName/CameraController.cs: 34b6be4e23ce86dc89786916c5983296 -> 
  custom:scripting/monoscript/fileName/TMP_TextInfoDebugTool.cs: 3f1709cfb2cc628169113a35b5e9be3f -> 
  custom:framework-osx-AVFoundation: e770b220cccbd017edd2c1fefb359320 -> 
  custom:scripting/monoscript/fileName/TMP_TextSelector_A.cs: 347309a09d56e367b188a6978f75b424 -> 
  custom:video-encoder-webm-vp8: eb34c28f22e8b96e1ab97ce403110664 -> 
  custom:audio-decoder-ogg-vorbis: bf7c407c2cedff20999df2af8eb42d56 -> 
  custom:scripting/monoscript/fileName/VertexJitter.cs: d27eb5498e48714a66aece98da065133 -> 
  custom:scripting/monoscript/fileName/TextConsoleSimulator.cs: 33fc311abb20b5b0ed8f00e4d86b574e -> 
  custom:scripting/monoscript/fileName/VertexColorCycler.cs: 5f984ca91cf3609293aecc6bc5641572 -> 
  custom:scripting/monoscript/fileName/TMP_FrameRateCounter.cs: 46f655df8cb483ac5958307137b1585a -> 
  custom:scripting/monoscript/fileName/VertexShakeB.cs: a6f78c4fcda1a29a1a1c1baefedba9e7 -> 
  custom:scripting/monoscript/fileName/TMP_UiFrameRateCounter.cs: b01021aea19247f14a98ab338907956a -> 
  custom:scripting/monoscript/fileName/TMPro_InstructionOverlay.cs: b626d2270e6ebd5c4311585c18b58d8d -> 
  custom:scripting/monoscript/fileName/TMP_DigitValidator.cs: ac02af96215ae3951a3cce9e1a8c6085 -> 
  custom:audio-encoder-webm-vorbis: bf7c407c2cedff20999df2af8eb42d56 -> 
  custom:scripting/monoscript/fileName/Benchmark01_UGUI.cs: 6148cfe2627b7708298f301788144139 -> 
  custom:scripting/precompiled-assembly-types:Assembly-CSharp: 1fc1bef9b9d749fbe7c651c2d10de0d9 -> 6032c0c933c699fe27c13914a3aaee66
  custom:scripting/monoscript/fileName/Benchmark03.cs: 17cc87e0529ac71d909a946afb47a274 -> 
========================================================================
Received Prepare
Caller must complete domain reload
Begin MonoManager ReloadAssembly
Thread 0x16dd5f000 may have been prematurely finalized
- Loaded All Assemblies, in  0.236 seconds
Native extension for WindowsStandalone target not found
Native extension for OSXStandalone target not found
Mono: successfully reloaded assembly
- Finished resetting the current domain, in  0.579 seconds
Domain Reload Profiling: 816ms
	BeginReloadAssembly (73ms)
		ExecutionOrderSort (0ms)
		DisableScriptedObjects (3ms)
		BackupInstance (0ms)
		ReleaseScriptingObjects (0ms)
		CreateAndSetChildDomain (22ms)
	RebuildCommonClasses (23ms)
	RebuildNativeTypeToScriptingClass (8ms)
	initialDomainReloadingComplete (13ms)
	LoadAllAssembliesAndSetupDomain (120ms)
		LoadAssemblies (133ms)
		RebuildTransferFunctionScriptingTraits (0ms)
		AnalyzeDomain (16ms)
			TypeCache.Refresh (7ms)
				TypeCache.ScanAssembly (1ms)
			ScanForSourceGeneratedMonoScriptInfo (4ms)
			ResolveRequiredComponents (3ms)
	FinalizeReload (579ms)
		ReleaseScriptCaches (0ms)
		RebuildScriptCaches (0ms)
		SetupLoadedEditorAssemblies (197ms)
			LogAssemblyErrors (0ms)
			InitializePlatformSupportModulesInManaged (3ms)
			SetLoadedEditorAssemblies (2ms)
			RefreshPlugins (0ms)
			BeforeProcessingInitializeOnLoad (28ms)
			ProcessInitializeOnLoadAttributes (152ms)
			ProcessInitializeOnLoadMethodAttributes (11ms)
			AfterProcessingInitializeOnLoad (1ms)
			EditorAssembliesLoaded (0ms)
		ExecutionOrderSort2 (0ms)
		AwakeInstancesAfterBackupRestoration (2ms)
Refreshing native plugins compatible for Editor in 0.79 ms, found 3 plugins.
Preloading 0 native plugins for Editor in 0.00 ms.
Unloading 3006 Unused Serialized files (Serialized files now loaded: 0)
Unloading 25 unused Assets / (0.6 MB). Loaded Objects now: 3609.
Memory consumption went from 287.3 MB to 286.8 MB.
Total: 2.562541 ms (FindLiveObjects: 0.127041 ms CreateObjectMapping: 0.058042 ms MarkObjects: 2.151417 ms  DeleteObjects: 0.225458 ms)

Prepare: number of updated asset objects reloaded= 0
AssetImportParameters requested are different than current active one (requested -> active):
  custom:scripting/monoscript/fileName/SkewTextExample.cs: c142d02d70a129e0533975f7c2f96956 -> 
  custom:container-demuxer-ogg: 62fdf1f143b41e24485cea50d1cbac27 -> 
  custom:scripting/monoscript/fileName/TMP_TextEventHandler.cs: f5cd9d5a43bfefc8f4fec80e6de896a4 -> 
  custom:scripting/monoscript/fileName/TextMeshProFloatingText.cs: 92608fa4a6315cd0786d82205e77b697 -> 
  custom:scripting/monoscript/fileName/VertexZoom.cs: 650ab1e81d40126e3edcf737cce646e4 -> 
  custom:scripting/monoscript/fileName/PressSpaceHandler.cs: 799694d584b6dc4a89e3e3e12c299a26 -> 
  custom:scripting/monoscript/fileName/VertexShakeA.cs: 63ec564c588058369499638dd899e05b -> 
  custom:scripting/monoscript/fileName/TMP_ExampleScript_01.cs: a9d4be556104ff54e7d240529b3e01dc -> 
  custom:video-decoder-ogg-theora: a1e56fd34408186e4bbccfd4996cb3dc -> 
  custom:scripting/monoscript/fileName/TMP_TextEventCheck.cs: 13505d917eab5868c435e0c2986dadfa -> 
  custom:scripting/monoscript/fileName/TMP_TextSelector_B.cs: ba2be21a7486d37b1011342977a2e49d -> 
  custom:scripting/monoscript/fileName/Benchmark01.cs: 2d3e2cd961730ab95f139a49a673bace -> 
  custom:scripting/monoscript/fileName/NewBehaviourScript.cs: b21687ddb03d73bd9f0c1daecb9714de -> 
  custom:scripting/monoscript/fileName/Benchmark02.cs: 5640963252ce70910e726415f869ced6 -> 
  custom:scripting/monoscript/fileName/DropdownSample.cs: 0a92251794e5f10400149f96c3c59e5d -> 
  custom:scripting/monoscript/fileName/WarpTextExample.cs: 2663459c266363641981c7d17b698d7f -> 
  custom:CustomObjectIndexerAttribute: 9a22284fe3817be447336de3de66b15e -> 
  custom:container-demuxer-webm: 4f35f7cbe854078d1ac9338744f61a02 -> 
  custom:scripting/monoscript/fileName/ChatController.cs: 876d5ccae6e345dd5d9450eb0a748f16 -> 
  custom:scripting/monoscript/fileName/TextMeshSpawner.cs: 76f28e2ddb031571e6ec62b018f65fa8 -> 
  custom:scripting/monoscript/fileName/TeleType.cs: 31fa97821c4c70f157ec81d507aa6b62 -> 
  custom:scripting/monoscript/fileName/Benchmark04.cs: 32220b148620e52aa81c13a114862bf4 -> 
  custom:scripting/monoscript/fileName/TextMove.cs: fbecd3f268374313100fa014bdf91c18 -> 
  custom:container-muxer-webm: aa71ff27fc2769a1b78a27578f13a17b -> 
  custom:video-decoder-webm-vp8: 9c59270c3fd7afecdb556c50c9e8de78 -> 
  custom:scripting/monoscript/fileName/TMP_PhoneNumberValidator.cs: 7c3049f481e464c6a9a15dee56c3126f -> 
  custom:SearchIndexIgnoredProperties: e643bd26f0fe6173181afceb89e7c659 -> 
  custom:AudioImporter_EditorPlatform: 3918e3fc78b5a79bad01e8451be0beb8 -> 
  custom:scripting/monoscript/fileName/EnvMapAnimator.cs: 1b4f61c17e4b7283c3ac351aacff9d26 -> 
  custom:scripting/monoscript/fileName/ShaderPropAnimator.cs: 55ce425812446482e623ff2695c94cb2 -> 
  custom:scripting/monoscript/fileName/SimpleScript.cs: 454caab0c6c050f29b39d82e1d66d0fa -> 
  custom:scripting/monoscript/fileName/ObjectSpin.cs: 2b96bb2079dd7fa5108d981627a28e1e -> 
  custom:scripting/monoscript/fileName/DojoMove.cs: f8c6c934a3065aa4afaead1f80b93146 -> 
  custom:scripting/monoscript/fileName/CameraController.cs: 34b6be4e23ce86dc89786916c5983296 -> 
  custom:scripting/monoscript/fileName/TMP_TextInfoDebugTool.cs: 3f1709cfb2cc628169113a35b5e9be3f -> 
  custom:framework-osx-AVFoundation: e770b220cccbd017edd2c1fefb359320 -> 
  custom:scripting/monoscript/fileName/TMP_TextSelector_A.cs: 347309a09d56e367b188a6978f75b424 -> 
  custom:video-encoder-webm-vp8: eb34c28f22e8b96e1ab97ce403110664 -> 
  custom:audio-decoder-ogg-vorbis: bf7c407c2cedff20999df2af8eb42d56 -> 
  custom:scripting/monoscript/fileName/VertexJitter.cs: d27eb5498e48714a66aece98da065133 -> 
  custom:scripting/monoscript/fileName/TextConsoleSimulator.cs: 33fc311abb20b5b0ed8f00e4d86b574e -> 
  custom:scripting/monoscript/fileName/VertexColorCycler.cs: 5f984ca91cf3609293aecc6bc5641572 -> 
  custom:scripting/monoscript/fileName/TMP_FrameRateCounter.cs: 46f655df8cb483ac5958307137b1585a -> 
  custom:scripting/monoscript/fileName/VertexShakeB.cs: a6f78c4fcda1a29a1a1c1baefedba9e7 -> 
  custom:scripting/monoscript/fileName/TMP_UiFrameRateCounter.cs: b01021aea19247f14a98ab338907956a -> 
  custom:scripting/monoscript/fileName/TMPro_InstructionOverlay.cs: b626d2270e6ebd5c4311585c18b58d8d -> 
  custom:scripting/monoscript/fileName/TMP_DigitValidator.cs: ac02af96215ae3951a3cce9e1a8c6085 -> 
  custom:audio-encoder-webm-vorbis: bf7c407c2cedff20999df2af8eb42d56 -> 
  custom:scripting/monoscript/fileName/Benchmark01_UGUI.cs: 6148cfe2627b7708298f301788144139 -> 
  custom:scripting/precompiled-assembly-types:Assembly-CSharp: 426b007aba9b99b6f2fbe76277f24e86 -> 6032c0c933c699fe27c13914a3aaee66
  custom:scripting/monoscript/fileName/Benchmark03.cs: 17cc87e0529ac71d909a946afb47a274 -> 
========================================================================
Received Prepare
Caller must complete domain reload
Begin MonoManager ReloadAssembly
Thread 0x16dd5f000 may have been prematurely finalized
- Loaded All Assemblies, in  0.206 seconds
Native extension for WindowsStandalone target not found
Native extension for OSXStandalone target not found
Mono: successfully reloaded assembly
- Finished resetting the current domain, in  0.350 seconds
Domain Reload Profiling: 556ms
	BeginReloadAssembly (71ms)
		ExecutionOrderSort (0ms)
		DisableScriptedObjects (3ms)
		BackupInstance (0ms)
		ReleaseScriptingObjects (0ms)
		CreateAndSetChildDomain (21ms)
	RebuildCommonClasses (22ms)
	RebuildNativeTypeToScriptingClass (8ms)
	initialDomainReloadingComplete (12ms)
	LoadAllAssembliesAndSetupDomain (93ms)
		LoadAssemblies (105ms)
		RebuildTransferFunctionScriptingTraits (0ms)
		AnalyzeDomain (15ms)
			TypeCache.Refresh (7ms)
				TypeCache.ScanAssembly (1ms)
			ScanForSourceGeneratedMonoScriptInfo (4ms)
			ResolveRequiredComponents (3ms)
	FinalizeReload (350ms)
		ReleaseScriptCaches (0ms)
		RebuildScriptCaches (0ms)
		SetupLoadedEditorAssemblies (194ms)
			LogAssemblyErrors (0ms)
			InitializePlatformSupportModulesInManaged (3ms)
			SetLoadedEditorAssemblies (2ms)
			RefreshPlugins (0ms)
			BeforeProcessingInitializeOnLoad (28ms)
			ProcessInitializeOnLoadAttributes (150ms)
			ProcessInitializeOnLoadMethodAttributes (10ms)
			AfterProcessingInitializeOnLoad (1ms)
			EditorAssembliesLoaded (0ms)
		ExecutionOrderSort2 (0ms)
		AwakeInstancesAfterBackupRestoration (2ms)
Refreshing native plugins compatible for Editor in 0.71 ms, found 3 plugins.
Preloading 0 native plugins for Editor in 0.00 ms.
Unloading 3006 Unused Serialized files (Serialized files now loaded: 0)
Unloading 25 unused Assets / (0.6 MB). Loaded Objects now: 3612.
Memory consumption went from 292.5 MB to 291.9 MB.
Total: 2.346167 ms (FindLiveObjects: 0.124833 ms CreateObjectMapping: 0.046458 ms MarkObjects: 1.989417 ms  DeleteObjects: 0.184917 ms)

Prepare: number of updated asset objects reloaded= 0
AssetImportParameters requested are different than current active one (requested -> active):
  custom:scripting/monoscript/fileName/SkewTextExample.cs: c142d02d70a129e0533975f7c2f96956 -> 
  custom:container-demuxer-ogg: 62fdf1f143b41e24485cea50d1cbac27 -> 
  custom:scripting/monoscript/fileName/TMP_TextEventHandler.cs: f5cd9d5a43bfefc8f4fec80e6de896a4 -> 
  custom:scripting/monoscript/fileName/TextMeshProFloatingText.cs: 92608fa4a6315cd0786d82205e77b697 -> 
  custom:scripting/monoscript/fileName/VertexZoom.cs: 650ab1e81d40126e3edcf737cce646e4 -> 
  custom:scripting/monoscript/fileName/PressSpaceHandler.cs: 799694d584b6dc4a89e3e3e12c299a26 -> 
  custom:scripting/monoscript/fileName/VertexShakeA.cs: 63ec564c588058369499638dd899e05b -> 
  custom:scripting/monoscript/fileName/TMP_ExampleScript_01.cs: a9d4be556104ff54e7d240529b3e01dc -> 
  custom:video-decoder-ogg-theora: a1e56fd34408186e4bbccfd4996cb3dc -> 
  custom:scripting/monoscript/fileName/TMP_TextEventCheck.cs: 13505d917eab5868c435e0c2986dadfa -> 
  custom:scripting/monoscript/fileName/TMP_TextSelector_B.cs: ba2be21a7486d37b1011342977a2e49d -> 
  custom:scripting/monoscript/fileName/Benchmark01.cs: 2d3e2cd961730ab95f139a49a673bace -> 
  custom:scripting/monoscript/fileName/NewBehaviourScript.cs: b21687ddb03d73bd9f0c1daecb9714de -> 
  custom:scripting/monoscript/fileName/Benchmark02.cs: 5640963252ce70910e726415f869ced6 -> 
  custom:scripting/monoscript/fileName/DropdownSample.cs: 0a92251794e5f10400149f96c3c59e5d -> 
  custom:scripting/monoscript/fileName/WarpTextExample.cs: 2663459c266363641981c7d17b698d7f -> 
  custom:CustomObjectIndexerAttribute: 9a22284fe3817be447336de3de66b15e -> 
  custom:container-demuxer-webm: 4f35f7cbe854078d1ac9338744f61a02 -> 
  custom:scripting/monoscript/fileName/ChatController.cs: 876d5ccae6e345dd5d9450eb0a748f16 -> 
  custom:scripting/monoscript/fileName/TextMeshSpawner.cs: 76f28e2ddb031571e6ec62b018f65fa8 -> 
  custom:scripting/monoscript/fileName/TeleType.cs: 31fa97821c4c70f157ec81d507aa6b62 -> 
  custom:scripting/monoscript/fileName/Benchmark04.cs: 32220b148620e52aa81c13a114862bf4 -> 
  custom:scripting/monoscript/fileName/TextMove.cs: fbecd3f268374313100fa014bdf91c18 -> 
  custom:container-muxer-webm: aa71ff27fc2769a1b78a27578f13a17b -> 
  custom:video-decoder-webm-vp8: 9c59270c3fd7afecdb556c50c9e8de78 -> 
  custom:scripting/monoscript/fileName/TMP_PhoneNumberValidator.cs: 7c3049f481e464c6a9a15dee56c3126f -> 
  custom:SearchIndexIgnoredProperties: e643bd26f0fe6173181afceb89e7c659 -> 
  custom:AudioImporter_EditorPlatform: 3918e3fc78b5a79bad01e8451be0beb8 -> 
  custom:scripting/monoscript/fileName/EnvMapAnimator.cs: 1b4f61c17e4b7283c3ac351aacff9d26 -> 
  custom:scripting/monoscript/fileName/ShaderPropAnimator.cs: 55ce425812446482e623ff2695c94cb2 -> 
  custom:scripting/monoscript/fileName/SimpleScript.cs: 454caab0c6c050f29b39d82e1d66d0fa -> 
  custom:scripting/monoscript/fileName/ObjectSpin.cs: 2b96bb2079dd7fa5108d981627a28e1e -> 
  custom:scripting/monoscript/fileName/DojoMove.cs: f8c6c934a3065aa4afaead1f80b93146 -> 
  custom:scripting/monoscript/fileName/CameraController.cs: 34b6be4e23ce86dc89786916c5983296 -> 
  custom:scripting/monoscript/fileName/TMP_TextInfoDebugTool.cs: 3f1709cfb2cc628169113a35b5e9be3f -> 
  custom:framework-osx-AVFoundation: e770b220cccbd017edd2c1fefb359320 -> 
  custom:scripting/monoscript/fileName/TMP_TextSelector_A.cs: 347309a09d56e367b188a6978f75b424 -> 
  custom:video-encoder-webm-vp8: eb34c28f22e8b96e1ab97ce403110664 -> 
  custom:audio-decoder-ogg-vorbis: bf7c407c2cedff20999df2af8eb42d56 -> 
  custom:scripting/monoscript/fileName/VertexJitter.cs: d27eb5498e48714a66aece98da065133 -> 
  custom:scripting/monoscript/fileName/TextConsoleSimulator.cs: 33fc311abb20b5b0ed8f00e4d86b574e -> 
  custom:scripting/monoscript/fileName/VertexColorCycler.cs: 5f984ca91cf3609293aecc6bc5641572 -> 
  custom:scripting/monoscript/fileName/TMP_FrameRateCounter.cs: 46f655df8cb483ac5958307137b1585a -> 
  custom:scripting/monoscript/fileName/VertexShakeB.cs: a6f78c4fcda1a29a1a1c1baefedba9e7 -> 
  custom:scripting/monoscript/fileName/TMP_UiFrameRateCounter.cs: b01021aea19247f14a98ab338907956a -> 
  custom:scripting/monoscript/fileName/TMPro_InstructionOverlay.cs: b626d2270e6ebd5c4311585c18b58d8d -> 
  custom:scripting/monoscript/fileName/TMP_DigitValidator.cs: ac02af96215ae3951a3cce9e1a8c6085 -> 
  custom:audio-encoder-webm-vorbis: bf7c407c2cedff20999df2af8eb42d56 -> 
  custom:scripting/monoscript/fileName/Benchmark01_UGUI.cs: 6148cfe2627b7708298f301788144139 -> 
  custom:scripting/precompiled-assembly-types:Assembly-CSharp: 5d31f98b68c35686361f1fa59af3722e -> 6032c0c933c699fe27c13914a3aaee66
  custom:scripting/monoscript/fileName/Benchmark03.cs: 17cc87e0529ac71d909a946afb47a274 -> 
========================================================================
Received Prepare
Caller must complete domain reload
Begin MonoManager ReloadAssembly
Thread 0x16dd5f000 may have been prematurely finalized
- Loaded All Assemblies, in  0.224 seconds
Native extension for WindowsStandalone target not found
Native extension for OSXStandalone target not found
Mono: successfully reloaded assembly
- Finished resetting the current domain, in  0.371 seconds
Domain Reload Profiling: 596ms
	BeginReloadAssembly (72ms)
		ExecutionOrderSort (0ms)
		DisableScriptedObjects (3ms)
		BackupInstance (0ms)
		ReleaseScriptingObjects (0ms)
		CreateAndSetChildDomain (21ms)
	RebuildCommonClasses (21ms)
	RebuildNativeTypeToScriptingClass (8ms)
	initialDomainReloadingComplete (12ms)
	LoadAllAssembliesAndSetupDomain (111ms)
		LoadAssemblies (128ms)
		RebuildTransferFunctionScriptingTraits (0ms)
		AnalyzeDomain (10ms)
			TypeCache.Refresh (6ms)
				TypeCache.ScanAssembly (0ms)
			ScanForSourceGeneratedMonoScriptInfo (0ms)
			ResolveRequiredComponents (3ms)
	FinalizeReload (371ms)
		ReleaseScriptCaches (0ms)
		RebuildScriptCaches (0ms)
		SetupLoadedEditorAssemblies (216ms)
			LogAssemblyErrors (0ms)
			InitializePlatformSupportModulesInManaged (4ms)
			SetLoadedEditorAssemblies (3ms)
			RefreshPlugins (0ms)
			BeforeProcessingInitializeOnLoad (32ms)
			ProcessInitializeOnLoadAttributes (164ms)
			ProcessInitializeOnLoadMethodAttributes (12ms)
			AfterProcessingInitializeOnLoad (1ms)
			EditorAssembliesLoaded (0ms)
		ExecutionOrderSort2 (0ms)
		AwakeInstancesAfterBackupRestoration (3ms)
Refreshing native plugins compatible for Editor in 0.84 ms, found 3 plugins.
Preloading 0 native plugins for Editor in 0.00 ms.
Unloading 3006 Unused Serialized files (Serialized files now loaded: 0)
Unloading 25 unused Assets / (0.6 MB). Loaded Objects now: 3615.
Memory consumption went from 297.6 MB to 297.0 MB.
Total: 3.143541 ms (FindLiveObjects: 0.199625 ms CreateObjectMapping: 0.127375 ms MarkObjects: 2.514541 ms  DeleteObjects: 0.300958 ms)

Prepare: number of updated asset objects reloaded= 0
AssetImportParameters requested are different than current active one (requested -> active):
  custom:scripting/monoscript/fileName/SkewTextExample.cs: c142d02d70a129e0533975f7c2f96956 -> 
  custom:container-demuxer-ogg: 62fdf1f143b41e24485cea50d1cbac27 -> 
  custom:scripting/monoscript/fileName/TMP_TextEventHandler.cs: f5cd9d5a43bfefc8f4fec80e6de896a4 -> 
  custom:scripting/monoscript/fileName/TextMeshProFloatingText.cs: 92608fa4a6315cd0786d82205e77b697 -> 
  custom:scripting/monoscript/fileName/VertexZoom.cs: 650ab1e81d40126e3edcf737cce646e4 -> 
  custom:scripting/monoscript/fileName/PressSpaceHandler.cs: 799694d584b6dc4a89e3e3e12c299a26 -> 
  custom:scripting/monoscript/fileName/VertexShakeA.cs: 63ec564c588058369499638dd899e05b -> 
  custom:scripting/monoscript/fileName/TMP_ExampleScript_01.cs: a9d4be556104ff54e7d240529b3e01dc -> 
  custom:video-decoder-ogg-theora: a1e56fd34408186e4bbccfd4996cb3dc -> 
  custom:scripting/monoscript/fileName/TMP_TextEventCheck.cs: 13505d917eab5868c435e0c2986dadfa -> 
  custom:scripting/monoscript/fileName/TMP_TextSelector_B.cs: ba2be21a7486d37b1011342977a2e49d -> 
  custom:scripting/monoscript/fileName/Benchmark01.cs: 2d3e2cd961730ab95f139a49a673bace -> 
  custom:scripting/monoscript/fileName/NewBehaviourScript.cs: b21687ddb03d73bd9f0c1daecb9714de -> 
  custom:scripting/monoscript/fileName/Benchmark02.cs: 5640963252ce70910e726415f869ced6 -> 
  custom:scripting/monoscript/fileName/DropdownSample.cs: 0a92251794e5f10400149f96c3c59e5d -> 
  custom:scripting/monoscript/fileName/WarpTextExample.cs: 2663459c266363641981c7d17b698d7f -> 
  custom:CustomObjectIndexerAttribute: 9a22284fe3817be447336de3de66b15e -> 
  custom:container-demuxer-webm: 4f35f7cbe854078d1ac9338744f61a02 -> 
  custom:scripting/monoscript/fileName/ChatController.cs: 876d5ccae6e345dd5d9450eb0a748f16 -> 
  custom:scripting/monoscript/fileName/TextMeshSpawner.cs: 76f28e2ddb031571e6ec62b018f65fa8 -> 
  custom:scripting/monoscript/fileName/TeleType.cs: 31fa97821c4c70f157ec81d507aa6b62 -> 
  custom:scripting/monoscript/fileName/Benchmark04.cs: 32220b148620e52aa81c13a114862bf4 -> 
  custom:scripting/monoscript/fileName/TextMove.cs: fbecd3f268374313100fa014bdf91c18 -> 
  custom:container-muxer-webm: aa71ff27fc2769a1b78a27578f13a17b -> 
  custom:video-decoder-webm-vp8: 9c59270c3fd7afecdb556c50c9e8de78 -> 
  custom:scripting/monoscript/fileName/TMP_PhoneNumberValidator.cs: 7c3049f481e464c6a9a15dee56c3126f -> 
  custom:SearchIndexIgnoredProperties: e643bd26f0fe6173181afceb89e7c659 -> 
  custom:AudioImporter_EditorPlatform: 3918e3fc78b5a79bad01e8451be0beb8 -> 
  custom:scripting/monoscript/fileName/EnvMapAnimator.cs: 1b4f61c17e4b7283c3ac351aacff9d26 -> 
  custom:scripting/monoscript/fileName/ShaderPropAnimator.cs: 55ce425812446482e623ff2695c94cb2 -> 
  custom:scripting/monoscript/fileName/SimpleScript.cs: 454caab0c6c050f29b39d82e1d66d0fa -> 
  custom:scripting/monoscript/fileName/ObjectSpin.cs: 2b96bb2079dd7fa5108d981627a28e1e -> 
  custom:scripting/monoscript/fileName/DojoMove.cs: f8c6c934a3065aa4afaead1f80b93146 -> 
  custom:scripting/monoscript/fileName/CameraController.cs: 34b6be4e23ce86dc89786916c5983296 -> 
  custom:scripting/monoscript/fileName/TMP_TextInfoDebugTool.cs: 3f1709cfb2cc628169113a35b5e9be3f -> 
  custom:framework-osx-AVFoundation: e770b220cccbd017edd2c1fefb359320 -> 
  custom:scripting/monoscript/fileName/TMP_TextSelector_A.cs: 347309a09d56e367b188a6978f75b424 -> 
  custom:video-encoder-webm-vp8: eb34c28f22e8b96e1ab97ce403110664 -> 
  custom:audio-decoder-ogg-vorbis: bf7c407c2cedff20999df2af8eb42d56 -> 
  custom:scripting/monoscript/fileName/VertexJitter.cs: d27eb5498e48714a66aece98da065133 -> 
  custom:scripting/monoscript/fileName/TextConsoleSimulator.cs: 33fc311abb20b5b0ed8f00e4d86b574e -> 
  custom:scripting/monoscript/fileName/VertexColorCycler.cs: 5f984ca91cf3609293aecc6bc5641572 -> 
  custom:scripting/monoscript/fileName/TMP_FrameRateCounter.cs: 46f655df8cb483ac5958307137b1585a -> 
  custom:scripting/monoscript/fileName/VertexShakeB.cs: a6f78c4fcda1a29a1a1c1baefedba9e7 -> 
  custom:scripting/monoscript/fileName/TMP_UiFrameRateCounter.cs: b01021aea19247f14a98ab338907956a -> 
  custom:scripting/monoscript/fileName/TMPro_InstructionOverlay.cs: b626d2270e6ebd5c4311585c18b58d8d -> 
  custom:scripting/monoscript/fileName/TMP_DigitValidator.cs: ac02af96215ae3951a3cce9e1a8c6085 -> 
  custom:audio-encoder-webm-vorbis: bf7c407c2cedff20999df2af8eb42d56 -> 
  custom:scripting/monoscript/fileName/Benchmark01_UGUI.cs: 6148cfe2627b7708298f301788144139 -> 
  custom:scripting/precompiled-assembly-types:Assembly-CSharp: 5d31f98b68c35686361f1fa59af3722e -> 6032c0c933c699fe27c13914a3aaee66
  custom:scripting/monoscript/fileName/Benchmark03.cs: 17cc87e0529ac71d909a946afb47a274 -> 
========================================================================
Received Prepare
Caller must complete domain reload
Begin MonoManager ReloadAssembly
Thread 0x16dd5f000 may have been prematurely finalized
- Loaded All Assemblies, in  0.220 seconds
Native extension for WindowsStandalone target not found
Native extension for OSXStandalone target not found
Mono: successfully reloaded assembly
- Finished resetting the current domain, in  0.580 seconds
Domain Reload Profiling: 801ms
	BeginReloadAssembly (74ms)
		ExecutionOrderSort (0ms)
		DisableScriptedObjects (3ms)
		BackupInstance (0ms)
		ReleaseScriptingObjects (0ms)
		CreateAndSetChildDomain (22ms)
	RebuildCommonClasses (22ms)
	RebuildNativeTypeToScriptingClass (8ms)
	initialDomainReloadingComplete (13ms)
	LoadAllAssembliesAndSetupDomain (105ms)
		LoadAssemblies (123ms)
		RebuildTransferFunctionScriptingTraits (0ms)
		AnalyzeDomain (10ms)
			TypeCache.Refresh (6ms)
				TypeCache.ScanAssembly (0ms)
			ScanForSourceGeneratedMonoScriptInfo (0ms)
			ResolveRequiredComponents (4ms)
	FinalizeReload (580ms)
		ReleaseScriptCaches (0ms)
		RebuildScriptCaches (0ms)
		SetupLoadedEditorAssemblies (210ms)
			LogAssemblyErrors (0ms)
			InitializePlatformSupportModulesInManaged (3ms)
			SetLoadedEditorAssemblies (2ms)
			RefreshPlugins (0ms)
			BeforeProcessingInitializeOnLoad (29ms)
			ProcessInitializeOnLoadAttributes (162ms)
			ProcessInitializeOnLoadMethodAttributes (13ms)
			AfterProcessingInitializeOnLoad (1ms)
			EditorAssembliesLoaded (0ms)
		ExecutionOrderSort2 (0ms)
		AwakeInstancesAfterBackupRestoration (3ms)
Refreshing native plugins compatible for Editor in 0.83 ms, found 3 plugins.
Preloading 0 native plugins for Editor in 0.00 ms.
Unloading 3006 Unused Serialized files (Serialized files now loaded: 0)
Unloading 25 unused Assets / (0.6 MB). Loaded Objects now: 3618.
Memory consumption went from 302.7 MB to 302.1 MB.
Total: 2.283042 ms (FindLiveObjects: 0.120334 ms CreateObjectMapping: 0.049291 ms MarkObjects: 1.924292 ms  DeleteObjects: 0.188458 ms)

Prepare: number of updated asset objects reloaded= 0
AssetImportParameters requested are different than current active one (requested -> active):
  custom:scripting/monoscript/fileName/SkewTextExample.cs: c142d02d70a129e0533975f7c2f96956 -> 
  custom:container-demuxer-ogg: 62fdf1f143b41e24485cea50d1cbac27 -> 
  custom:scripting/monoscript/fileName/TMP_TextEventHandler.cs: f5cd9d5a43bfefc8f4fec80e6de896a4 -> 
  custom:scripting/monoscript/fileName/TextMeshProFloatingText.cs: 92608fa4a6315cd0786d82205e77b697 -> 
  custom:scripting/monoscript/fileName/VertexZoom.cs: 650ab1e81d40126e3edcf737cce646e4 -> 
  custom:scripting/monoscript/fileName/PressSpaceHandler.cs: 799694d584b6dc4a89e3e3e12c299a26 -> 
  custom:scripting/monoscript/fileName/VertexShakeA.cs: 63ec564c588058369499638dd899e05b -> 
  custom:scripting/monoscript/fileName/TMP_ExampleScript_01.cs: a9d4be556104ff54e7d240529b3e01dc -> 
  custom:video-decoder-ogg-theora: a1e56fd34408186e4bbccfd4996cb3dc -> 
  custom:scripting/monoscript/fileName/TMP_TextEventCheck.cs: 13505d917eab5868c435e0c2986dadfa -> 
  custom:scripting/monoscript/fileName/TMP_TextSelector_B.cs: ba2be21a7486d37b1011342977a2e49d -> 
  custom:scripting/monoscript/fileName/Benchmark01.cs: 2d3e2cd961730ab95f139a49a673bace -> 
  custom:scripting/monoscript/fileName/NewBehaviourScript.cs: b21687ddb03d73bd9f0c1daecb9714de -> 
  custom:scripting/monoscript/fileName/Benchmark02.cs: 5640963252ce70910e726415f869ced6 -> 
  custom:scripting/monoscript/fileName/DropdownSample.cs: 0a92251794e5f10400149f96c3c59e5d -> 
  custom:scripting/monoscript/fileName/WarpTextExample.cs: 2663459c266363641981c7d17b698d7f -> 
  custom:CustomObjectIndexerAttribute: 9a22284fe3817be447336de3de66b15e -> 
  custom:container-demuxer-webm: 4f35f7cbe854078d1ac9338744f61a02 -> 
  custom:scripting/monoscript/fileName/ChatController.cs: 876d5ccae6e345dd5d9450eb0a748f16 -> 
  custom:scripting/monoscript/fileName/TextMeshSpawner.cs: 76f28e2ddb031571e6ec62b018f65fa8 -> 
  custom:scripting/monoscript/fileName/TeleType.cs: 31fa97821c4c70f157ec81d507aa6b62 -> 
  custom:scripting/monoscript/fileName/Benchmark04.cs: 32220b148620e52aa81c13a114862bf4 -> 
  custom:scripting/monoscript/fileName/TextMove.cs: fbecd3f268374313100fa014bdf91c18 -> 
  custom:container-muxer-webm: aa71ff27fc2769a1b78a27578f13a17b -> 
  custom:video-decoder-webm-vp8: 9c59270c3fd7afecdb556c50c9e8de78 -> 
  custom:scripting/monoscript/fileName/TMP_PhoneNumberValidator.cs: 7c3049f481e464c6a9a15dee56c3126f -> 
  custom:SearchIndexIgnoredProperties: e643bd26f0fe6173181afceb89e7c659 -> 
  custom:AudioImporter_EditorPlatform: 3918e3fc78b5a79bad01e8451be0beb8 -> 
  custom:scripting/monoscript/fileName/EnvMapAnimator.cs: 1b4f61c17e4b7283c3ac351aacff9d26 -> 
  custom:scripting/monoscript/fileName/ShaderPropAnimator.cs: 55ce425812446482e623ff2695c94cb2 -> 
  custom:scripting/monoscript/fileName/SimpleScript.cs: 454caab0c6c050f29b39d82e1d66d0fa -> 
  custom:scripting/monoscript/fileName/ObjectSpin.cs: 2b96bb2079dd7fa5108d981627a28e1e -> 
  custom:scripting/monoscript/fileName/DojoMove.cs: f8c6c934a3065aa4afaead1f80b93146 -> 
  custom:scripting/monoscript/fileName/CameraController.cs: 34b6be4e23ce86dc89786916c5983296 -> 
  custom:scripting/monoscript/fileName/TMP_TextInfoDebugTool.cs: 3f1709cfb2cc628169113a35b5e9be3f -> 
  custom:framework-osx-AVFoundation: e770b220cccbd017edd2c1fefb359320 -> 
  custom:scripting/monoscript/fileName/TMP_TextSelector_A.cs: 347309a09d56e367b188a6978f75b424 -> 
  custom:video-encoder-webm-vp8: eb34c28f22e8b96e1ab97ce403110664 -> 
  custom:audio-decoder-ogg-vorbis: bf7c407c2cedff20999df2af8eb42d56 -> 
  custom:scripting/monoscript/fileName/VertexJitter.cs: d27eb5498e48714a66aece98da065133 -> 
  custom:scripting/monoscript/fileName/TextConsoleSimulator.cs: 33fc311abb20b5b0ed8f00e4d86b574e -> 
  custom:scripting/monoscript/fileName/VertexColorCycler.cs: 5f984ca91cf3609293aecc6bc5641572 -> 
  custom:scripting/monoscript/fileName/TMP_FrameRateCounter.cs: 46f655df8cb483ac5958307137b1585a -> 
  custom:scripting/monoscript/fileName/VertexShakeB.cs: a6f78c4fcda1a29a1a1c1baefedba9e7 -> 
  custom:scripting/monoscript/fileName/TMP_UiFrameRateCounter.cs: b01021aea19247f14a98ab338907956a -> 
  custom:scripting/monoscript/fileName/TMPro_InstructionOverlay.cs: b626d2270e6ebd5c4311585c18b58d8d -> 
  custom:scripting/monoscript/fileName/TMP_DigitValidator.cs: ac02af96215ae3951a3cce9e1a8c6085 -> 
  custom:audio-encoder-webm-vorbis: bf7c407c2cedff20999df2af8eb42d56 -> 
  custom:scripting/monoscript/fileName/Benchmark01_UGUI.cs: 6148cfe2627b7708298f301788144139 -> 
  custom:scripting/precompiled-assembly-types:Assembly-CSharp: 5d31f98b68c35686361f1fa59af3722e -> 6032c0c933c699fe27c13914a3aaee66
  custom:scripting/monoscript/fileName/Benchmark03.cs: 17cc87e0529ac71d909a946afb47a274 -> 
========================================================================
Received Import Request.
  Time since last request: 935.625186 seconds.
  path: Assets/Scenes/Introduction/IntroScripts/PressSpaceHandler.cs
  artifactKey: Guid(54b0e4e151a4d4fcb80cae5c6a7947c1) Importer(815301076,1909f56bfc062723c751e8b465ee728b)
Start importing Assets/Scenes/Introduction/IntroScripts/PressSpaceHandler.cs using Guid(54b0e4e151a4d4fcb80cae5c6a7947c1) Importer(815301076,1909f56bfc062723c751e8b465ee728b) [PhysX] Initialized MultithreadedTaskDispatcher with 8 workers.
 -> (artifact id: '0c1ab7a6eb329105fce3ee14245a2774') in 0.000926 seconds
Number of updated asset objects reloaded before import = 0
Number of asset objects unloaded after import = 0
========================================================================
Received Prepare
Caller must complete domain reload
Begin MonoManager ReloadAssembly
Thread 0x16dd5f000 may have been prematurely finalized
- Loaded All Assemblies, in  0.214 seconds
Native extension for WindowsStandalone target not found
Native extension for OSXStandalone target not found
Mono: successfully reloaded assembly
- Finished resetting the current domain, in  0.357 seconds
Domain Reload Profiling: 572ms
	BeginReloadAssembly (72ms)
		ExecutionOrderSort (0ms)
		DisableScriptedObjects (3ms)
		BackupInstance (0ms)
		ReleaseScriptingObjects (0ms)
		CreateAndSetChildDomain (21ms)
	RebuildCommonClasses (22ms)
	RebuildNativeTypeToScriptingClass (8ms)
	initialDomainReloadingComplete (12ms)
	LoadAllAssembliesAndSetupDomain (101ms)
		LoadAssemblies (113ms)
		RebuildTransferFunctionScriptingTraits (0ms)
		AnalyzeDomain (16ms)
			TypeCache.Refresh (7ms)
				TypeCache.ScanAssembly (1ms)
			ScanForSourceGeneratedMonoScriptInfo (4ms)
			ResolveRequiredComponents (3ms)
	FinalizeReload (358ms)
		ReleaseScriptCaches (0ms)
		RebuildScriptCaches (0ms)
		SetupLoadedEditorAssemblies (197ms)
			LogAssemblyErrors (0ms)
			InitializePlatformSupportModulesInManaged (4ms)
			SetLoadedEditorAssemblies (3ms)
			RefreshPlugins (0ms)
			BeforeProcessingInitializeOnLoad (29ms)
			ProcessInitializeOnLoadAttributes (150ms)
			ProcessInitializeOnLoadMethodAttributes (10ms)
			AfterProcessingInitializeOnLoad (1ms)
			EditorAssembliesLoaded (0ms)
		ExecutionOrderSort2 (0ms)
		AwakeInstancesAfterBackupRestoration (2ms)
Refreshing native plugins compatible for Editor in 0.70 ms, found 3 plugins.
Preloading 0 native plugins for Editor in 0.00 ms.
Unloading 3005 Unused Serialized files (Serialized files now loaded: 0)
Unloading 25 unused Assets / (0.6 MB). Loaded Objects now: 3621.
Memory consumption went from 307.7 MB to 307.1 MB.
Total: 2.278583 ms (FindLiveObjects: 0.117292 ms CreateObjectMapping: 0.046458 ms MarkObjects: 1.906500 ms  DeleteObjects: 0.207750 ms)

Prepare: number of updated asset objects reloaded= 0
AssetImportParameters requested are different than current active one (requested -> active):
  custom:scripting/monoscript/fileName/SkewTextExample.cs: c142d02d70a129e0533975f7c2f96956 -> 
  custom:container-demuxer-ogg: 62fdf1f143b41e24485cea50d1cbac27 -> 
  custom:scripting/monoscript/fileName/TMP_TextEventHandler.cs: f5cd9d5a43bfefc8f4fec80e6de896a4 -> 
  custom:scripting/monoscript/fileName/TextMeshProFloatingText.cs: 92608fa4a6315cd0786d82205e77b697 -> 
  custom:scripting/monoscript/fileName/VertexZoom.cs: 650ab1e81d40126e3edcf737cce646e4 -> 
  custom:scripting/monoscript/fileName/PressSpaceHandler.cs: 799694d584b6dc4a89e3e3e12c299a26 -> 
  custom:scripting/monoscript/fileName/VertexShakeA.cs: 63ec564c588058369499638dd899e05b -> 
  custom:scripting/monoscript/fileName/TMP_ExampleScript_01.cs: a9d4be556104ff54e7d240529b3e01dc -> 
  custom:video-decoder-ogg-theora: a1e56fd34408186e4bbccfd4996cb3dc -> 
  custom:scripting/monoscript/fileName/TMP_TextEventCheck.cs: 13505d917eab5868c435e0c2986dadfa -> 
  custom:scripting/monoscript/fileName/TMP_TextSelector_B.cs: ba2be21a7486d37b1011342977a2e49d -> 
  custom:scripting/monoscript/fileName/Benchmark01.cs: 2d3e2cd961730ab95f139a49a673bace -> 
  custom:scripting/monoscript/fileName/NewBehaviourScript.cs: b21687ddb03d73bd9f0c1daecb9714de -> 
  custom:scripting/monoscript/fileName/Benchmark02.cs: 5640963252ce70910e726415f869ced6 -> 
  custom:scripting/monoscript/fileName/DropdownSample.cs: 0a92251794e5f10400149f96c3c59e5d -> 
  custom:scripting/monoscript/fileName/WarpTextExample.cs: 2663459c266363641981c7d17b698d7f -> 
  custom:CustomObjectIndexerAttribute: 9a22284fe3817be447336de3de66b15e -> 
  custom:container-demuxer-webm: 4f35f7cbe854078d1ac9338744f61a02 -> 
  custom:scripting/monoscript/fileName/ChatController.cs: 876d5ccae6e345dd5d9450eb0a748f16 -> 
  custom:scripting/monoscript/fileName/TextMeshSpawner.cs: 76f28e2ddb031571e6ec62b018f65fa8 -> 
  custom:scripting/monoscript/fileName/TeleType.cs: 31fa97821c4c70f157ec81d507aa6b62 -> 
  custom:scripting/monoscript/fileName/Benchmark04.cs: 32220b148620e52aa81c13a114862bf4 -> 
  custom:scripting/monoscript/fileName/TextMove.cs: fbecd3f268374313100fa014bdf91c18 -> 
  custom:container-muxer-webm: aa71ff27fc2769a1b78a27578f13a17b -> 
  custom:video-decoder-webm-vp8: 9c59270c3fd7afecdb556c50c9e8de78 -> 
  custom:scripting/monoscript/fileName/TMP_PhoneNumberValidator.cs: 7c3049f481e464c6a9a15dee56c3126f -> 
  custom:SearchIndexIgnoredProperties: e643bd26f0fe6173181afceb89e7c659 -> 
  custom:AudioImporter_EditorPlatform: 3918e3fc78b5a79bad01e8451be0beb8 -> 
  custom:scripting/monoscript/fileName/EnvMapAnimator.cs: 1b4f61c17e4b7283c3ac351aacff9d26 -> 
  custom:scripting/monoscript/fileName/ShaderPropAnimator.cs: 55ce425812446482e623ff2695c94cb2 -> 
  custom:scripting/monoscript/fileName/SimpleScript.cs: 454caab0c6c050f29b39d82e1d66d0fa -> 
  custom:scripting/monoscript/fileName/ObjectSpin.cs: 2b96bb2079dd7fa5108d981627a28e1e -> 
  custom:scripting/monoscript/fileName/DojoMove.cs: f8c6c934a3065aa4afaead1f80b93146 -> 
  custom:scripting/monoscript/fileName/CameraController.cs: 34b6be4e23ce86dc89786916c5983296 -> 
  custom:scripting/monoscript/fileName/TMP_TextInfoDebugTool.cs: 3f1709cfb2cc628169113a35b5e9be3f -> 
  custom:framework-osx-AVFoundation: e770b220cccbd017edd2c1fefb359320 -> 
  custom:scripting/monoscript/fileName/TMP_TextSelector_A.cs: 347309a09d56e367b188a6978f75b424 -> 
  custom:video-encoder-webm-vp8: eb34c28f22e8b96e1ab97ce403110664 -> 
  custom:audio-decoder-ogg-vorbis: bf7c407c2cedff20999df2af8eb42d56 -> 
  custom:scripting/monoscript/fileName/VertexJitter.cs: d27eb5498e48714a66aece98da065133 -> 
  custom:scripting/monoscript/fileName/TextConsoleSimulator.cs: 33fc311abb20b5b0ed8f00e4d86b574e -> 
  custom:scripting/monoscript/fileName/VertexColorCycler.cs: 5f984ca91cf3609293aecc6bc5641572 -> 
  custom:scripting/monoscript/fileName/TMP_FrameRateCounter.cs: 46f655df8cb483ac5958307137b1585a -> 
  custom:scripting/monoscript/fileName/VertexShakeB.cs: a6f78c4fcda1a29a1a1c1baefedba9e7 -> 
  custom:scripting/monoscript/fileName/TMP_UiFrameRateCounter.cs: b01021aea19247f14a98ab338907956a -> 
  custom:scripting/monoscript/fileName/TMPro_InstructionOverlay.cs: b626d2270e6ebd5c4311585c18b58d8d -> 
  custom:scripting/monoscript/fileName/TMP_DigitValidator.cs: ac02af96215ae3951a3cce9e1a8c6085 -> 
  custom:audio-encoder-webm-vorbis: bf7c407c2cedff20999df2af8eb42d56 -> 
  custom:scripting/monoscript/fileName/Benchmark01_UGUI.cs: 6148cfe2627b7708298f301788144139 -> 
  custom:scripting/precompiled-assembly-types:Assembly-CSharp: 5d31f98b68c35686361f1fa59af3722e -> 6032c0c933c699fe27c13914a3aaee66
  custom:scripting/monoscript/fileName/Benchmark03.cs: 17cc87e0529ac71d909a946afb47a274 -> 
========================================================================
Received Prepare
Caller must complete domain reload
Begin MonoManager ReloadAssembly
Thread 0x16dd5f000 may have been prematurely finalized
- Loaded All Assemblies, in  0.202 seconds
Native extension for WindowsStandalone target not found
Native extension for OSXStandalone target not found
Mono: successfully reloaded assembly
- Finished resetting the current domain, in  0.364 seconds
Domain Reload Profiling: 567ms
	BeginReloadAssembly (72ms)
		ExecutionOrderSort (0ms)
		DisableScriptedObjects (3ms)
		BackupInstance (0ms)
		ReleaseScriptingObjects (0ms)
		CreateAndSetChildDomain (22ms)
	RebuildCommonClasses (22ms)
	RebuildNativeTypeToScriptingClass (8ms)
	initialDomainReloadingComplete (12ms)
	LoadAllAssembliesAndSetupDomain (89ms)
		LoadAssemblies (106ms)
		RebuildTransferFunctionScriptingTraits (0ms)
		AnalyzeDomain (9ms)
			TypeCache.Refresh (5ms)
				TypeCache.ScanAssembly (0ms)
			ScanForSourceGeneratedMonoScriptInfo (0ms)
			ResolveRequiredComponents (4ms)
	FinalizeReload (364ms)
		ReleaseScriptCaches (0ms)
		RebuildScriptCaches (0ms)
		SetupLoadedEditorAssemblies (217ms)
			LogAssemblyErrors (0ms)
			InitializePlatformSupportModulesInManaged (4ms)
			SetLoadedEditorAssemblies (3ms)
			RefreshPlugins (0ms)
			BeforeProcessingInitializeOnLoad (31ms)
			ProcessInitializeOnLoadAttributes (166ms)
			ProcessInitializeOnLoadMethodAttributes (12ms)
			AfterProcessingInitializeOnLoad (1ms)
			EditorAssembliesLoaded (0ms)
		ExecutionOrderSort2 (0ms)
		AwakeInstancesAfterBackupRestoration (2ms)
Refreshing native plugins compatible for Editor in 0.87 ms, found 3 plugins.
Preloading 0 native plugins for Editor in 0.00 ms.
Unloading 3006 Unused Serialized files (Serialized files now loaded: 0)
Unloading 25 unused Assets / (0.5 MB). Loaded Objects now: 3624.
Memory consumption went from 313.0 MB to 312.5 MB.
Total: 3.119666 ms (FindLiveObjects: 0.172208 ms CreateObjectMapping: 0.075959 ms MarkObjects: 2.552458 ms  DeleteObjects: 0.318458 ms)

Prepare: number of updated asset objects reloaded= 0
AssetImportParameters requested are different than current active one (requested -> active):
  custom:scripting/monoscript/fileName/SkewTextExample.cs: c142d02d70a129e0533975f7c2f96956 -> 
  custom:container-demuxer-ogg: 62fdf1f143b41e24485cea50d1cbac27 -> 
  custom:scripting/monoscript/fileName/TMP_TextEventHandler.cs: f5cd9d5a43bfefc8f4fec80e6de896a4 -> 
  custom:scripting/monoscript/fileName/TextMeshProFloatingText.cs: 92608fa4a6315cd0786d82205e77b697 -> 
  custom:scripting/monoscript/fileName/VertexZoom.cs: 650ab1e81d40126e3edcf737cce646e4 -> 
  custom:scripting/monoscript/fileName/PressSpaceHandler.cs: 799694d584b6dc4a89e3e3e12c299a26 -> 
  custom:scripting/monoscript/fileName/VertexShakeA.cs: 63ec564c588058369499638dd899e05b -> 
  custom:scripting/monoscript/fileName/TMP_ExampleScript_01.cs: a9d4be556104ff54e7d240529b3e01dc -> 
  custom:video-decoder-ogg-theora: a1e56fd34408186e4bbccfd4996cb3dc -> 
  custom:scripting/monoscript/fileName/TMP_TextEventCheck.cs: 13505d917eab5868c435e0c2986dadfa -> 
  custom:scripting/monoscript/fileName/TMP_TextSelector_B.cs: ba2be21a7486d37b1011342977a2e49d -> 
  custom:scripting/monoscript/fileName/Benchmark01.cs: 2d3e2cd961730ab95f139a49a673bace -> 
  custom:scripting/monoscript/fileName/NewBehaviourScript.cs: b21687ddb03d73bd9f0c1daecb9714de -> 
  custom:scripting/monoscript/fileName/Benchmark02.cs: 5640963252ce70910e726415f869ced6 -> 
  custom:scripting/monoscript/fileName/DropdownSample.cs: 0a92251794e5f10400149f96c3c59e5d -> 
  custom:scripting/monoscript/fileName/WarpTextExample.cs: 2663459c266363641981c7d17b698d7f -> 
  custom:CustomObjectIndexerAttribute: 9a22284fe3817be447336de3de66b15e -> 
  custom:container-demuxer-webm: 4f35f7cbe854078d1ac9338744f61a02 -> 
  custom:scripting/monoscript/fileName/ChatController.cs: 876d5ccae6e345dd5d9450eb0a748f16 -> 
  custom:scripting/monoscript/fileName/TextMeshSpawner.cs: 76f28e2ddb031571e6ec62b018f65fa8 -> 
  custom:scripting/monoscript/fileName/TeleType.cs: 31fa97821c4c70f157ec81d507aa6b62 -> 
  custom:scripting/monoscript/fileName/Benchmark04.cs: 32220b148620e52aa81c13a114862bf4 -> 
  custom:scripting/monoscript/fileName/TextMove.cs: fbecd3f268374313100fa014bdf91c18 -> 
  custom:container-muxer-webm: aa71ff27fc2769a1b78a27578f13a17b -> 
  custom:video-decoder-webm-vp8: 9c59270c3fd7afecdb556c50c9e8de78 -> 
  custom:scripting/monoscript/fileName/TMP_PhoneNumberValidator.cs: 7c3049f481e464c6a9a15dee56c3126f -> 
  custom:SearchIndexIgnoredProperties: e643bd26f0fe6173181afceb89e7c659 -> 
  custom:AudioImporter_EditorPlatform: 3918e3fc78b5a79bad01e8451be0beb8 -> 
  custom:scripting/monoscript/fileName/EnvMapAnimator.cs: 1b4f61c17e4b7283c3ac351aacff9d26 -> 
  custom:scripting/monoscript/fileName/ShaderPropAnimator.cs: 55ce425812446482e623ff2695c94cb2 -> 
  custom:scripting/monoscript/fileName/SimpleScript.cs: 454caab0c6c050f29b39d82e1d66d0fa -> 
  custom:scripting/monoscript/fileName/ObjectSpin.cs: 2b96bb2079dd7fa5108d981627a28e1e -> 
  custom:scripting/monoscript/fileName/DojoMove.cs: f8c6c934a3065aa4afaead1f80b93146 -> 
  custom:scripting/monoscript/fileName/CameraController.cs: 34b6be4e23ce86dc89786916c5983296 -> 
  custom:scripting/monoscript/fileName/TMP_TextInfoDebugTool.cs: 3f1709cfb2cc628169113a35b5e9be3f -> 
  custom:framework-osx-AVFoundation: e770b220cccbd017edd2c1fefb359320 -> 
  custom:scripting/monoscript/fileName/TMP_TextSelector_A.cs: 347309a09d56e367b188a6978f75b424 -> 
  custom:video-encoder-webm-vp8: eb34c28f22e8b96e1ab97ce403110664 -> 
  custom:audio-decoder-ogg-vorbis: bf7c407c2cedff20999df2af8eb42d56 -> 
  custom:scripting/monoscript/fileName/VertexJitter.cs: d27eb5498e48714a66aece98da065133 -> 
  custom:scripting/monoscript/fileName/TextConsoleSimulator.cs: 33fc311abb20b5b0ed8f00e4d86b574e -> 
  custom:scripting/monoscript/fileName/VertexColorCycler.cs: 5f984ca91cf3609293aecc6bc5641572 -> 
  custom:scripting/monoscript/fileName/TMP_FrameRateCounter.cs: 46f655df8cb483ac5958307137b1585a -> 
  custom:scripting/monoscript/fileName/VertexShakeB.cs: a6f78c4fcda1a29a1a1c1baefedba9e7 -> 
  custom:scripting/monoscript/fileName/TMP_UiFrameRateCounter.cs: b01021aea19247f14a98ab338907956a -> 
  custom:scripting/monoscript/fileName/TMPro_InstructionOverlay.cs: b626d2270e6ebd5c4311585c18b58d8d -> 
  custom:scripting/monoscript/fileName/TMP_DigitValidator.cs: ac02af96215ae3951a3cce9e1a8c6085 -> 
  custom:audio-encoder-webm-vorbis: bf7c407c2cedff20999df2af8eb42d56 -> 
  custom:scripting/monoscript/fileName/Benchmark01_UGUI.cs: 6148cfe2627b7708298f301788144139 -> 
  custom:scripting/precompiled-assembly-types:Assembly-CSharp: 5d31f98b68c35686361f1fa59af3722e -> 6032c0c933c699fe27c13914a3aaee66
  custom:scripting/monoscript/fileName/Benchmark03.cs: 17cc87e0529ac71d909a946afb47a274 -> 
========================================================================
Received Prepare
Caller must complete domain reload
Begin MonoManager ReloadAssembly
Thread 0x16dd5f000 may have been prematurely finalized
- Loaded All Assemblies, in  0.198 seconds
Native extension for WindowsStandalone target not found
Native extension for OSXStandalone target not found
Mono: successfully reloaded assembly
- Finished resetting the current domain, in  0.365 seconds
Domain Reload Profiling: 564ms
	BeginReloadAssembly (73ms)
		ExecutionOrderSort (0ms)
		DisableScriptedObjects (3ms)
		BackupInstance (0ms)
		ReleaseScriptingObjects (0ms)
		CreateAndSetChildDomain (21ms)
	RebuildCommonClasses (21ms)
	RebuildNativeTypeToScriptingClass (8ms)
	initialDomainReloadingComplete (12ms)
	LoadAllAssembliesAndSetupDomain (85ms)
		LoadAssemblies (104ms)
		RebuildTransferFunctionScriptingTraits (0ms)
		AnalyzeDomain (10ms)
			TypeCache.Refresh (5ms)
				TypeCache.ScanAssembly (0ms)
			ScanForSourceGeneratedMonoScriptInfo (0ms)
			ResolveRequiredComponents (3ms)
	FinalizeReload (365ms)
		ReleaseScriptCaches (0ms)
		RebuildScriptCaches (0ms)
		SetupLoadedEditorAssemblies (212ms)
			LogAssemblyErrors (0ms)
			InitializePlatformSupportModulesInManaged (4ms)
			SetLoadedEditorAssemblies (2ms)
			RefreshPlugins (0ms)
			BeforeProcessingInitializeOnLoad (29ms)
			ProcessInitializeOnLoadAttributes (163ms)
			ProcessInitializeOnLoadMethodAttributes (12ms)
			AfterProcessingInitializeOnLoad (1ms)
			EditorAssembliesLoaded (0ms)
		ExecutionOrderSort2 (0ms)
		AwakeInstancesAfterBackupRestoration (3ms)
Refreshing native plugins compatible for Editor in 0.78 ms, found 3 plugins.
Preloading 0 native plugins for Editor in 0.00 ms.
Unloading 3006 Unused Serialized files (Serialized files now loaded: 0)
Unloading 25 unused Assets / (0.6 MB). Loaded Objects now: 3627.
Memory consumption went from 318.1 MB to 317.6 MB.
Total: 2.973375 ms (FindLiveObjects: 0.179083 ms CreateObjectMapping: 0.083709 ms MarkObjects: 2.373750 ms  DeleteObjects: 0.336458 ms)

Prepare: number of updated asset objects reloaded= 0
AssetImportParameters requested are different than current active one (requested -> active):
  custom:scripting/monoscript/fileName/SkewTextExample.cs: c142d02d70a129e0533975f7c2f96956 -> 
  custom:container-demuxer-ogg: 62fdf1f143b41e24485cea50d1cbac27 -> 
  custom:scripting/monoscript/fileName/TMP_TextEventHandler.cs: f5cd9d5a43bfefc8f4fec80e6de896a4 -> 
  custom:scripting/monoscript/fileName/TextMeshProFloatingText.cs: 92608fa4a6315cd0786d82205e77b697 -> 
  custom:scripting/monoscript/fileName/VertexZoom.cs: 650ab1e81d40126e3edcf737cce646e4 -> 
  custom:scripting/monoscript/fileName/PressSpaceHandler.cs: 799694d584b6dc4a89e3e3e12c299a26 -> 
  custom:scripting/monoscript/fileName/VertexShakeA.cs: 63ec564c588058369499638dd899e05b -> 
  custom:scripting/monoscript/fileName/TMP_ExampleScript_01.cs: a9d4be556104ff54e7d240529b3e01dc -> 
  custom:video-decoder-ogg-theora: a1e56fd34408186e4bbccfd4996cb3dc -> 
  custom:scripting/monoscript/fileName/TMP_TextEventCheck.cs: 13505d917eab5868c435e0c2986dadfa -> 
  custom:scripting/monoscript/fileName/TMP_TextSelector_B.cs: ba2be21a7486d37b1011342977a2e49d -> 
  custom:scripting/monoscript/fileName/Benchmark01.cs: 2d3e2cd961730ab95f139a49a673bace -> 
  custom:scripting/monoscript/fileName/NewBehaviourScript.cs: b21687ddb03d73bd9f0c1daecb9714de -> 
  custom:scripting/monoscript/fileName/Benchmark02.cs: 5640963252ce70910e726415f869ced6 -> 
  custom:scripting/monoscript/fileName/DropdownSample.cs: 0a92251794e5f10400149f96c3c59e5d -> 
  custom:scripting/monoscript/fileName/WarpTextExample.cs: 2663459c266363641981c7d17b698d7f -> 
  custom:CustomObjectIndexerAttribute: 9a22284fe3817be447336de3de66b15e -> 
  custom:container-demuxer-webm: 4f35f7cbe854078d1ac9338744f61a02 -> 
  custom:scripting/monoscript/fileName/ChatController.cs: 876d5ccae6e345dd5d9450eb0a748f16 -> 
  custom:scripting/monoscript/fileName/TextMeshSpawner.cs: 76f28e2ddb031571e6ec62b018f65fa8 -> 
  custom:scripting/monoscript/fileName/TeleType.cs: 31fa97821c4c70f157ec81d507aa6b62 -> 
  custom:scripting/monoscript/fileName/Benchmark04.cs: 32220b148620e52aa81c13a114862bf4 -> 
  custom:scripting/monoscript/fileName/TextMove.cs: fbecd3f268374313100fa014bdf91c18 -> 
  custom:container-muxer-webm: aa71ff27fc2769a1b78a27578f13a17b -> 
  custom:video-decoder-webm-vp8: 9c59270c3fd7afecdb556c50c9e8de78 -> 
  custom:scripting/monoscript/fileName/TMP_PhoneNumberValidator.cs: 7c3049f481e464c6a9a15dee56c3126f -> 
  custom:SearchIndexIgnoredProperties: e643bd26f0fe6173181afceb89e7c659 -> 
  custom:AudioImporter_EditorPlatform: 3918e3fc78b5a79bad01e8451be0beb8 -> 
  custom:scripting/monoscript/fileName/EnvMapAnimator.cs: 1b4f61c17e4b7283c3ac351aacff9d26 -> 
  custom:scripting/monoscript/fileName/ShaderPropAnimator.cs: 55ce425812446482e623ff2695c94cb2 -> 
  custom:scripting/monoscript/fileName/SimpleScript.cs: 454caab0c6c050f29b39d82e1d66d0fa -> 
  custom:scripting/monoscript/fileName/ObjectSpin.cs: 2b96bb2079dd7fa5108d981627a28e1e -> 
  custom:scripting/monoscript/fileName/DojoMove.cs: f8c6c934a3065aa4afaead1f80b93146 -> 
  custom:scripting/monoscript/fileName/CameraController.cs: 34b6be4e23ce86dc89786916c5983296 -> 
  custom:scripting/monoscript/fileName/TMP_TextInfoDebugTool.cs: 3f1709cfb2cc628169113a35b5e9be3f -> 
  custom:framework-osx-AVFoundation: e770b220cccbd017edd2c1fefb359320 -> 
  custom:scripting/monoscript/fileName/TMP_TextSelector_A.cs: 347309a09d56e367b188a6978f75b424 -> 
  custom:video-encoder-webm-vp8: eb34c28f22e8b96e1ab97ce403110664 -> 
  custom:audio-decoder-ogg-vorbis: bf7c407c2cedff20999df2af8eb42d56 -> 
  custom:scripting/monoscript/fileName/VertexJitter.cs: d27eb5498e48714a66aece98da065133 -> 
  custom:scripting/monoscript/fileName/TextConsoleSimulator.cs: 33fc311abb20b5b0ed8f00e4d86b574e -> 
  custom:scripting/monoscript/fileName/VertexColorCycler.cs: 5f984ca91cf3609293aecc6bc5641572 -> 
  custom:scripting/monoscript/fileName/TMP_FrameRateCounter.cs: 46f655df8cb483ac5958307137b1585a -> 
  custom:scripting/monoscript/fileName/VertexShakeB.cs: a6f78c4fcda1a29a1a1c1baefedba9e7 -> 
  custom:scripting/monoscript/fileName/TMP_UiFrameRateCounter.cs: b01021aea19247f14a98ab338907956a -> 
  custom:scripting/monoscript/fileName/TMPro_InstructionOverlay.cs: b626d2270e6ebd5c4311585c18b58d8d -> 
  custom:scripting/monoscript/fileName/TMP_DigitValidator.cs: ac02af96215ae3951a3cce9e1a8c6085 -> 
  custom:audio-encoder-webm-vorbis: bf7c407c2cedff20999df2af8eb42d56 -> 
  custom:scripting/monoscript/fileName/Benchmark01_UGUI.cs: 6148cfe2627b7708298f301788144139 -> 
  custom:scripting/precompiled-assembly-types:Assembly-CSharp: 5d31f98b68c35686361f1fa59af3722e -> 6032c0c933c699fe27c13914a3aaee66
  custom:scripting/monoscript/fileName/Benchmark03.cs: 17cc87e0529ac71d909a946afb47a274 -> 
========================================================================
Received Prepare
Caller must complete domain reload
Begin MonoManager ReloadAssembly
Thread 0x16dd5f000 may have been prematurely finalized
- Loaded All Assemblies, in  0.233 seconds
Native extension for WindowsStandalone target not found
Native extension for OSXStandalone target not found
Mono: successfully reloaded assembly
- Finished resetting the current domain, in  0.562 seconds
Domain Reload Profiling: 795ms
	BeginReloadAssembly (72ms)
		ExecutionOrderSort (0ms)
		DisableScriptedObjects (3ms)
		BackupInstance (0ms)
		ReleaseScriptingObjects (0ms)
		CreateAndSetChildDomain (22ms)
	RebuildCommonClasses (22ms)
	RebuildNativeTypeToScriptingClass (8ms)
	initialDomainReloadingComplete (12ms)
	LoadAllAssembliesAndSetupDomain (119ms)
		LoadAssemblies (131ms)
		RebuildTransferFunctionScriptingTraits (0ms)
		AnalyzeDomain (16ms)
			TypeCache.Refresh (7ms)
				TypeCache.ScanAssembly (1ms)
			ScanForSourceGeneratedMonoScriptInfo (4ms)
			ResolveRequiredComponents (3ms)
	FinalizeReload (562ms)
		ReleaseScriptCaches (0ms)
		RebuildScriptCaches (0ms)
		SetupLoadedEditorAssemblies (204ms)
			LogAssemblyErrors (0ms)
			InitializePlatformSupportModulesInManaged (3ms)
			SetLoadedEditorAssemblies (2ms)
			RefreshPlugins (0ms)
			BeforeProcessingInitializeOnLoad (28ms)
			ProcessInitializeOnLoadAttributes (158ms)
			ProcessInitializeOnLoadMethodAttributes (11ms)
			AfterProcessingInitializeOnLoad (1ms)
			EditorAssembliesLoaded (0ms)
		ExecutionOrderSort2 (0ms)
		AwakeInstancesAfterBackupRestoration (3ms)
Refreshing native plugins compatible for Editor in 0.74 ms, found 3 plugins.
Preloading 0 native plugins for Editor in 0.00 ms.
Unloading 3006 Unused Serialized files (Serialized files now loaded: 0)
Unloading 25 unused Assets / (0.5 MB). Loaded Objects now: 3630.
Memory consumption went from 323.2 MB to 322.7 MB.
Total: 2.220334 ms (FindLiveObjects: 0.115833 ms CreateObjectMapping: 0.046458 ms MarkObjects: 1.872667 ms  DeleteObjects: 0.184709 ms)

Prepare: number of updated asset objects reloaded= 0
AssetImportParameters requested are different than current active one (requested -> active):
  custom:scripting/monoscript/fileName/SkewTextExample.cs: c142d02d70a129e0533975f7c2f96956 -> 
  custom:container-demuxer-ogg: 62fdf1f143b41e24485cea50d1cbac27 -> 
  custom:scripting/monoscript/fileName/TMP_TextEventHandler.cs: f5cd9d5a43bfefc8f4fec80e6de896a4 -> 
  custom:scripting/monoscript/fileName/TextMeshProFloatingText.cs: 92608fa4a6315cd0786d82205e77b697 -> 
  custom:scripting/monoscript/fileName/VertexZoom.cs: 650ab1e81d40126e3edcf737cce646e4 -> 
  custom:scripting/monoscript/fileName/PressSpaceHandler.cs: 799694d584b6dc4a89e3e3e12c299a26 -> 
  custom:scripting/monoscript/fileName/VertexShakeA.cs: 63ec564c588058369499638dd899e05b -> 
  custom:scripting/monoscript/fileName/TMP_ExampleScript_01.cs: a9d4be556104ff54e7d240529b3e01dc -> 
  custom:video-decoder-ogg-theora: a1e56fd34408186e4bbccfd4996cb3dc -> 
  custom:scripting/monoscript/fileName/TMP_TextEventCheck.cs: 13505d917eab5868c435e0c2986dadfa -> 
  custom:scripting/monoscript/fileName/TMP_TextSelector_B.cs: ba2be21a7486d37b1011342977a2e49d -> 
  custom:scripting/monoscript/fileName/Benchmark01.cs: 2d3e2cd961730ab95f139a49a673bace -> 
  custom:scripting/monoscript/fileName/NewBehaviourScript.cs: b21687ddb03d73bd9f0c1daecb9714de -> 
  custom:scripting/monoscript/fileName/Benchmark02.cs: 5640963252ce70910e726415f869ced6 -> 
  custom:scripting/monoscript/fileName/DropdownSample.cs: 0a92251794e5f10400149f96c3c59e5d -> 
  custom:scripting/monoscript/fileName/WarpTextExample.cs: 2663459c266363641981c7d17b698d7f -> 
  custom:CustomObjectIndexerAttribute: 9a22284fe3817be447336de3de66b15e -> 
  custom:container-demuxer-webm: 4f35f7cbe854078d1ac9338744f61a02 -> 
  custom:scripting/monoscript/fileName/ChatController.cs: 876d5ccae6e345dd5d9450eb0a748f16 -> 
  custom:scripting/monoscript/fileName/TextMeshSpawner.cs: 76f28e2ddb031571e6ec62b018f65fa8 -> 
  custom:scripting/monoscript/fileName/TeleType.cs: 31fa97821c4c70f157ec81d507aa6b62 -> 
  custom:scripting/monoscript/fileName/Benchmark04.cs: 32220b148620e52aa81c13a114862bf4 -> 
  custom:scripting/monoscript/fileName/TextMove.cs: fbecd3f268374313100fa014bdf91c18 -> 
  custom:container-muxer-webm: aa71ff27fc2769a1b78a27578f13a17b -> 
  custom:video-decoder-webm-vp8: 9c59270c3fd7afecdb556c50c9e8de78 -> 
  custom:scripting/monoscript/fileName/TMP_PhoneNumberValidator.cs: 7c3049f481e464c6a9a15dee56c3126f -> 
  custom:SearchIndexIgnoredProperties: e643bd26f0fe6173181afceb89e7c659 -> 
  custom:AudioImporter_EditorPlatform: 3918e3fc78b5a79bad01e8451be0beb8 -> 
  custom:scripting/monoscript/fileName/EnvMapAnimator.cs: 1b4f61c17e4b7283c3ac351aacff9d26 -> 
  custom:scripting/monoscript/fileName/ShaderPropAnimator.cs: 55ce425812446482e623ff2695c94cb2 -> 
  custom:scripting/monoscript/fileName/SimpleScript.cs: 454caab0c6c050f29b39d82e1d66d0fa -> 
  custom:scripting/monoscript/fileName/ObjectSpin.cs: 2b96bb2079dd7fa5108d981627a28e1e -> 
  custom:scripting/monoscript/fileName/DojoMove.cs: f8c6c934a3065aa4afaead1f80b93146 -> 
  custom:scripting/monoscript/fileName/CameraController.cs: 34b6be4e23ce86dc89786916c5983296 -> 
  custom:scripting/monoscript/fileName/TMP_TextInfoDebugTool.cs: 3f1709cfb2cc628169113a35b5e9be3f -> 
  custom:framework-osx-AVFoundation: e770b220cccbd017edd2c1fefb359320 -> 
  custom:scripting/monoscript/fileName/TMP_TextSelector_A.cs: 347309a09d56e367b188a6978f75b424 -> 
  custom:video-encoder-webm-vp8: eb34c28f22e8b96e1ab97ce403110664 -> 
  custom:audio-decoder-ogg-vorbis: bf7c407c2cedff20999df2af8eb42d56 -> 
  custom:scripting/monoscript/fileName/VertexJitter.cs: d27eb5498e48714a66aece98da065133 -> 
  custom:scripting/monoscript/fileName/TextConsoleSimulator.cs: 33fc311abb20b5b0ed8f00e4d86b574e -> 
  custom:scripting/monoscript/fileName/VertexColorCycler.cs: 5f984ca91cf3609293aecc6bc5641572 -> 
  custom:scripting/monoscript/fileName/TMP_FrameRateCounter.cs: 46f655df8cb483ac5958307137b1585a -> 
  custom:scripting/monoscript/fileName/VertexShakeB.cs: a6f78c4fcda1a29a1a1c1baefedba9e7 -> 
  custom:scripting/monoscript/fileName/TMP_UiFrameRateCounter.cs: b01021aea19247f14a98ab338907956a -> 
  custom:scripting/monoscript/fileName/TMPro_InstructionOverlay.cs: b626d2270e6ebd5c4311585c18b58d8d -> 
  custom:scripting/monoscript/fileName/TMP_DigitValidator.cs: ac02af96215ae3951a3cce9e1a8c6085 -> 
  custom:audio-encoder-webm-vorbis: bf7c407c2cedff20999df2af8eb42d56 -> 
  custom:scripting/monoscript/fileName/Benchmark01_UGUI.cs: 6148cfe2627b7708298f301788144139 -> 
  custom:scripting/precompiled-assembly-types:Assembly-CSharp: 6a882cb741bc19692a8ca8913179d76f -> 6032c0c933c699fe27c13914a3aaee66
  custom:scripting/monoscript/fileName/Benchmark03.cs: 17cc87e0529ac71d909a946afb47a274 -> 
========================================================================
Received Prepare
Caller must complete domain reload
Begin MonoManager ReloadAssembly
Thread 0x16dd5f000 may have been prematurely finalized
- Loaded All Assemblies, in  0.223 seconds
Native extension for WindowsStandalone target not found
Native extension for OSXStandalone target not found
Mono: successfully reloaded assembly
- Finished resetting the current domain, in  0.367 seconds
Domain Reload Profiling: 590ms
	BeginReloadAssembly (71ms)
		ExecutionOrderSort (0ms)
		DisableScriptedObjects (3ms)
		BackupInstance (0ms)
		ReleaseScriptingObjects (0ms)
		CreateAndSetChildDomain (21ms)
	RebuildCommonClasses (21ms)
	RebuildNativeTypeToScriptingClass (8ms)
	initialDomainReloadingComplete (12ms)
	LoadAllAssembliesAndSetupDomain (111ms)
		LoadAssemblies (128ms)
		RebuildTransferFunctionScriptingTraits (0ms)
		AnalyzeDomain (9ms)
			TypeCache.Refresh (5ms)
				TypeCache.ScanAssembly (0ms)
			ScanForSourceGeneratedMonoScriptInfo (0ms)
			ResolveRequiredComponents (3ms)
	FinalizeReload (367ms)
		ReleaseScriptCaches (0ms)
		RebuildScriptCaches (0ms)
		SetupLoadedEditorAssemblies (216ms)
			LogAssemblyErrors (0ms)
			InitializePlatformSupportModulesInManaged (4ms)
			SetLoadedEditorAssemblies (3ms)
			RefreshPlugins (0ms)
			BeforeProcessingInitializeOnLoad (32ms)
			ProcessInitializeOnLoadAttributes (164ms)
			ProcessInitializeOnLoadMethodAttributes (12ms)
			AfterProcessingInitializeOnLoad (1ms)
			EditorAssembliesLoaded (0ms)
		ExecutionOrderSort2 (0ms)
		AwakeInstancesAfterBackupRestoration (2ms)
Refreshing native plugins compatible for Editor in 0.81 ms, found 3 plugins.
Preloading 0 native plugins for Editor in 0.00 ms.
Unloading 3006 Unused Serialized files (Serialized files now loaded: 0)
Unloading 25 unused Assets / (0.6 MB). Loaded Objects now: 3633.
Memory consumption went from 328.4 MB to 327.8 MB.
Total: 2.711875 ms (FindLiveObjects: 0.131125 ms CreateObjectMapping: 0.061625 ms MarkObjects: 2.309625 ms  DeleteObjects: 0.208959 ms)

Prepare: number of updated asset objects reloaded= 0
AssetImportParameters requested are different than current active one (requested -> active):
  custom:scripting/monoscript/fileName/SkewTextExample.cs: c142d02d70a129e0533975f7c2f96956 -> 
  custom:container-demuxer-ogg: 62fdf1f143b41e24485cea50d1cbac27 -> 
  custom:scripting/monoscript/fileName/TMP_TextEventHandler.cs: f5cd9d5a43bfefc8f4fec80e6de896a4 -> 
  custom:scripting/monoscript/fileName/TextMeshProFloatingText.cs: 92608fa4a6315cd0786d82205e77b697 -> 
  custom:scripting/monoscript/fileName/VertexZoom.cs: 650ab1e81d40126e3edcf737cce646e4 -> 
  custom:scripting/monoscript/fileName/PressSpaceHandler.cs: 799694d584b6dc4a89e3e3e12c299a26 -> 
  custom:scripting/monoscript/fileName/VertexShakeA.cs: 63ec564c588058369499638dd899e05b -> 
  custom:scripting/monoscript/fileName/TMP_ExampleScript_01.cs: a9d4be556104ff54e7d240529b3e01dc -> 
  custom:video-decoder-ogg-theora: a1e56fd34408186e4bbccfd4996cb3dc -> 
  custom:scripting/monoscript/fileName/TMP_TextEventCheck.cs: 13505d917eab5868c435e0c2986dadfa -> 
  custom:scripting/monoscript/fileName/TMP_TextSelector_B.cs: ba2be21a7486d37b1011342977a2e49d -> 
  custom:scripting/monoscript/fileName/Benchmark01.cs: 2d3e2cd961730ab95f139a49a673bace -> 
  custom:scripting/monoscript/fileName/NewBehaviourScript.cs: b21687ddb03d73bd9f0c1daecb9714de -> 
  custom:scripting/monoscript/fileName/Benchmark02.cs: 5640963252ce70910e726415f869ced6 -> 
  custom:scripting/monoscript/fileName/DropdownSample.cs: 0a92251794e5f10400149f96c3c59e5d -> 
  custom:scripting/monoscript/fileName/WarpTextExample.cs: 2663459c266363641981c7d17b698d7f -> 
  custom:CustomObjectIndexerAttribute: 9a22284fe3817be447336de3de66b15e -> 
  custom:container-demuxer-webm: 4f35f7cbe854078d1ac9338744f61a02 -> 
  custom:scripting/monoscript/fileName/ChatController.cs: 876d5ccae6e345dd5d9450eb0a748f16 -> 
  custom:scripting/monoscript/fileName/TextMeshSpawner.cs: 76f28e2ddb031571e6ec62b018f65fa8 -> 
  custom:scripting/monoscript/fileName/TeleType.cs: 31fa97821c4c70f157ec81d507aa6b62 -> 
  custom:scripting/monoscript/fileName/Benchmark04.cs: 32220b148620e52aa81c13a114862bf4 -> 
  custom:scripting/monoscript/fileName/TextMove.cs: fbecd3f268374313100fa014bdf91c18 -> 
  custom:container-muxer-webm: aa71ff27fc2769a1b78a27578f13a17b -> 
  custom:video-decoder-webm-vp8: 9c59270c3fd7afecdb556c50c9e8de78 -> 
  custom:scripting/monoscript/fileName/TMP_PhoneNumberValidator.cs: 7c3049f481e464c6a9a15dee56c3126f -> 
  custom:SearchIndexIgnoredProperties: e643bd26f0fe6173181afceb89e7c659 -> 
  custom:AudioImporter_EditorPlatform: 3918e3fc78b5a79bad01e8451be0beb8 -> 
  custom:scripting/monoscript/fileName/EnvMapAnimator.cs: 1b4f61c17e4b7283c3ac351aacff9d26 -> 
  custom:scripting/monoscript/fileName/ShaderPropAnimator.cs: 55ce425812446482e623ff2695c94cb2 -> 
  custom:scripting/monoscript/fileName/SimpleScript.cs: 454caab0c6c050f29b39d82e1d66d0fa -> 
  custom:scripting/monoscript/fileName/ObjectSpin.cs: 2b96bb2079dd7fa5108d981627a28e1e -> 
  custom:scripting/monoscript/fileName/DojoMove.cs: f8c6c934a3065aa4afaead1f80b93146 -> 
  custom:scripting/monoscript/fileName/CameraController.cs: 34b6be4e23ce86dc89786916c5983296 -> 
  custom:scripting/monoscript/fileName/TMP_TextInfoDebugTool.cs: 3f1709cfb2cc628169113a35b5e9be3f -> 
  custom:framework-osx-AVFoundation: e770b220cccbd017edd2c1fefb359320 -> 
  custom:scripting/monoscript/fileName/TMP_TextSelector_A.cs: 347309a09d56e367b188a6978f75b424 -> 
  custom:video-encoder-webm-vp8: eb34c28f22e8b96e1ab97ce403110664 -> 
  custom:audio-decoder-ogg-vorbis: bf7c407c2cedff20999df2af8eb42d56 -> 
  custom:scripting/monoscript/fileName/VertexJitter.cs: d27eb5498e48714a66aece98da065133 -> 
  custom:scripting/monoscript/fileName/TextConsoleSimulator.cs: 33fc311abb20b5b0ed8f00e4d86b574e -> 
  custom:scripting/monoscript/fileName/VertexColorCycler.cs: 5f984ca91cf3609293aecc6bc5641572 -> 
  custom:scripting/monoscript/fileName/TMP_FrameRateCounter.cs: 46f655df8cb483ac5958307137b1585a -> 
  custom:scripting/monoscript/fileName/VertexShakeB.cs: a6f78c4fcda1a29a1a1c1baefedba9e7 -> 
  custom:scripting/monoscript/fileName/TMP_UiFrameRateCounter.cs: b01021aea19247f14a98ab338907956a -> 
  custom:scripting/monoscript/fileName/TMPro_InstructionOverlay.cs: b626d2270e6ebd5c4311585c18b58d8d -> 
  custom:scripting/monoscript/fileName/TMP_DigitValidator.cs: ac02af96215ae3951a3cce9e1a8c6085 -> 
  custom:audio-encoder-webm-vorbis: bf7c407c2cedff20999df2af8eb42d56 -> 
  custom:scripting/monoscript/fileName/Benchmark01_UGUI.cs: 6148cfe2627b7708298f301788144139 -> 
  custom:scripting/precompiled-assembly-types:Assembly-CSharp: 6a882cb741bc19692a8ca8913179d76f -> 6032c0c933c699fe27c13914a3aaee66
  custom:scripting/monoscript/fileName/Benchmark03.cs: 17cc87e0529ac71d909a946afb47a274 -> 
========================================================================
Received Prepare
Caller must complete domain reload
Begin MonoManager ReloadAssembly
Thread 0x16dd5f000 may have been prematurely finalized
- Loaded All Assemblies, in  0.202 seconds
Native extension for WindowsStandalone target not found
Native extension for OSXStandalone target not found
Mono: successfully reloaded assembly
- Finished resetting the current domain, in  0.365 seconds
Domain Reload Profiling: 566ms
	BeginReloadAssembly (72ms)
		ExecutionOrderSort (0ms)
		DisableScriptedObjects (3ms)
		BackupInstance (0ms)
		ReleaseScriptingObjects (0ms)
		CreateAndSetChildDomain (22ms)
	RebuildCommonClasses (21ms)
	RebuildNativeTypeToScriptingClass (8ms)
	initialDomainReloadingComplete (12ms)
	LoadAllAssembliesAndSetupDomain (89ms)
		LoadAssemblies (106ms)
		RebuildTransferFunctionScriptingTraits (0ms)
		AnalyzeDomain (10ms)
			TypeCache.Refresh (5ms)
				TypeCache.ScanAssembly (0ms)
			ScanForSourceGeneratedMonoScriptInfo (0ms)
			ResolveRequiredComponents (4ms)
	FinalizeReload (365ms)
		ReleaseScriptCaches (0ms)
		RebuildScriptCaches (0ms)
		SetupLoadedEditorAssemblies (212ms)
			LogAssemblyErrors (0ms)
			InitializePlatformSupportModulesInManaged (3ms)
			SetLoadedEditorAssemblies (3ms)
			RefreshPlugins (0ms)
			BeforeProcessingInitializeOnLoad (29ms)
			ProcessInitializeOnLoadAttributes (164ms)
			ProcessInitializeOnLoadMethodAttributes (12ms)
			AfterProcessingInitializeOnLoad (1ms)
			EditorAssembliesLoaded (0ms)
		ExecutionOrderSort2 (0ms)
		AwakeInstancesAfterBackupRestoration (2ms)
Refreshing native plugins compatible for Editor in 0.81 ms, found 3 plugins.
Preloading 0 native plugins for Editor in 0.00 ms.
Unloading 3006 Unused Serialized files (Serialized files now loaded: 0)
Unloading 25 unused Assets / (0.6 MB). Loaded Objects now: 3636.
Memory consumption went from 333.5 MB to 332.9 MB.
Total: 2.919875 ms (FindLiveObjects: 0.135917 ms CreateObjectMapping: 0.063208 ms MarkObjects: 2.396042 ms  DeleteObjects: 0.324000 ms)

Prepare: number of updated asset objects reloaded= 0
AssetImportParameters requested are different than current active one (requested -> active):
  custom:scripting/monoscript/fileName/SkewTextExample.cs: c142d02d70a129e0533975f7c2f96956 -> 
  custom:container-demuxer-ogg: 62fdf1f143b41e24485cea50d1cbac27 -> 
  custom:scripting/monoscript/fileName/TMP_TextEventHandler.cs: f5cd9d5a43bfefc8f4fec80e6de896a4 -> 
  custom:scripting/monoscript/fileName/TextMeshProFloatingText.cs: 92608fa4a6315cd0786d82205e77b697 -> 
  custom:scripting/monoscript/fileName/VertexZoom.cs: 650ab1e81d40126e3edcf737cce646e4 -> 
  custom:scripting/monoscript/fileName/PressSpaceHandler.cs: 799694d584b6dc4a89e3e3e12c299a26 -> 
  custom:scripting/monoscript/fileName/VertexShakeA.cs: 63ec564c588058369499638dd899e05b -> 
  custom:scripting/monoscript/fileName/TMP_ExampleScript_01.cs: a9d4be556104ff54e7d240529b3e01dc -> 
  custom:video-decoder-ogg-theora: a1e56fd34408186e4bbccfd4996cb3dc -> 
  custom:scripting/monoscript/fileName/TMP_TextEventCheck.cs: 13505d917eab5868c435e0c2986dadfa -> 
  custom:scripting/monoscript/fileName/TMP_TextSelector_B.cs: ba2be21a7486d37b1011342977a2e49d -> 
  custom:scripting/monoscript/fileName/Benchmark01.cs: 2d3e2cd961730ab95f139a49a673bace -> 
  custom:scripting/monoscript/fileName/NewBehaviourScript.cs: b21687ddb03d73bd9f0c1daecb9714de -> 
  custom:scripting/monoscript/fileName/Benchmark02.cs: 5640963252ce70910e726415f869ced6 -> 
  custom:scripting/monoscript/fileName/DropdownSample.cs: 0a92251794e5f10400149f96c3c59e5d -> 
  custom:scripting/monoscript/fileName/WarpTextExample.cs: 2663459c266363641981c7d17b698d7f -> 
  custom:CustomObjectIndexerAttribute: 9a22284fe3817be447336de3de66b15e -> 
  custom:container-demuxer-webm: 4f35f7cbe854078d1ac9338744f61a02 -> 
  custom:scripting/monoscript/fileName/ChatController.cs: 876d5ccae6e345dd5d9450eb0a748f16 -> 
  custom:scripting/monoscript/fileName/TextMeshSpawner.cs: 76f28e2ddb031571e6ec62b018f65fa8 -> 
  custom:scripting/monoscript/fileName/TeleType.cs: 31fa97821c4c70f157ec81d507aa6b62 -> 
  custom:scripting/monoscript/fileName/Benchmark04.cs: 32220b148620e52aa81c13a114862bf4 -> 
  custom:scripting/monoscript/fileName/TextMove.cs: fbecd3f268374313100fa014bdf91c18 -> 
  custom:container-muxer-webm: aa71ff27fc2769a1b78a27578f13a17b -> 
  custom:video-decoder-webm-vp8: 9c59270c3fd7afecdb556c50c9e8de78 -> 
  custom:scripting/monoscript/fileName/TMP_PhoneNumberValidator.cs: 7c3049f481e464c6a9a15dee56c3126f -> 
  custom:SearchIndexIgnoredProperties: e643bd26f0fe6173181afceb89e7c659 -> 
  custom:AudioImporter_EditorPlatform: 3918e3fc78b5a79bad01e8451be0beb8 -> 
  custom:scripting/monoscript/fileName/EnvMapAnimator.cs: 1b4f61c17e4b7283c3ac351aacff9d26 -> 
  custom:scripting/monoscript/fileName/ShaderPropAnimator.cs: 55ce425812446482e623ff2695c94cb2 -> 
  custom:scripting/monoscript/fileName/SimpleScript.cs: 454caab0c6c050f29b39d82e1d66d0fa -> 
  custom:scripting/monoscript/fileName/ObjectSpin.cs: 2b96bb2079dd7fa5108d981627a28e1e -> 
  custom:scripting/monoscript/fileName/DojoMove.cs: f8c6c934a3065aa4afaead1f80b93146 -> 
  custom:scripting/monoscript/fileName/CameraController.cs: 34b6be4e23ce86dc89786916c5983296 -> 
  custom:scripting/monoscript/fileName/TMP_TextInfoDebugTool.cs: 3f1709cfb2cc628169113a35b5e9be3f -> 
  custom:framework-osx-AVFoundation: e770b220cccbd017edd2c1fefb359320 -> 
  custom:scripting/monoscript/fileName/TMP_TextSelector_A.cs: 347309a09d56e367b188a6978f75b424 -> 
  custom:video-encoder-webm-vp8: eb34c28f22e8b96e1ab97ce403110664 -> 
  custom:audio-decoder-ogg-vorbis: bf7c407c2cedff20999df2af8eb42d56 -> 
  custom:scripting/monoscript/fileName/VertexJitter.cs: d27eb5498e48714a66aece98da065133 -> 
  custom:scripting/monoscript/fileName/TextConsoleSimulator.cs: 33fc311abb20b5b0ed8f00e4d86b574e -> 
  custom:scripting/monoscript/fileName/VertexColorCycler.cs: 5f984ca91cf3609293aecc6bc5641572 -> 
  custom:scripting/monoscript/fileName/TMP_FrameRateCounter.cs: 46f655df8cb483ac5958307137b1585a -> 
  custom:scripting/monoscript/fileName/VertexShakeB.cs: a6f78c4fcda1a29a1a1c1baefedba9e7 -> 
  custom:scripting/monoscript/fileName/TMP_UiFrameRateCounter.cs: b01021aea19247f14a98ab338907956a -> 
  custom:scripting/monoscript/fileName/TMPro_InstructionOverlay.cs: b626d2270e6ebd5c4311585c18b58d8d -> 
  custom:scripting/monoscript/fileName/TMP_DigitValidator.cs: ac02af96215ae3951a3cce9e1a8c6085 -> 
  custom:audio-encoder-webm-vorbis: bf7c407c2cedff20999df2af8eb42d56 -> 
  custom:scripting/monoscript/fileName/Benchmark01_UGUI.cs: 6148cfe2627b7708298f301788144139 -> 
  custom:scripting/precompiled-assembly-types:Assembly-CSharp: 6a882cb741bc19692a8ca8913179d76f -> 6032c0c933c699fe27c13914a3aaee66
  custom:scripting/monoscript/fileName/Benchmark03.cs: 17cc87e0529ac71d909a946afb47a274 -> 
========================================================================
Received Prepare
Caller must complete domain reload
Begin MonoManager ReloadAssembly
Thread 0x16dd5f000 may have been prematurely finalized
- Loaded All Assemblies, in  0.204 seconds
Native extension for WindowsStandalone target not found
Native extension for OSXStandalone target not found
Mono: successfully reloaded assembly
- Finished resetting the current domain, in  0.374 seconds
Domain Reload Profiling: 578ms
	BeginReloadAssembly (72ms)
		ExecutionOrderSort (0ms)
		DisableScriptedObjects (3ms)
		BackupInstance (0ms)
		ReleaseScriptingObjects (0ms)
		CreateAndSetChildDomain (21ms)
	RebuildCommonClasses (21ms)
	RebuildNativeTypeToScriptingClass (8ms)
	initialDomainReloadingComplete (12ms)
	LoadAllAssembliesAndSetupDomain (91ms)
		LoadAssemblies (109ms)
		RebuildTransferFunctionScriptingTraits (0ms)
		AnalyzeDomain (9ms)
			TypeCache.Refresh (5ms)
				TypeCache.ScanAssembly (0ms)
			ScanForSourceGeneratedMonoScriptInfo (0ms)
			ResolveRequiredComponents (3ms)
	FinalizeReload (374ms)
		ReleaseScriptCaches (0ms)
		RebuildScriptCaches (0ms)
		SetupLoadedEditorAssemblies (216ms)
			LogAssemblyErrors (0ms)
			InitializePlatformSupportModulesInManaged (4ms)
			SetLoadedEditorAssemblies (3ms)
			RefreshPlugins (0ms)
			BeforeProcessingInitializeOnLoad (32ms)
			ProcessInitializeOnLoadAttributes (165ms)
			ProcessInitializeOnLoadMethodAttributes (12ms)
			AfterProcessingInitializeOnLoad (1ms)
			EditorAssembliesLoaded (0ms)
		ExecutionOrderSort2 (0ms)
		AwakeInstancesAfterBackupRestoration (2ms)
Refreshing native plugins compatible for Editor in 0.80 ms, found 3 plugins.
Preloading 0 native plugins for Editor in 0.00 ms.
Unloading 3006 Unused Serialized files (Serialized files now loaded: 0)
Unloading 25 unused Assets / (0.6 MB). Loaded Objects now: 3639.
Memory consumption went from 338.6 MB to 338.0 MB.
Total: 2.818000 ms (FindLiveObjects: 0.147625 ms CreateObjectMapping: 0.081542 ms MarkObjects: 2.356750 ms  DeleteObjects: 0.231583 ms)

Prepare: number of updated asset objects reloaded= 0
AssetImportParameters requested are different than current active one (requested -> active):
  custom:scripting/monoscript/fileName/SkewTextExample.cs: c142d02d70a129e0533975f7c2f96956 -> 
  custom:container-demuxer-ogg: 62fdf1f143b41e24485cea50d1cbac27 -> 
  custom:scripting/monoscript/fileName/TMP_TextEventHandler.cs: f5cd9d5a43bfefc8f4fec80e6de896a4 -> 
  custom:scripting/monoscript/fileName/TextMeshProFloatingText.cs: 92608fa4a6315cd0786d82205e77b697 -> 
  custom:scripting/monoscript/fileName/VertexZoom.cs: 650ab1e81d40126e3edcf737cce646e4 -> 
  custom:scripting/monoscript/fileName/PressSpaceHandler.cs: 799694d584b6dc4a89e3e3e12c299a26 -> 
  custom:scripting/monoscript/fileName/VertexShakeA.cs: 63ec564c588058369499638dd899e05b -> 
  custom:scripting/monoscript/fileName/TMP_ExampleScript_01.cs: a9d4be556104ff54e7d240529b3e01dc -> 
  custom:video-decoder-ogg-theora: a1e56fd34408186e4bbccfd4996cb3dc -> 
  custom:scripting/monoscript/fileName/TMP_TextEventCheck.cs: 13505d917eab5868c435e0c2986dadfa -> 
  custom:scripting/monoscript/fileName/TMP_TextSelector_B.cs: ba2be21a7486d37b1011342977a2e49d -> 
  custom:scripting/monoscript/fileName/Benchmark01.cs: 2d3e2cd961730ab95f139a49a673bace -> 
  custom:scripting/monoscript/fileName/NewBehaviourScript.cs: b21687ddb03d73bd9f0c1daecb9714de -> 
  custom:scripting/monoscript/fileName/Benchmark02.cs: 5640963252ce70910e726415f869ced6 -> 
  custom:scripting/monoscript/fileName/DropdownSample.cs: 0a92251794e5f10400149f96c3c59e5d -> 
  custom:scripting/monoscript/fileName/WarpTextExample.cs: 2663459c266363641981c7d17b698d7f -> 
  custom:CustomObjectIndexerAttribute: 9a22284fe3817be447336de3de66b15e -> 
  custom:container-demuxer-webm: 4f35f7cbe854078d1ac9338744f61a02 -> 
  custom:scripting/monoscript/fileName/ChatController.cs: 876d5ccae6e345dd5d9450eb0a748f16 -> 
  custom:scripting/monoscript/fileName/TextMeshSpawner.cs: 76f28e2ddb031571e6ec62b018f65fa8 -> 
  custom:scripting/monoscript/fileName/TeleType.cs: 31fa97821c4c70f157ec81d507aa6b62 -> 
  custom:scripting/monoscript/fileName/Benchmark04.cs: 32220b148620e52aa81c13a114862bf4 -> 
  custom:scripting/monoscript/fileName/TextMove.cs: fbecd3f268374313100fa014bdf91c18 -> 
  custom:container-muxer-webm: aa71ff27fc2769a1b78a27578f13a17b -> 
  custom:video-decoder-webm-vp8: 9c59270c3fd7afecdb556c50c9e8de78 -> 
  custom:scripting/monoscript/fileName/TMP_PhoneNumberValidator.cs: 7c3049f481e464c6a9a15dee56c3126f -> 
  custom:SearchIndexIgnoredProperties: e643bd26f0fe6173181afceb89e7c659 -> 
  custom:AudioImporter_EditorPlatform: 3918e3fc78b5a79bad01e8451be0beb8 -> 
  custom:scripting/monoscript/fileName/EnvMapAnimator.cs: 1b4f61c17e4b7283c3ac351aacff9d26 -> 
  custom:scripting/monoscript/fileName/ShaderPropAnimator.cs: 55ce425812446482e623ff2695c94cb2 -> 
  custom:scripting/monoscript/fileName/SimpleScript.cs: 454caab0c6c050f29b39d82e1d66d0fa -> 
  custom:scripting/monoscript/fileName/ObjectSpin.cs: 2b96bb2079dd7fa5108d981627a28e1e -> 
  custom:scripting/monoscript/fileName/DojoMove.cs: f8c6c934a3065aa4afaead1f80b93146 -> 
  custom:scripting/monoscript/fileName/CameraController.cs: 34b6be4e23ce86dc89786916c5983296 -> 
  custom:scripting/monoscript/fileName/TMP_TextInfoDebugTool.cs: 3f1709cfb2cc628169113a35b5e9be3f -> 
  custom:framework-osx-AVFoundation: e770b220cccbd017edd2c1fefb359320 -> 
  custom:scripting/monoscript/fileName/TMP_TextSelector_A.cs: 347309a09d56e367b188a6978f75b424 -> 
  custom:video-encoder-webm-vp8: eb34c28f22e8b96e1ab97ce403110664 -> 
  custom:audio-decoder-ogg-vorbis: bf7c407c2cedff20999df2af8eb42d56 -> 
  custom:scripting/monoscript/fileName/VertexJitter.cs: d27eb5498e48714a66aece98da065133 -> 
  custom:scripting/monoscript/fileName/TextConsoleSimulator.cs: 33fc311abb20b5b0ed8f00e4d86b574e -> 
  custom:scripting/monoscript/fileName/VertexColorCycler.cs: 5f984ca91cf3609293aecc6bc5641572 -> 
  custom:scripting/monoscript/fileName/TMP_FrameRateCounter.cs: 46f655df8cb483ac5958307137b1585a -> 
  custom:scripting/monoscript/fileName/VertexShakeB.cs: a6f78c4fcda1a29a1a1c1baefedba9e7 -> 
  custom:scripting/monoscript/fileName/TMP_UiFrameRateCounter.cs: b01021aea19247f14a98ab338907956a -> 
  custom:scripting/monoscript/fileName/TMPro_InstructionOverlay.cs: b626d2270e6ebd5c4311585c18b58d8d -> 
  custom:scripting/monoscript/fileName/TMP_DigitValidator.cs: ac02af96215ae3951a3cce9e1a8c6085 -> 
  custom:audio-encoder-webm-vorbis: bf7c407c2cedff20999df2af8eb42d56 -> 
  custom:scripting/monoscript/fileName/Benchmark01_UGUI.cs: 6148cfe2627b7708298f301788144139 -> 
  custom:scripting/precompiled-assembly-types:Assembly-CSharp: 6a882cb741bc19692a8ca8913179d76f -> 6032c0c933c699fe27c13914a3aaee66
  custom:scripting/monoscript/fileName/Benchmark03.cs: 17cc87e0529ac71d909a946afb47a274 -> 
========================================================================
Received Prepare
Caller must complete domain reload
Begin MonoManager ReloadAssembly
Thread 0x16dd5f000 may have been prematurely finalized
- Loaded All Assemblies, in  0.201 seconds
Native extension for WindowsStandalone target not found
Native extension for OSXStandalone target not found
Mono: successfully reloaded assembly
- Finished resetting the current domain, in  0.367 seconds
Domain Reload Profiling: 568ms
	BeginReloadAssembly (72ms)
		ExecutionOrderSort (0ms)
		DisableScriptedObjects (3ms)
		BackupInstance (0ms)
		ReleaseScriptingObjects (0ms)
		CreateAndSetChildDomain (22ms)
	RebuildCommonClasses (21ms)
	RebuildNativeTypeToScriptingClass (8ms)
	initialDomainReloadingComplete (12ms)
	LoadAllAssembliesAndSetupDomain (89ms)
		LoadAssemblies (105ms)
		RebuildTransferFunctionScriptingTraits (0ms)
		AnalyzeDomain (10ms)
			TypeCache.Refresh (5ms)
				TypeCache.ScanAssembly (0ms)
			ScanForSourceGeneratedMonoScriptInfo (0ms)
			ResolveRequiredComponents (3ms)
	FinalizeReload (367ms)
		ReleaseScriptCaches (0ms)
		RebuildScriptCaches (0ms)
		SetupLoadedEditorAssemblies (217ms)
			LogAssemblyErrors (0ms)
			InitializePlatformSupportModulesInManaged (4ms)
			SetLoadedEditorAssemblies (3ms)
			RefreshPlugins (0ms)
			BeforeProcessingInitializeOnLoad (31ms)
			ProcessInitializeOnLoadAttributes (166ms)
			ProcessInitializeOnLoadMethodAttributes (12ms)
			AfterProcessingInitializeOnLoad (1ms)
			EditorAssembliesLoaded (0ms)
		ExecutionOrderSort2 (0ms)
		AwakeInstancesAfterBackupRestoration (3ms)
Refreshing native plugins compatible for Editor in 0.85 ms, found 3 plugins.
Preloading 0 native plugins for Editor in 0.00 ms.
Unloading 3006 Unused Serialized files (Serialized files now loaded: 0)
Unloading 25 unused Assets / (0.6 MB). Loaded Objects now: 3642.
Memory consumption went from 343.7 MB to 343.2 MB.
Total: 3.006542 ms (FindLiveObjects: 0.159458 ms CreateObjectMapping: 0.078875 ms MarkObjects: 2.451792 ms  DeleteObjects: 0.315708 ms)

Prepare: number of updated asset objects reloaded= 0
AssetImportParameters requested are different than current active one (requested -> active):
  custom:scripting/monoscript/fileName/SkewTextExample.cs: c142d02d70a129e0533975f7c2f96956 -> 
  custom:container-demuxer-ogg: 62fdf1f143b41e24485cea50d1cbac27 -> 
  custom:scripting/monoscript/fileName/TMP_TextEventHandler.cs: f5cd9d5a43bfefc8f4fec80e6de896a4 -> 
  custom:scripting/monoscript/fileName/TextMeshProFloatingText.cs: 92608fa4a6315cd0786d82205e77b697 -> 
  custom:scripting/monoscript/fileName/VertexZoom.cs: 650ab1e81d40126e3edcf737cce646e4 -> 
  custom:scripting/monoscript/fileName/PressSpaceHandler.cs: 799694d584b6dc4a89e3e3e12c299a26 -> 
  custom:scripting/monoscript/fileName/VertexShakeA.cs: 63ec564c588058369499638dd899e05b -> 
  custom:scripting/monoscript/fileName/TMP_ExampleScript_01.cs: a9d4be556104ff54e7d240529b3e01dc -> 
  custom:video-decoder-ogg-theora: a1e56fd34408186e4bbccfd4996cb3dc -> 
  custom:scripting/monoscript/fileName/TMP_TextEventCheck.cs: 13505d917eab5868c435e0c2986dadfa -> 
  custom:scripting/monoscript/fileName/TMP_TextSelector_B.cs: ba2be21a7486d37b1011342977a2e49d -> 
  custom:scripting/monoscript/fileName/Benchmark01.cs: 2d3e2cd961730ab95f139a49a673bace -> 
  custom:scripting/monoscript/fileName/NewBehaviourScript.cs: b21687ddb03d73bd9f0c1daecb9714de -> 
  custom:scripting/monoscript/fileName/Benchmark02.cs: 5640963252ce70910e726415f869ced6 -> 
  custom:scripting/monoscript/fileName/DropdownSample.cs: 0a92251794e5f10400149f96c3c59e5d -> 
  custom:scripting/monoscript/fileName/WarpTextExample.cs: 2663459c266363641981c7d17b698d7f -> 
  custom:CustomObjectIndexerAttribute: 9a22284fe3817be447336de3de66b15e -> 
  custom:container-demuxer-webm: 4f35f7cbe854078d1ac9338744f61a02 -> 
  custom:scripting/monoscript/fileName/ChatController.cs: 876d5ccae6e345dd5d9450eb0a748f16 -> 
  custom:scripting/monoscript/fileName/TextMeshSpawner.cs: 76f28e2ddb031571e6ec62b018f65fa8 -> 
  custom:scripting/monoscript/fileName/TeleType.cs: 31fa97821c4c70f157ec81d507aa6b62 -> 
  custom:scripting/monoscript/fileName/Benchmark04.cs: 32220b148620e52aa81c13a114862bf4 -> 
  custom:scripting/monoscript/fileName/TextMove.cs: fbecd3f268374313100fa014bdf91c18 -> 
  custom:container-muxer-webm: aa71ff27fc2769a1b78a27578f13a17b -> 
  custom:video-decoder-webm-vp8: 9c59270c3fd7afecdb556c50c9e8de78 -> 
  custom:scripting/monoscript/fileName/TMP_PhoneNumberValidator.cs: 7c3049f481e464c6a9a15dee56c3126f -> 
  custom:SearchIndexIgnoredProperties: e643bd26f0fe6173181afceb89e7c659 -> 
  custom:AudioImporter_EditorPlatform: 3918e3fc78b5a79bad01e8451be0beb8 -> 
  custom:scripting/monoscript/fileName/EnvMapAnimator.cs: 1b4f61c17e4b7283c3ac351aacff9d26 -> 
  custom:scripting/monoscript/fileName/ShaderPropAnimator.cs: 55ce425812446482e623ff2695c94cb2 -> 
  custom:scripting/monoscript/fileName/SimpleScript.cs: 454caab0c6c050f29b39d82e1d66d0fa -> 
  custom:scripting/monoscript/fileName/ObjectSpin.cs: 2b96bb2079dd7fa5108d981627a28e1e -> 
  custom:scripting/monoscript/fileName/DojoMove.cs: f8c6c934a3065aa4afaead1f80b93146 -> 
  custom:scripting/monoscript/fileName/CameraController.cs: 34b6be4e23ce86dc89786916c5983296 -> 
  custom:scripting/monoscript/fileName/TMP_TextInfoDebugTool.cs: 3f1709cfb2cc628169113a35b5e9be3f -> 
  custom:framework-osx-AVFoundation: e770b220cccbd017edd2c1fefb359320 -> 
  custom:scripting/monoscript/fileName/TMP_TextSelector_A.cs: 347309a09d56e367b188a6978f75b424 -> 
  custom:video-encoder-webm-vp8: eb34c28f22e8b96e1ab97ce403110664 -> 
  custom:audio-decoder-ogg-vorbis: bf7c407c2cedff20999df2af8eb42d56 -> 
  custom:scripting/monoscript/fileName/VertexJitter.cs: d27eb5498e48714a66aece98da065133 -> 
  custom:scripting/monoscript/fileName/TextConsoleSimulator.cs: 33fc311abb20b5b0ed8f00e4d86b574e -> 
  custom:scripting/monoscript/fileName/VertexColorCycler.cs: 5f984ca91cf3609293aecc6bc5641572 -> 
  custom:scripting/monoscript/fileName/TMP_FrameRateCounter.cs: 46f655df8cb483ac5958307137b1585a -> 
  custom:scripting/monoscript/fileName/VertexShakeB.cs: a6f78c4fcda1a29a1a1c1baefedba9e7 -> 
  custom:scripting/monoscript/fileName/TMP_UiFrameRateCounter.cs: b01021aea19247f14a98ab338907956a -> 
  custom:scripting/monoscript/fileName/TMPro_InstructionOverlay.cs: b626d2270e6ebd5c4311585c18b58d8d -> 
  custom:scripting/monoscript/fileName/TMP_DigitValidator.cs: ac02af96215ae3951a3cce9e1a8c6085 -> 
  custom:audio-encoder-webm-vorbis: bf7c407c2cedff20999df2af8eb42d56 -> 
  custom:scripting/monoscript/fileName/Benchmark01_UGUI.cs: 6148cfe2627b7708298f301788144139 -> 
  custom:scripting/precompiled-assembly-types:Assembly-CSharp: 6a882cb741bc19692a8ca8913179d76f -> 6032c0c933c699fe27c13914a3aaee66
  custom:scripting/monoscript/fileName/Benchmark03.cs: 17cc87e0529ac71d909a946afb47a274 -> 
========================================================================
Received Prepare
Caller must complete domain reload
Begin MonoManager ReloadAssembly
Thread 0x16dd5f000 may have been prematurely finalized
- Loaded All Assemblies, in  0.200 seconds
Native extension for WindowsStandalone target not found
Native extension for OSXStandalone target not found
Mono: successfully reloaded assembly
- Finished resetting the current domain, in  0.367 seconds
Domain Reload Profiling: 567ms
	BeginReloadAssembly (72ms)
		ExecutionOrderSort (0ms)
		DisableScriptedObjects (3ms)
		BackupInstance (0ms)
		ReleaseScriptingObjects (0ms)
		CreateAndSetChildDomain (22ms)
	RebuildCommonClasses (21ms)
	RebuildNativeTypeToScriptingClass (8ms)
	initialDomainReloadingComplete (12ms)
	LoadAllAssembliesAndSetupDomain (87ms)
		LoadAssemblies (104ms)
		RebuildTransferFunctionScriptingTraits (0ms)
		AnalyzeDomain (10ms)
			TypeCache.Refresh (5ms)
				TypeCache.ScanAssembly (0ms)
			ScanForSourceGeneratedMonoScriptInfo (0ms)
			ResolveRequiredComponents (3ms)
	FinalizeReload (367ms)
		ReleaseScriptCaches (0ms)
		RebuildScriptCaches (0ms)
		SetupLoadedEditorAssemblies (215ms)
			LogAssemblyErrors (0ms)
			InitializePlatformSupportModulesInManaged (4ms)
			SetLoadedEditorAssemblies (3ms)
			RefreshPlugins (0ms)
			BeforeProcessingInitializeOnLoad (30ms)
			ProcessInitializeOnLoadAttributes (166ms)
			ProcessInitializeOnLoadMethodAttributes (12ms)
			AfterProcessingInitializeOnLoad (1ms)
			EditorAssembliesLoaded (0ms)
		ExecutionOrderSort2 (0ms)
		AwakeInstancesAfterBackupRestoration (2ms)
Refreshing native plugins compatible for Editor in 0.78 ms, found 3 plugins.
Preloading 0 native plugins for Editor in 0.00 ms.
Unloading 3006 Unused Serialized files (Serialized files now loaded: 0)
Unloading 25 unused Assets / (0.6 MB). Loaded Objects now: 3645.
Memory consumption went from 348.8 MB to 348.3 MB.
Total: 2.904500 ms (FindLiveObjects: 0.161583 ms CreateObjectMapping: 0.073584 ms MarkObjects: 2.395458 ms  DeleteObjects: 0.273375 ms)

Prepare: number of updated asset objects reloaded= 0
AssetImportParameters requested are different than current active one (requested -> active):
  custom:scripting/monoscript/fileName/SkewTextExample.cs: c142d02d70a129e0533975f7c2f96956 -> 
  custom:container-demuxer-ogg: 62fdf1f143b41e24485cea50d1cbac27 -> 
  custom:scripting/monoscript/fileName/TMP_TextEventHandler.cs: f5cd9d5a43bfefc8f4fec80e6de896a4 -> 
  custom:scripting/monoscript/fileName/TextMeshProFloatingText.cs: 92608fa4a6315cd0786d82205e77b697 -> 
  custom:scripting/monoscript/fileName/VertexZoom.cs: 650ab1e81d40126e3edcf737cce646e4 -> 
  custom:scripting/monoscript/fileName/PressSpaceHandler.cs: 799694d584b6dc4a89e3e3e12c299a26 -> 
  custom:scripting/monoscript/fileName/VertexShakeA.cs: 63ec564c588058369499638dd899e05b -> 
  custom:scripting/monoscript/fileName/TMP_ExampleScript_01.cs: a9d4be556104ff54e7d240529b3e01dc -> 
  custom:video-decoder-ogg-theora: a1e56fd34408186e4bbccfd4996cb3dc -> 
  custom:scripting/monoscript/fileName/TMP_TextEventCheck.cs: 13505d917eab5868c435e0c2986dadfa -> 
  custom:scripting/monoscript/fileName/TMP_TextSelector_B.cs: ba2be21a7486d37b1011342977a2e49d -> 
  custom:scripting/monoscript/fileName/Benchmark01.cs: 2d3e2cd961730ab95f139a49a673bace -> 
  custom:scripting/monoscript/fileName/NewBehaviourScript.cs: b21687ddb03d73bd9f0c1daecb9714de -> 
  custom:scripting/monoscript/fileName/Benchmark02.cs: 5640963252ce70910e726415f869ced6 -> 
  custom:scripting/monoscript/fileName/DropdownSample.cs: 0a92251794e5f10400149f96c3c59e5d -> 
  custom:scripting/monoscript/fileName/WarpTextExample.cs: 2663459c266363641981c7d17b698d7f -> 
  custom:CustomObjectIndexerAttribute: 9a22284fe3817be447336de3de66b15e -> 
  custom:container-demuxer-webm: 4f35f7cbe854078d1ac9338744f61a02 -> 
  custom:scripting/monoscript/fileName/ChatController.cs: 876d5ccae6e345dd5d9450eb0a748f16 -> 
  custom:scripting/monoscript/fileName/TextMeshSpawner.cs: 76f28e2ddb031571e6ec62b018f65fa8 -> 
  custom:scripting/monoscript/fileName/TeleType.cs: 31fa97821c4c70f157ec81d507aa6b62 -> 
  custom:scripting/monoscript/fileName/Benchmark04.cs: 32220b148620e52aa81c13a114862bf4 -> 
  custom:scripting/monoscript/fileName/TextMove.cs: fbecd3f268374313100fa014bdf91c18 -> 
  custom:container-muxer-webm: aa71ff27fc2769a1b78a27578f13a17b -> 
  custom:video-decoder-webm-vp8: 9c59270c3fd7afecdb556c50c9e8de78 -> 
  custom:scripting/monoscript/fileName/TMP_PhoneNumberValidator.cs: 7c3049f481e464c6a9a15dee56c3126f -> 
  custom:SearchIndexIgnoredProperties: e643bd26f0fe6173181afceb89e7c659 -> 
  custom:AudioImporter_EditorPlatform: 3918e3fc78b5a79bad01e8451be0beb8 -> 
  custom:scripting/monoscript/fileName/EnvMapAnimator.cs: 1b4f61c17e4b7283c3ac351aacff9d26 -> 
  custom:scripting/monoscript/fileName/ShaderPropAnimator.cs: 55ce425812446482e623ff2695c94cb2 -> 
  custom:scripting/monoscript/fileName/SimpleScript.cs: 454caab0c6c050f29b39d82e1d66d0fa -> 
  custom:scripting/monoscript/fileName/ObjectSpin.cs: 2b96bb2079dd7fa5108d981627a28e1e -> 
  custom:scripting/monoscript/fileName/DojoMove.cs: f8c6c934a3065aa4afaead1f80b93146 -> 
  custom:scripting/monoscript/fileName/CameraController.cs: 34b6be4e23ce86dc89786916c5983296 -> 
  custom:scripting/monoscript/fileName/TMP_TextInfoDebugTool.cs: 3f1709cfb2cc628169113a35b5e9be3f -> 
  custom:framework-osx-AVFoundation: e770b220cccbd017edd2c1fefb359320 -> 
  custom:scripting/monoscript/fileName/TMP_TextSelector_A.cs: 347309a09d56e367b188a6978f75b424 -> 
  custom:video-encoder-webm-vp8: eb34c28f22e8b96e1ab97ce403110664 -> 
  custom:audio-decoder-ogg-vorbis: bf7c407c2cedff20999df2af8eb42d56 -> 
  custom:scripting/monoscript/fileName/VertexJitter.cs: d27eb5498e48714a66aece98da065133 -> 
  custom:scripting/monoscript/fileName/TextConsoleSimulator.cs: 33fc311abb20b5b0ed8f00e4d86b574e -> 
  custom:scripting/monoscript/fileName/VertexColorCycler.cs: 5f984ca91cf3609293aecc6bc5641572 -> 
  custom:scripting/monoscript/fileName/TMP_FrameRateCounter.cs: 46f655df8cb483ac5958307137b1585a -> 
  custom:scripting/monoscript/fileName/VertexShakeB.cs: a6f78c4fcda1a29a1a1c1baefedba9e7 -> 
  custom:scripting/monoscript/fileName/TMP_UiFrameRateCounter.cs: b01021aea19247f14a98ab338907956a -> 
  custom:scripting/monoscript/fileName/TMPro_InstructionOverlay.cs: b626d2270e6ebd5c4311585c18b58d8d -> 
  custom:scripting/monoscript/fileName/TMP_DigitValidator.cs: ac02af96215ae3951a3cce9e1a8c6085 -> 
  custom:audio-encoder-webm-vorbis: bf7c407c2cedff20999df2af8eb42d56 -> 
  custom:scripting/monoscript/fileName/Benchmark01_UGUI.cs: 6148cfe2627b7708298f301788144139 -> 
  custom:scripting/precompiled-assembly-types:Assembly-CSharp: 6a882cb741bc19692a8ca8913179d76f -> 6032c0c933c699fe27c13914a3aaee66
  custom:scripting/monoscript/fileName/Benchmark03.cs: 17cc87e0529ac71d909a946afb47a274 -> 
========================================================================
Received Prepare
Caller must complete domain reload
Begin MonoManager ReloadAssembly
Thread 0x16dd5f000 may have been prematurely finalized
- Loaded All Assemblies, in  0.199 seconds
Native extension for WindowsStandalone target not found
Native extension for OSXStandalone target not found
Mono: successfully reloaded assembly
- Finished resetting the current domain, in  0.366 seconds
Domain Reload Profiling: 566ms
	BeginReloadAssembly (71ms)
		ExecutionOrderSort (0ms)
		DisableScriptedObjects (3ms)
		BackupInstance (0ms)
		ReleaseScriptingObjects (0ms)
		CreateAndSetChildDomain (21ms)
	RebuildCommonClasses (21ms)
	RebuildNativeTypeToScriptingClass (8ms)
	initialDomainReloadingComplete (12ms)
	LoadAllAssembliesAndSetupDomain (87ms)
		LoadAssemblies (104ms)
		RebuildTransferFunctionScriptingTraits (0ms)
		AnalyzeDomain (10ms)
			TypeCache.Refresh (5ms)
				TypeCache.ScanAssembly (0ms)
			ScanForSourceGeneratedMonoScriptInfo (0ms)
			ResolveRequiredComponents (3ms)
	FinalizeReload (367ms)
		ReleaseScriptCaches (0ms)
		RebuildScriptCaches (0ms)
		SetupLoadedEditorAssemblies (214ms)
			LogAssemblyErrors (0ms)
			InitializePlatformSupportModulesInManaged (4ms)
			SetLoadedEditorAssemblies (3ms)
			RefreshPlugins (0ms)
			BeforeProcessingInitializeOnLoad (30ms)
			ProcessInitializeOnLoadAttributes (164ms)
			ProcessInitializeOnLoadMethodAttributes (13ms)
			AfterProcessingInitializeOnLoad (1ms)
			EditorAssembliesLoaded (0ms)
		ExecutionOrderSort2 (0ms)
		AwakeInstancesAfterBackupRestoration (2ms)
Refreshing native plugins compatible for Editor in 0.86 ms, found 3 plugins.
Preloading 0 native plugins for Editor in 0.00 ms.
Unloading 3006 Unused Serialized files (Serialized files now loaded: 0)
Unloading 25 unused Assets / (0.6 MB). Loaded Objects now: 3648.
Memory consumption went from 353.9 MB to 353.4 MB.
Total: 3.063500 ms (FindLiveObjects: 0.246041 ms CreateObjectMapping: 0.095209 ms MarkObjects: 2.431542 ms  DeleteObjects: 0.289917 ms)

Prepare: number of updated asset objects reloaded= 0
AssetImportParameters requested are different than current active one (requested -> active):
  custom:scripting/monoscript/fileName/SkewTextExample.cs: c142d02d70a129e0533975f7c2f96956 -> 
  custom:container-demuxer-ogg: 62fdf1f143b41e24485cea50d1cbac27 -> 
  custom:scripting/monoscript/fileName/TMP_TextEventHandler.cs: f5cd9d5a43bfefc8f4fec80e6de896a4 -> 
  custom:scripting/monoscript/fileName/TextMeshProFloatingText.cs: 92608fa4a6315cd0786d82205e77b697 -> 
  custom:scripting/monoscript/fileName/VertexZoom.cs: 650ab1e81d40126e3edcf737cce646e4 -> 
  custom:scripting/monoscript/fileName/PressSpaceHandler.cs: 799694d584b6dc4a89e3e3e12c299a26 -> 
  custom:scripting/monoscript/fileName/VertexShakeA.cs: 63ec564c588058369499638dd899e05b -> 
  custom:scripting/monoscript/fileName/TMP_ExampleScript_01.cs: a9d4be556104ff54e7d240529b3e01dc -> 
  custom:video-decoder-ogg-theora: a1e56fd34408186e4bbccfd4996cb3dc -> 
  custom:scripting/monoscript/fileName/TMP_TextEventCheck.cs: 13505d917eab5868c435e0c2986dadfa -> 
  custom:scripting/monoscript/fileName/TMP_TextSelector_B.cs: ba2be21a7486d37b1011342977a2e49d -> 
  custom:scripting/monoscript/fileName/Benchmark01.cs: 2d3e2cd961730ab95f139a49a673bace -> 
  custom:scripting/monoscript/fileName/NewBehaviourScript.cs: b21687ddb03d73bd9f0c1daecb9714de -> 
  custom:scripting/monoscript/fileName/Benchmark02.cs: 5640963252ce70910e726415f869ced6 -> 
  custom:scripting/monoscript/fileName/DropdownSample.cs: 0a92251794e5f10400149f96c3c59e5d -> 
  custom:scripting/monoscript/fileName/WarpTextExample.cs: 2663459c266363641981c7d17b698d7f -> 
  custom:CustomObjectIndexerAttribute: 9a22284fe3817be447336de3de66b15e -> 
  custom:container-demuxer-webm: 4f35f7cbe854078d1ac9338744f61a02 -> 
  custom:scripting/monoscript/fileName/ChatController.cs: 876d5ccae6e345dd5d9450eb0a748f16 -> 
  custom:scripting/monoscript/fileName/TextMeshSpawner.cs: 76f28e2ddb031571e6ec62b018f65fa8 -> 
  custom:scripting/monoscript/fileName/TeleType.cs: 31fa97821c4c70f157ec81d507aa6b62 -> 
  custom:scripting/monoscript/fileName/Benchmark04.cs: 32220b148620e52aa81c13a114862bf4 -> 
  custom:scripting/monoscript/fileName/TextMove.cs: fbecd3f268374313100fa014bdf91c18 -> 
  custom:container-muxer-webm: aa71ff27fc2769a1b78a27578f13a17b -> 
  custom:video-decoder-webm-vp8: 9c59270c3fd7afecdb556c50c9e8de78 -> 
  custom:scripting/monoscript/fileName/TMP_PhoneNumberValidator.cs: 7c3049f481e464c6a9a15dee56c3126f -> 
  custom:SearchIndexIgnoredProperties: e643bd26f0fe6173181afceb89e7c659 -> 
  custom:AudioImporter_EditorPlatform: 3918e3fc78b5a79bad01e8451be0beb8 -> 
  custom:scripting/monoscript/fileName/EnvMapAnimator.cs: 1b4f61c17e4b7283c3ac351aacff9d26 -> 
  custom:scripting/monoscript/fileName/ShaderPropAnimator.cs: 55ce425812446482e623ff2695c94cb2 -> 
  custom:scripting/monoscript/fileName/SimpleScript.cs: 454caab0c6c050f29b39d82e1d66d0fa -> 
  custom:scripting/monoscript/fileName/ObjectSpin.cs: 2b96bb2079dd7fa5108d981627a28e1e -> 
  custom:scripting/monoscript/fileName/DojoMove.cs: f8c6c934a3065aa4afaead1f80b93146 -> 
  custom:scripting/monoscript/fileName/CameraController.cs: 34b6be4e23ce86dc89786916c5983296 -> 
  custom:scripting/monoscript/fileName/TMP_TextInfoDebugTool.cs: 3f1709cfb2cc628169113a35b5e9be3f -> 
  custom:framework-osx-AVFoundation: e770b220cccbd017edd2c1fefb359320 -> 
  custom:scripting/monoscript/fileName/TMP_TextSelector_A.cs: 347309a09d56e367b188a6978f75b424 -> 
  custom:video-encoder-webm-vp8: eb34c28f22e8b96e1ab97ce403110664 -> 
  custom:audio-decoder-ogg-vorbis: bf7c407c2cedff20999df2af8eb42d56 -> 
  custom:scripting/monoscript/fileName/VertexJitter.cs: d27eb5498e48714a66aece98da065133 -> 
  custom:scripting/monoscript/fileName/TextConsoleSimulator.cs: 33fc311abb20b5b0ed8f00e4d86b574e -> 
  custom:scripting/monoscript/fileName/VertexColorCycler.cs: 5f984ca91cf3609293aecc6bc5641572 -> 
  custom:scripting/monoscript/fileName/TMP_FrameRateCounter.cs: 46f655df8cb483ac5958307137b1585a -> 
  custom:scripting/monoscript/fileName/VertexShakeB.cs: a6f78c4fcda1a29a1a1c1baefedba9e7 -> 
  custom:scripting/monoscript/fileName/TMP_UiFrameRateCounter.cs: b01021aea19247f14a98ab338907956a -> 
  custom:scripting/monoscript/fileName/TMPro_InstructionOverlay.cs: b626d2270e6ebd5c4311585c18b58d8d -> 
  custom:scripting/monoscript/fileName/TMP_DigitValidator.cs: ac02af96215ae3951a3cce9e1a8c6085 -> 
  custom:audio-encoder-webm-vorbis: bf7c407c2cedff20999df2af8eb42d56 -> 
  custom:scripting/monoscript/fileName/Benchmark01_UGUI.cs: 6148cfe2627b7708298f301788144139 -> 
  custom:scripting/precompiled-assembly-types:Assembly-CSharp: 6a882cb741bc19692a8ca8913179d76f -> 6032c0c933c699fe27c13914a3aaee66
  custom:scripting/monoscript/fileName/Benchmark03.cs: 17cc87e0529ac71d909a946afb47a274 -> 
========================================================================
Received Prepare
Caller must complete domain reload
Begin MonoManager ReloadAssembly
Thread 0x16dd5f000 may have been prematurely finalized
- Loaded All Assemblies, in  0.230 seconds
Native extension for WindowsStandalone target not found
Native extension for OSXStandalone target not found
Mono: successfully reloaded assembly
- Finished resetting the current domain, in  0.588 seconds
Domain Reload Profiling: 819ms
	BeginReloadAssembly (73ms)
		ExecutionOrderSort (0ms)
		DisableScriptedObjects (3ms)
		BackupInstance (0ms)
		ReleaseScriptingObjects (0ms)
		CreateAndSetChildDomain (22ms)
	RebuildCommonClasses (22ms)
	RebuildNativeTypeToScriptingClass (8ms)
	initialDomainReloadingComplete (12ms)
	LoadAllAssembliesAndSetupDomain (117ms)
		LoadAssemblies (129ms)
		RebuildTransferFunctionScriptingTraits (0ms)
		AnalyzeDomain (15ms)
			TypeCache.Refresh (7ms)
				TypeCache.ScanAssembly (1ms)
			ScanForSourceGeneratedMonoScriptInfo (4ms)
			ResolveRequiredComponents (4ms)
	FinalizeReload (588ms)
		ReleaseScriptCaches (0ms)
		RebuildScriptCaches (0ms)
		SetupLoadedEditorAssemblies (201ms)
			LogAssemblyErrors (0ms)
			InitializePlatformSupportModulesInManaged (4ms)
			SetLoadedEditorAssemblies (3ms)
			RefreshPlugins (0ms)
			BeforeProcessingInitializeOnLoad (29ms)
			ProcessInitializeOnLoadAttributes (154ms)
			ProcessInitializeOnLoadMethodAttributes (11ms)
			AfterProcessingInitializeOnLoad (1ms)
			EditorAssembliesLoaded (0ms)
		ExecutionOrderSort2 (0ms)
		AwakeInstancesAfterBackupRestoration (2ms)
Refreshing native plugins compatible for Editor in 0.74 ms, found 3 plugins.
Preloading 0 native plugins for Editor in 0.00 ms.
Unloading 3006 Unused Serialized files (Serialized files now loaded: 0)
Unloading 25 unused Assets / (0.5 MB). Loaded Objects now: 3651.
Memory consumption went from 359.1 MB to 358.5 MB.
Total: 2.338334 ms (FindLiveObjects: 0.117709 ms CreateObjectMapping: 0.053125 ms MarkObjects: 1.954291 ms  DeleteObjects: 0.212542 ms)

Prepare: number of updated asset objects reloaded= 0
AssetImportParameters requested are different than current active one (requested -> active):
  custom:scripting/monoscript/fileName/SkewTextExample.cs: c142d02d70a129e0533975f7c2f96956 -> 
  custom:container-demuxer-ogg: 62fdf1f143b41e24485cea50d1cbac27 -> 
  custom:scripting/monoscript/fileName/TMP_TextEventHandler.cs: f5cd9d5a43bfefc8f4fec80e6de896a4 -> 
  custom:scripting/monoscript/fileName/TextMeshProFloatingText.cs: 92608fa4a6315cd0786d82205e77b697 -> 
  custom:scripting/monoscript/fileName/VertexZoom.cs: 650ab1e81d40126e3edcf737cce646e4 -> 
  custom:scripting/monoscript/fileName/PressSpaceHandler.cs: 799694d584b6dc4a89e3e3e12c299a26 -> 
  custom:scripting/monoscript/fileName/VertexShakeA.cs: 63ec564c588058369499638dd899e05b -> 
  custom:scripting/monoscript/fileName/TMP_ExampleScript_01.cs: a9d4be556104ff54e7d240529b3e01dc -> 
  custom:video-decoder-ogg-theora: a1e56fd34408186e4bbccfd4996cb3dc -> 
  custom:scripting/monoscript/fileName/TMP_TextEventCheck.cs: 13505d917eab5868c435e0c2986dadfa -> 
  custom:scripting/monoscript/fileName/TMP_TextSelector_B.cs: ba2be21a7486d37b1011342977a2e49d -> 
  custom:scripting/monoscript/fileName/Benchmark01.cs: 2d3e2cd961730ab95f139a49a673bace -> 
  custom:scripting/monoscript/fileName/NewBehaviourScript.cs: b21687ddb03d73bd9f0c1daecb9714de -> 
  custom:scripting/monoscript/fileName/Benchmark02.cs: 5640963252ce70910e726415f869ced6 -> 
  custom:scripting/monoscript/fileName/DropdownSample.cs: 0a92251794e5f10400149f96c3c59e5d -> 
  custom:scripting/monoscript/fileName/WarpTextExample.cs: 2663459c266363641981c7d17b698d7f -> 
  custom:CustomObjectIndexerAttribute: 9a22284fe3817be447336de3de66b15e -> 
  custom:container-demuxer-webm: 4f35f7cbe854078d1ac9338744f61a02 -> 
  custom:scripting/monoscript/fileName/ChatController.cs: 876d5ccae6e345dd5d9450eb0a748f16 -> 
  custom:scripting/monoscript/fileName/TextMeshSpawner.cs: 76f28e2ddb031571e6ec62b018f65fa8 -> 
  custom:scripting/monoscript/fileName/TeleType.cs: 31fa97821c4c70f157ec81d507aa6b62 -> 
  custom:scripting/monoscript/fileName/Benchmark04.cs: 32220b148620e52aa81c13a114862bf4 -> 
  custom:scripting/monoscript/fileName/TextMove.cs: fbecd3f268374313100fa014bdf91c18 -> 
  custom:container-muxer-webm: aa71ff27fc2769a1b78a27578f13a17b -> 
  custom:video-decoder-webm-vp8: 9c59270c3fd7afecdb556c50c9e8de78 -> 
  custom:scripting/monoscript/fileName/TMP_PhoneNumberValidator.cs: 7c3049f481e464c6a9a15dee56c3126f -> 
  custom:SearchIndexIgnoredProperties: e643bd26f0fe6173181afceb89e7c659 -> 
  custom:AudioImporter_EditorPlatform: 3918e3fc78b5a79bad01e8451be0beb8 -> 
  custom:scripting/monoscript/fileName/EnvMapAnimator.cs: 1b4f61c17e4b7283c3ac351aacff9d26 -> 
  custom:scripting/monoscript/fileName/ShaderPropAnimator.cs: 55ce425812446482e623ff2695c94cb2 -> 
  custom:scripting/monoscript/fileName/SimpleScript.cs: 454caab0c6c050f29b39d82e1d66d0fa -> 
  custom:scripting/monoscript/fileName/ObjectSpin.cs: 2b96bb2079dd7fa5108d981627a28e1e -> 
  custom:scripting/monoscript/fileName/DojoMove.cs: f8c6c934a3065aa4afaead1f80b93146 -> 
  custom:scripting/monoscript/fileName/CameraController.cs: 34b6be4e23ce86dc89786916c5983296 -> 
  custom:scripting/monoscript/fileName/TMP_TextInfoDebugTool.cs: 3f1709cfb2cc628169113a35b5e9be3f -> 
  custom:framework-osx-AVFoundation: e770b220cccbd017edd2c1fefb359320 -> 
  custom:scripting/monoscript/fileName/TMP_TextSelector_A.cs: 347309a09d56e367b188a6978f75b424 -> 
  custom:video-encoder-webm-vp8: eb34c28f22e8b96e1ab97ce403110664 -> 
  custom:audio-decoder-ogg-vorbis: bf7c407c2cedff20999df2af8eb42d56 -> 
  custom:scripting/monoscript/fileName/VertexJitter.cs: d27eb5498e48714a66aece98da065133 -> 
  custom:scripting/monoscript/fileName/TextConsoleSimulator.cs: 33fc311abb20b5b0ed8f00e4d86b574e -> 
  custom:scripting/monoscript/fileName/VertexColorCycler.cs: 5f984ca91cf3609293aecc6bc5641572 -> 
  custom:scripting/monoscript/fileName/TMP_FrameRateCounter.cs: 46f655df8cb483ac5958307137b1585a -> 
  custom:scripting/monoscript/fileName/VertexShakeB.cs: a6f78c4fcda1a29a1a1c1baefedba9e7 -> 
  custom:scripting/monoscript/fileName/TMP_UiFrameRateCounter.cs: b01021aea19247f14a98ab338907956a -> 
  custom:scripting/monoscript/fileName/TMPro_InstructionOverlay.cs: b626d2270e6ebd5c4311585c18b58d8d -> 
  custom:scripting/monoscript/fileName/TMP_DigitValidator.cs: ac02af96215ae3951a3cce9e1a8c6085 -> 
  custom:audio-encoder-webm-vorbis: bf7c407c2cedff20999df2af8eb42d56 -> 
  custom:scripting/monoscript/fileName/Benchmark01_UGUI.cs: 6148cfe2627b7708298f301788144139 -> 
  custom:scripting/precompiled-assembly-types:Assembly-CSharp: 6a882cb741bc19692a8ca8913179d76f -> 6032c0c933c699fe27c13914a3aaee66
  custom:scripting/monoscript/fileName/Benchmark03.cs: 17cc87e0529ac71d909a946afb47a274 -> 
========================================================================
Received Prepare
Caller must complete domain reload
Begin MonoManager ReloadAssembly
Thread 0x16dd5f000 may have been prematurely finalized
- Loaded All Assemblies, in  0.195 seconds
Native extension for WindowsStandalone target not found
Native extension for OSXStandalone target not found
Mono: successfully reloaded assembly
- Finished resetting the current domain, in  0.358 seconds
Domain Reload Profiling: 554ms
	BeginReloadAssembly (71ms)
		ExecutionOrderSort (0ms)
		DisableScriptedObjects (3ms)
		BackupInstance (0ms)
		ReleaseScriptingObjects (0ms)
		CreateAndSetChildDomain (21ms)
	RebuildCommonClasses (21ms)
	RebuildNativeTypeToScriptingClass (8ms)
	initialDomainReloadingComplete (12ms)
	LoadAllAssembliesAndSetupDomain (84ms)
		LoadAssemblies (101ms)
		RebuildTransferFunctionScriptingTraits (0ms)
		AnalyzeDomain (9ms)
			TypeCache.Refresh (4ms)
				TypeCache.ScanAssembly (0ms)
			ScanForSourceGeneratedMonoScriptInfo (0ms)
			ResolveRequiredComponents (4ms)
	FinalizeReload (358ms)
		ReleaseScriptCaches (0ms)
		RebuildScriptCaches (0ms)
		SetupLoadedEditorAssemblies (211ms)
			LogAssemblyErrors (0ms)
			InitializePlatformSupportModulesInManaged (4ms)
			SetLoadedEditorAssemblies (3ms)
			RefreshPlugins (0ms)
			BeforeProcessingInitializeOnLoad (29ms)
			ProcessInitializeOnLoadAttributes (162ms)
			ProcessInitializeOnLoadMethodAttributes (13ms)
			AfterProcessingInitializeOnLoad (1ms)
			EditorAssembliesLoaded (0ms)
		ExecutionOrderSort2 (0ms)
		AwakeInstancesAfterBackupRestoration (2ms)
Refreshing native plugins compatible for Editor in 0.85 ms, found 3 plugins.
Preloading 0 native plugins for Editor in 0.00 ms.
Unloading 3006 Unused Serialized files (Serialized files now loaded: 0)
Unloading 25 unused Assets / (0.6 MB). Loaded Objects now: 3654.
Memory consumption went from 364.2 MB to 363.6 MB.
Total: 2.859250 ms (FindLiveObjects: 0.163167 ms CreateObjectMapping: 0.088500 ms MarkObjects: 2.312875 ms  DeleteObjects: 0.294000 ms)

Prepare: number of updated asset objects reloaded= 0
AssetImportParameters requested are different than current active one (requested -> active):
  custom:scripting/monoscript/fileName/SkewTextExample.cs: c142d02d70a129e0533975f7c2f96956 -> 
  custom:container-demuxer-ogg: 62fdf1f143b41e24485cea50d1cbac27 -> 
  custom:scripting/monoscript/fileName/TMP_TextEventHandler.cs: f5cd9d5a43bfefc8f4fec80e6de896a4 -> 
  custom:scripting/monoscript/fileName/TextMeshProFloatingText.cs: 92608fa4a6315cd0786d82205e77b697 -> 
  custom:scripting/monoscript/fileName/VertexZoom.cs: 650ab1e81d40126e3edcf737cce646e4 -> 
  custom:scripting/monoscript/fileName/PressSpaceHandler.cs: 799694d584b6dc4a89e3e3e12c299a26 -> 
  custom:scripting/monoscript/fileName/VertexShakeA.cs: 63ec564c588058369499638dd899e05b -> 
  custom:scripting/monoscript/fileName/TMP_ExampleScript_01.cs: a9d4be556104ff54e7d240529b3e01dc -> 
  custom:video-decoder-ogg-theora: a1e56fd34408186e4bbccfd4996cb3dc -> 
  custom:scripting/monoscript/fileName/TMP_TextEventCheck.cs: 13505d917eab5868c435e0c2986dadfa -> 
  custom:scripting/monoscript/fileName/TMP_TextSelector_B.cs: ba2be21a7486d37b1011342977a2e49d -> 
  custom:scripting/monoscript/fileName/Benchmark01.cs: 2d3e2cd961730ab95f139a49a673bace -> 
  custom:scripting/monoscript/fileName/NewBehaviourScript.cs: b21687ddb03d73bd9f0c1daecb9714de -> 
  custom:scripting/monoscript/fileName/Benchmark02.cs: 5640963252ce70910e726415f869ced6 -> 
  custom:scripting/monoscript/fileName/DropdownSample.cs: 0a92251794e5f10400149f96c3c59e5d -> 
  custom:scripting/monoscript/fileName/WarpTextExample.cs: 2663459c266363641981c7d17b698d7f -> 
  custom:CustomObjectIndexerAttribute: 9a22284fe3817be447336de3de66b15e -> 
  custom:container-demuxer-webm: 4f35f7cbe854078d1ac9338744f61a02 -> 
  custom:scripting/monoscript/fileName/ChatController.cs: 876d5ccae6e345dd5d9450eb0a748f16 -> 
  custom:scripting/monoscript/fileName/TextMeshSpawner.cs: 76f28e2ddb031571e6ec62b018f65fa8 -> 
  custom:scripting/monoscript/fileName/TeleType.cs: 31fa97821c4c70f157ec81d507aa6b62 -> 
  custom:scripting/monoscript/fileName/Benchmark04.cs: 32220b148620e52aa81c13a114862bf4 -> 
  custom:scripting/monoscript/fileName/TextMove.cs: fbecd3f268374313100fa014bdf91c18 -> 
  custom:container-muxer-webm: aa71ff27fc2769a1b78a27578f13a17b -> 
  custom:video-decoder-webm-vp8: 9c59270c3fd7afecdb556c50c9e8de78 -> 
  custom:scripting/monoscript/fileName/TMP_PhoneNumberValidator.cs: 7c3049f481e464c6a9a15dee56c3126f -> 
  custom:SearchIndexIgnoredProperties: e643bd26f0fe6173181afceb89e7c659 -> 
  custom:AudioImporter_EditorPlatform: 3918e3fc78b5a79bad01e8451be0beb8 -> 
  custom:scripting/monoscript/fileName/EnvMapAnimator.cs: 1b4f61c17e4b7283c3ac351aacff9d26 -> 
  custom:scripting/monoscript/fileName/ShaderPropAnimator.cs: 55ce425812446482e623ff2695c94cb2 -> 
  custom:scripting/monoscript/fileName/SimpleScript.cs: 454caab0c6c050f29b39d82e1d66d0fa -> 
  custom:scripting/monoscript/fileName/ObjectSpin.cs: 2b96bb2079dd7fa5108d981627a28e1e -> 
  custom:scripting/monoscript/fileName/DojoMove.cs: f8c6c934a3065aa4afaead1f80b93146 -> 
  custom:scripting/monoscript/fileName/CameraController.cs: 34b6be4e23ce86dc89786916c5983296 -> 
  custom:scripting/monoscript/fileName/TMP_TextInfoDebugTool.cs: 3f1709cfb2cc628169113a35b5e9be3f -> 
  custom:framework-osx-AVFoundation: e770b220cccbd017edd2c1fefb359320 -> 
  custom:scripting/monoscript/fileName/TMP_TextSelector_A.cs: 347309a09d56e367b188a6978f75b424 -> 
  custom:video-encoder-webm-vp8: eb34c28f22e8b96e1ab97ce403110664 -> 
  custom:audio-decoder-ogg-vorbis: bf7c407c2cedff20999df2af8eb42d56 -> 
  custom:scripting/monoscript/fileName/VertexJitter.cs: d27eb5498e48714a66aece98da065133 -> 
  custom:scripting/monoscript/fileName/TextConsoleSimulator.cs: 33fc311abb20b5b0ed8f00e4d86b574e -> 
  custom:scripting/monoscript/fileName/VertexColorCycler.cs: 5f984ca91cf3609293aecc6bc5641572 -> 
  custom:scripting/monoscript/fileName/TMP_FrameRateCounter.cs: 46f655df8cb483ac5958307137b1585a -> 
  custom:scripting/monoscript/fileName/VertexShakeB.cs: a6f78c4fcda1a29a1a1c1baefedba9e7 -> 
  custom:scripting/monoscript/fileName/TMP_UiFrameRateCounter.cs: b01021aea19247f14a98ab338907956a -> 
  custom:scripting/monoscript/fileName/TMPro_InstructionOverlay.cs: b626d2270e6ebd5c4311585c18b58d8d -> 
  custom:scripting/monoscript/fileName/TMP_DigitValidator.cs: ac02af96215ae3951a3cce9e1a8c6085 -> 
  custom:audio-encoder-webm-vorbis: bf7c407c2cedff20999df2af8eb42d56 -> 
  custom:scripting/monoscript/fileName/Benchmark01_UGUI.cs: 6148cfe2627b7708298f301788144139 -> 
  custom:scripting/precompiled-assembly-types:Assembly-CSharp: 6a882cb741bc19692a8ca8913179d76f -> 6032c0c933c699fe27c13914a3aaee66
  custom:scripting/monoscript/fileName/Benchmark03.cs: 17cc87e0529ac71d909a946afb47a274 -> 
========================================================================
Received Prepare
Caller must complete domain reload
Begin MonoManager ReloadAssembly
Thread 0x16dd5f000 may have been prematurely finalized
- Loaded All Assemblies, in  0.209 seconds
Native extension for WindowsStandalone target not found
Native extension for OSXStandalone target not found
Mono: successfully reloaded assembly
- Finished resetting the current domain, in  0.425 seconds
Domain Reload Profiling: 634ms
	BeginReloadAssembly (73ms)
		ExecutionOrderSort (0ms)
		DisableScriptedObjects (3ms)
		BackupInstance (0ms)
		ReleaseScriptingObjects (0ms)
		CreateAndSetChildDomain (22ms)
	RebuildCommonClasses (21ms)
	RebuildNativeTypeToScriptingClass (8ms)
	initialDomainReloadingComplete (12ms)
	LoadAllAssembliesAndSetupDomain (95ms)
		LoadAssemblies (112ms)
		RebuildTransferFunctionScriptingTraits (0ms)
		AnalyzeDomain (10ms)
			TypeCache.Refresh (5ms)
				TypeCache.ScanAssembly (0ms)
			ScanForSourceGeneratedMonoScriptInfo (0ms)
			ResolveRequiredComponents (4ms)
	FinalizeReload (425ms)
		ReleaseScriptCaches (0ms)
		RebuildScriptCaches (0ms)
		SetupLoadedEditorAssemblies (218ms)
			LogAssemblyErrors (0ms)
			InitializePlatformSupportModulesInManaged (4ms)
			SetLoadedEditorAssemblies (3ms)
			RefreshPlugins (0ms)
			BeforeProcessingInitializeOnLoad (30ms)
			ProcessInitializeOnLoadAttributes (168ms)
			ProcessInitializeOnLoadMethodAttributes (13ms)
			AfterProcessingInitializeOnLoad (1ms)
			EditorAssembliesLoaded (0ms)
		ExecutionOrderSort2 (0ms)
		AwakeInstancesAfterBackupRestoration (3ms)
Refreshing native plugins compatible for Editor in 0.86 ms, found 3 plugins.
Preloading 0 native plugins for Editor in 0.00 ms.
Unloading 3006 Unused Serialized files (Serialized files now loaded: 0)
Unloading 25 unused Assets / (0.6 MB). Loaded Objects now: 3657.
Memory consumption went from 369.3 MB to 368.7 MB.
Total: 2.848042 ms (FindLiveObjects: 0.130834 ms CreateObjectMapping: 0.058375 ms MarkObjects: 2.340708 ms  DeleteObjects: 0.317708 ms)

Prepare: number of updated asset objects reloaded= 0
AssetImportParameters requested are different than current active one (requested -> active):
  custom:scripting/monoscript/fileName/SkewTextExample.cs: c142d02d70a129e0533975f7c2f96956 -> 
  custom:container-demuxer-ogg: 62fdf1f143b41e24485cea50d1cbac27 -> 
  custom:scripting/monoscript/fileName/TMP_TextEventHandler.cs: f5cd9d5a43bfefc8f4fec80e6de896a4 -> 
  custom:scripting/monoscript/fileName/TextMeshProFloatingText.cs: 92608fa4a6315cd0786d82205e77b697 -> 
  custom:scripting/monoscript/fileName/VertexZoom.cs: 650ab1e81d40126e3edcf737cce646e4 -> 
  custom:scripting/monoscript/fileName/PressSpaceHandler.cs: 799694d584b6dc4a89e3e3e12c299a26 -> 
  custom:scripting/monoscript/fileName/VertexShakeA.cs: 63ec564c588058369499638dd899e05b -> 
  custom:scripting/monoscript/fileName/TMP_ExampleScript_01.cs: a9d4be556104ff54e7d240529b3e01dc -> 
  custom:video-decoder-ogg-theora: a1e56fd34408186e4bbccfd4996cb3dc -> 
  custom:scripting/monoscript/fileName/TMP_TextEventCheck.cs: 13505d917eab5868c435e0c2986dadfa -> 
  custom:scripting/monoscript/fileName/TMP_TextSelector_B.cs: ba2be21a7486d37b1011342977a2e49d -> 
  custom:scripting/monoscript/fileName/Benchmark01.cs: 2d3e2cd961730ab95f139a49a673bace -> 
  custom:scripting/monoscript/fileName/NewBehaviourScript.cs: b21687ddb03d73bd9f0c1daecb9714de -> 
  custom:scripting/monoscript/fileName/Benchmark02.cs: 5640963252ce70910e726415f869ced6 -> 
  custom:scripting/monoscript/fileName/DropdownSample.cs: 0a92251794e5f10400149f96c3c59e5d -> 
  custom:scripting/monoscript/fileName/WarpTextExample.cs: 2663459c266363641981c7d17b698d7f -> 
  custom:CustomObjectIndexerAttribute: 9a22284fe3817be447336de3de66b15e -> 
  custom:container-demuxer-webm: 4f35f7cbe854078d1ac9338744f61a02 -> 
  custom:scripting/monoscript/fileName/ChatController.cs: 876d5ccae6e345dd5d9450eb0a748f16 -> 
  custom:scripting/monoscript/fileName/TextMeshSpawner.cs: 76f28e2ddb031571e6ec62b018f65fa8 -> 
  custom:scripting/monoscript/fileName/TeleType.cs: 31fa97821c4c70f157ec81d507aa6b62 -> 
  custom:scripting/monoscript/fileName/Benchmark04.cs: 32220b148620e52aa81c13a114862bf4 -> 
  custom:scripting/monoscript/fileName/TextMove.cs: fbecd3f268374313100fa014bdf91c18 -> 
  custom:container-muxer-webm: aa71ff27fc2769a1b78a27578f13a17b -> 
  custom:video-decoder-webm-vp8: 9c59270c3fd7afecdb556c50c9e8de78 -> 
  custom:scripting/monoscript/fileName/TMP_PhoneNumberValidator.cs: 7c3049f481e464c6a9a15dee56c3126f -> 
  custom:SearchIndexIgnoredProperties: e643bd26f0fe6173181afceb89e7c659 -> 
  custom:AudioImporter_EditorPlatform: 3918e3fc78b5a79bad01e8451be0beb8 -> 
  custom:scripting/monoscript/fileName/EnvMapAnimator.cs: 1b4f61c17e4b7283c3ac351aacff9d26 -> 
  custom:scripting/monoscript/fileName/ShaderPropAnimator.cs: 55ce425812446482e623ff2695c94cb2 -> 
  custom:scripting/monoscript/fileName/SimpleScript.cs: 454caab0c6c050f29b39d82e1d66d0fa -> 
  custom:scripting/monoscript/fileName/ObjectSpin.cs: 2b96bb2079dd7fa5108d981627a28e1e -> 
  custom:scripting/monoscript/fileName/DojoMove.cs: f8c6c934a3065aa4afaead1f80b93146 -> 
  custom:scripting/monoscript/fileName/CameraController.cs: 34b6be4e23ce86dc89786916c5983296 -> 
  custom:scripting/monoscript/fileName/TMP_TextInfoDebugTool.cs: 3f1709cfb2cc628169113a35b5e9be3f -> 
  custom:framework-osx-AVFoundation: e770b220cccbd017edd2c1fefb359320 -> 
  custom:scripting/monoscript/fileName/TMP_TextSelector_A.cs: 347309a09d56e367b188a6978f75b424 -> 
  custom:video-encoder-webm-vp8: eb34c28f22e8b96e1ab97ce403110664 -> 
  custom:audio-decoder-ogg-vorbis: bf7c407c2cedff20999df2af8eb42d56 -> 
  custom:scripting/monoscript/fileName/VertexJitter.cs: d27eb5498e48714a66aece98da065133 -> 
  custom:scripting/monoscript/fileName/TextConsoleSimulator.cs: 33fc311abb20b5b0ed8f00e4d86b574e -> 
  custom:scripting/monoscript/fileName/VertexColorCycler.cs: 5f984ca91cf3609293aecc6bc5641572 -> 
  custom:scripting/monoscript/fileName/TMP_FrameRateCounter.cs: 46f655df8cb483ac5958307137b1585a -> 
  custom:scripting/monoscript/fileName/VertexShakeB.cs: a6f78c4fcda1a29a1a1c1baefedba9e7 -> 
  custom:scripting/monoscript/fileName/TMP_UiFrameRateCounter.cs: b01021aea19247f14a98ab338907956a -> 
  custom:scripting/monoscript/fileName/TMPro_InstructionOverlay.cs: b626d2270e6ebd5c4311585c18b58d8d -> 
  custom:scripting/monoscript/fileName/TMP_DigitValidator.cs: ac02af96215ae3951a3cce9e1a8c6085 -> 
  custom:audio-encoder-webm-vorbis: bf7c407c2cedff20999df2af8eb42d56 -> 
  custom:scripting/monoscript/fileName/Benchmark01_UGUI.cs: 6148cfe2627b7708298f301788144139 -> 
  custom:scripting/precompiled-assembly-types:Assembly-CSharp: 6a882cb741bc19692a8ca8913179d76f -> 6032c0c933c699fe27c13914a3aaee66
  custom:scripting/monoscript/fileName/Benchmark03.cs: 17cc87e0529ac71d909a946afb47a274 -> 
========================================================================
Received Prepare
Caller must complete domain reload
Begin MonoManager ReloadAssembly
Thread 0x16dd5f000 may have been prematurely finalized
- Loaded All Assemblies, in  0.233 seconds
Native extension for WindowsStandalone target not found
Native extension for OSXStandalone target not found
Mono: successfully reloaded assembly
- Finished resetting the current domain, in  0.602 seconds
Domain Reload Profiling: 836ms
	BeginReloadAssembly (74ms)
		ExecutionOrderSort (0ms)
		DisableScriptedObjects (3ms)
		BackupInstance (0ms)
		ReleaseScriptingObjects (0ms)
		CreateAndSetChildDomain (24ms)
	RebuildCommonClasses (21ms)
	RebuildNativeTypeToScriptingClass (8ms)
	initialDomainReloadingComplete (13ms)
	LoadAllAssembliesAndSetupDomain (117ms)
		LoadAssemblies (134ms)
		RebuildTransferFunctionScriptingTraits (0ms)
		AnalyzeDomain (10ms)
			TypeCache.Refresh (6ms)
				TypeCache.ScanAssembly (0ms)
			ScanForSourceGeneratedMonoScriptInfo (0ms)
			ResolveRequiredComponents (4ms)
	FinalizeReload (603ms)
		ReleaseScriptCaches (0ms)
		RebuildScriptCaches (0ms)
		SetupLoadedEditorAssemblies (217ms)
			LogAssemblyErrors (0ms)
			InitializePlatformSupportModulesInManaged (4ms)
			SetLoadedEditorAssemblies (3ms)
			RefreshPlugins (0ms)
			BeforeProcessingInitializeOnLoad (31ms)
			ProcessInitializeOnLoadAttributes (165ms)
			ProcessInitializeOnLoadMethodAttributes (12ms)
			AfterProcessingInitializeOnLoad (1ms)
			EditorAssembliesLoaded (0ms)
		ExecutionOrderSort2 (0ms)
		AwakeInstancesAfterBackupRestoration (2ms)
Refreshing native plugins compatible for Editor in 0.88 ms, found 3 plugins.
Preloading 0 native plugins for Editor in 0.00 ms.
Unloading 3006 Unused Serialized files (Serialized files now loaded: 0)
Unloading 25 unused Assets / (0.5 MB). Loaded Objects now: 3660.
Memory consumption went from 374.4 MB to 373.8 MB.
Total: 3.049500 ms (FindLiveObjects: 0.128916 ms CreateObjectMapping: 0.088417 ms MarkObjects: 2.449417 ms  DeleteObjects: 0.382167 ms)

Prepare: number of updated asset objects reloaded= 0
AssetImportParameters requested are different than current active one (requested -> active):
  custom:scripting/monoscript/fileName/SkewTextExample.cs: c142d02d70a129e0533975f7c2f96956 -> 
  custom:container-demuxer-ogg: 62fdf1f143b41e24485cea50d1cbac27 -> 
  custom:scripting/monoscript/fileName/TMP_TextEventHandler.cs: f5cd9d5a43bfefc8f4fec80e6de896a4 -> 
  custom:scripting/monoscript/fileName/TextMeshProFloatingText.cs: 92608fa4a6315cd0786d82205e77b697 -> 
  custom:scripting/monoscript/fileName/VertexZoom.cs: 650ab1e81d40126e3edcf737cce646e4 -> 
  custom:scripting/monoscript/fileName/PressSpaceHandler.cs: 799694d584b6dc4a89e3e3e12c299a26 -> 
  custom:scripting/monoscript/fileName/VertexShakeA.cs: 63ec564c588058369499638dd899e05b -> 
  custom:scripting/monoscript/fileName/TMP_ExampleScript_01.cs: a9d4be556104ff54e7d240529b3e01dc -> 
  custom:video-decoder-ogg-theora: a1e56fd34408186e4bbccfd4996cb3dc -> 
  custom:scripting/monoscript/fileName/TMP_TextEventCheck.cs: 13505d917eab5868c435e0c2986dadfa -> 
  custom:scripting/monoscript/fileName/TMP_TextSelector_B.cs: ba2be21a7486d37b1011342977a2e49d -> 
  custom:scripting/monoscript/fileName/Benchmark01.cs: 2d3e2cd961730ab95f139a49a673bace -> 
  custom:scripting/monoscript/fileName/NewBehaviourScript.cs: b21687ddb03d73bd9f0c1daecb9714de -> 
  custom:scripting/monoscript/fileName/Benchmark02.cs: 5640963252ce70910e726415f869ced6 -> 
  custom:scripting/monoscript/fileName/DropdownSample.cs: 0a92251794e5f10400149f96c3c59e5d -> 
  custom:scripting/monoscript/fileName/WarpTextExample.cs: 2663459c266363641981c7d17b698d7f -> 
  custom:CustomObjectIndexerAttribute: 9a22284fe3817be447336de3de66b15e -> 
  custom:container-demuxer-webm: 4f35f7cbe854078d1ac9338744f61a02 -> 
  custom:scripting/monoscript/fileName/ChatController.cs: 876d5ccae6e345dd5d9450eb0a748f16 -> 
  custom:scripting/monoscript/fileName/TextMeshSpawner.cs: 76f28e2ddb031571e6ec62b018f65fa8 -> 
  custom:scripting/monoscript/fileName/TeleType.cs: 31fa97821c4c70f157ec81d507aa6b62 -> 
  custom:scripting/monoscript/fileName/Benchmark04.cs: 32220b148620e52aa81c13a114862bf4 -> 
  custom:scripting/monoscript/fileName/TextMove.cs: fbecd3f268374313100fa014bdf91c18 -> 
  custom:container-muxer-webm: aa71ff27fc2769a1b78a27578f13a17b -> 
  custom:video-decoder-webm-vp8: 9c59270c3fd7afecdb556c50c9e8de78 -> 
  custom:scripting/monoscript/fileName/TMP_PhoneNumberValidator.cs: 7c3049f481e464c6a9a15dee56c3126f -> 
  custom:SearchIndexIgnoredProperties: e643bd26f0fe6173181afceb89e7c659 -> 
  custom:AudioImporter_EditorPlatform: 3918e3fc78b5a79bad01e8451be0beb8 -> 
  custom:scripting/monoscript/fileName/EnvMapAnimator.cs: 1b4f61c17e4b7283c3ac351aacff9d26 -> 
  custom:scripting/monoscript/fileName/ShaderPropAnimator.cs: 55ce425812446482e623ff2695c94cb2 -> 
  custom:scripting/monoscript/fileName/SimpleScript.cs: 454caab0c6c050f29b39d82e1d66d0fa -> 
  custom:scripting/monoscript/fileName/ObjectSpin.cs: 2b96bb2079dd7fa5108d981627a28e1e -> 
  custom:scripting/monoscript/fileName/DojoMove.cs: f8c6c934a3065aa4afaead1f80b93146 -> 
  custom:scripting/monoscript/fileName/CameraController.cs: 34b6be4e23ce86dc89786916c5983296 -> 
  custom:scripting/monoscript/fileName/TMP_TextInfoDebugTool.cs: 3f1709cfb2cc628169113a35b5e9be3f -> 
  custom:framework-osx-AVFoundation: e770b220cccbd017edd2c1fefb359320 -> 
  custom:scripting/monoscript/fileName/TMP_TextSelector_A.cs: 347309a09d56e367b188a6978f75b424 -> 
  custom:video-encoder-webm-vp8: eb34c28f22e8b96e1ab97ce403110664 -> 
  custom:audio-decoder-ogg-vorbis: bf7c407c2cedff20999df2af8eb42d56 -> 
  custom:scripting/monoscript/fileName/VertexJitter.cs: d27eb5498e48714a66aece98da065133 -> 
  custom:scripting/monoscript/fileName/TextConsoleSimulator.cs: 33fc311abb20b5b0ed8f00e4d86b574e -> 
  custom:scripting/monoscript/fileName/VertexColorCycler.cs: 5f984ca91cf3609293aecc6bc5641572 -> 
  custom:scripting/monoscript/fileName/TMP_FrameRateCounter.cs: 46f655df8cb483ac5958307137b1585a -> 
  custom:scripting/monoscript/fileName/VertexShakeB.cs: a6f78c4fcda1a29a1a1c1baefedba9e7 -> 
  custom:scripting/monoscript/fileName/TMP_UiFrameRateCounter.cs: b01021aea19247f14a98ab338907956a -> 
  custom:scripting/monoscript/fileName/TMPro_InstructionOverlay.cs: b626d2270e6ebd5c4311585c18b58d8d -> 
  custom:scripting/monoscript/fileName/TMP_DigitValidator.cs: ac02af96215ae3951a3cce9e1a8c6085 -> 
  custom:audio-encoder-webm-vorbis: bf7c407c2cedff20999df2af8eb42d56 -> 
  custom:scripting/monoscript/fileName/Benchmark01_UGUI.cs: 6148cfe2627b7708298f301788144139 -> 
  custom:scripting/precompiled-assembly-types:Assembly-CSharp: 6a882cb741bc19692a8ca8913179d76f -> 6032c0c933c699fe27c13914a3aaee66
  custom:scripting/monoscript/fileName/Benchmark03.cs: 17cc87e0529ac71d909a946afb47a274 -> 
========================================================================
Received Prepare
Caller must complete domain reload
Begin MonoManager ReloadAssembly
Thread 0x16dd5f000 may have been prematurely finalized
- Loaded All Assemblies, in  0.224 seconds
Native extension for WindowsStandalone target not found
Native extension for OSXStandalone target not found
Mono: successfully reloaded assembly
- Finished resetting the current domain, in  0.556 seconds
Domain Reload Profiling: 780ms
	BeginReloadAssembly (76ms)
		ExecutionOrderSort (0ms)
		DisableScriptedObjects (3ms)
		BackupInstance (0ms)
		ReleaseScriptingObjects (0ms)
		CreateAndSetChildDomain (24ms)
	RebuildCommonClasses (21ms)
	RebuildNativeTypeToScriptingClass (8ms)
	initialDomainReloadingComplete (12ms)
	LoadAllAssembliesAndSetupDomain (107ms)
		LoadAssemblies (119ms)
		RebuildTransferFunctionScriptingTraits (0ms)
		AnalyzeDomain (16ms)
			TypeCache.Refresh (7ms)
				TypeCache.ScanAssembly (1ms)
			ScanForSourceGeneratedMonoScriptInfo (4ms)
			ResolveRequiredComponents (3ms)
	FinalizeReload (556ms)
		ReleaseScriptCaches (0ms)
		RebuildScriptCaches (0ms)
		SetupLoadedEditorAssemblies (196ms)
			LogAssemblyErrors (0ms)
			InitializePlatformSupportModulesInManaged (3ms)
			SetLoadedEditorAssemblies (2ms)
			RefreshPlugins (0ms)
			BeforeProcessingInitializeOnLoad (28ms)
			ProcessInitializeOnLoadAttributes (151ms)
			ProcessInitializeOnLoadMethodAttributes (11ms)
			AfterProcessingInitializeOnLoad (1ms)
			EditorAssembliesLoaded (0ms)
		ExecutionOrderSort2 (0ms)
		AwakeInstancesAfterBackupRestoration (2ms)
Refreshing native plugins compatible for Editor in 0.75 ms, found 3 plugins.
Preloading 0 native plugins for Editor in 0.00 ms.
Unloading 3006 Unused Serialized files (Serialized files now loaded: 0)
Unloading 25 unused Assets / (0.6 MB). Loaded Objects now: 3663.
Memory consumption went from 379.5 MB to 379.0 MB.
Total: 2.489417 ms (FindLiveObjects: 0.139542 ms CreateObjectMapping: 0.051167 ms MarkObjects: 2.078833 ms  DeleteObjects: 0.219250 ms)

Prepare: number of updated asset objects reloaded= 0
AssetImportParameters requested are different than current active one (requested -> active):
  custom:scripting/monoscript/fileName/SkewTextExample.cs: c142d02d70a129e0533975f7c2f96956 -> 
  custom:container-demuxer-ogg: 62fdf1f143b41e24485cea50d1cbac27 -> 
  custom:scripting/monoscript/fileName/TMP_TextEventHandler.cs: f5cd9d5a43bfefc8f4fec80e6de896a4 -> 
  custom:scripting/monoscript/fileName/TextMeshProFloatingText.cs: 92608fa4a6315cd0786d82205e77b697 -> 
  custom:scripting/monoscript/fileName/VertexZoom.cs: 650ab1e81d40126e3edcf737cce646e4 -> 
  custom:scripting/monoscript/fileName/PressSpaceHandler.cs: 799694d584b6dc4a89e3e3e12c299a26 -> 
  custom:scripting/monoscript/fileName/VertexShakeA.cs: 63ec564c588058369499638dd899e05b -> 
  custom:scripting/monoscript/fileName/TMP_ExampleScript_01.cs: a9d4be556104ff54e7d240529b3e01dc -> 
  custom:video-decoder-ogg-theora: a1e56fd34408186e4bbccfd4996cb3dc -> 
  custom:scripting/monoscript/fileName/TMP_TextEventCheck.cs: 13505d917eab5868c435e0c2986dadfa -> 
  custom:scripting/monoscript/fileName/TMP_TextSelector_B.cs: ba2be21a7486d37b1011342977a2e49d -> 
  custom:scripting/monoscript/fileName/Benchmark01.cs: 2d3e2cd961730ab95f139a49a673bace -> 
  custom:scripting/monoscript/fileName/NewBehaviourScript.cs: b21687ddb03d73bd9f0c1daecb9714de -> 
  custom:scripting/monoscript/fileName/Benchmark02.cs: 5640963252ce70910e726415f869ced6 -> 
  custom:scripting/monoscript/fileName/DropdownSample.cs: 0a92251794e5f10400149f96c3c59e5d -> 
  custom:scripting/monoscript/fileName/WarpTextExample.cs: 2663459c266363641981c7d17b698d7f -> 
  custom:CustomObjectIndexerAttribute: 9a22284fe3817be447336de3de66b15e -> 
  custom:container-demuxer-webm: 4f35f7cbe854078d1ac9338744f61a02 -> 
  custom:scripting/monoscript/fileName/ChatController.cs: 876d5ccae6e345dd5d9450eb0a748f16 -> 
  custom:scripting/monoscript/fileName/TextMeshSpawner.cs: 76f28e2ddb031571e6ec62b018f65fa8 -> 
  custom:scripting/monoscript/fileName/TeleType.cs: 31fa97821c4c70f157ec81d507aa6b62 -> 
  custom:scripting/monoscript/fileName/Benchmark04.cs: 32220b148620e52aa81c13a114862bf4 -> 
  custom:scripting/monoscript/fileName/TextMove.cs: fbecd3f268374313100fa014bdf91c18 -> 
  custom:container-muxer-webm: aa71ff27fc2769a1b78a27578f13a17b -> 
  custom:video-decoder-webm-vp8: 9c59270c3fd7afecdb556c50c9e8de78 -> 
  custom:scripting/monoscript/fileName/TMP_PhoneNumberValidator.cs: 7c3049f481e464c6a9a15dee56c3126f -> 
  custom:SearchIndexIgnoredProperties: e643bd26f0fe6173181afceb89e7c659 -> 
  custom:AudioImporter_EditorPlatform: 3918e3fc78b5a79bad01e8451be0beb8 -> 
  custom:scripting/monoscript/fileName/EnvMapAnimator.cs: 1b4f61c17e4b7283c3ac351aacff9d26 -> 
  custom:scripting/monoscript/fileName/ShaderPropAnimator.cs: 55ce425812446482e623ff2695c94cb2 -> 
  custom:scripting/monoscript/fileName/SimpleScript.cs: 454caab0c6c050f29b39d82e1d66d0fa -> 
  custom:scripting/monoscript/fileName/ObjectSpin.cs: 2b96bb2079dd7fa5108d981627a28e1e -> 
  custom:scripting/monoscript/fileName/DojoMove.cs: f8c6c934a3065aa4afaead1f80b93146 -> 
  custom:scripting/monoscript/fileName/CameraController.cs: 34b6be4e23ce86dc89786916c5983296 -> 
  custom:scripting/monoscript/fileName/TMP_TextInfoDebugTool.cs: 3f1709cfb2cc628169113a35b5e9be3f -> 
  custom:framework-osx-AVFoundation: e770b220cccbd017edd2c1fefb359320 -> 
  custom:scripting/monoscript/fileName/TMP_TextSelector_A.cs: 347309a09d56e367b188a6978f75b424 -> 
  custom:video-encoder-webm-vp8: eb34c28f22e8b96e1ab97ce403110664 -> 
  custom:audio-decoder-ogg-vorbis: bf7c407c2cedff20999df2af8eb42d56 -> 
  custom:scripting/monoscript/fileName/VertexJitter.cs: d27eb5498e48714a66aece98da065133 -> 
  custom:scripting/monoscript/fileName/TextConsoleSimulator.cs: 33fc311abb20b5b0ed8f00e4d86b574e -> 
  custom:scripting/monoscript/fileName/VertexColorCycler.cs: 5f984ca91cf3609293aecc6bc5641572 -> 
  custom:scripting/monoscript/fileName/TMP_FrameRateCounter.cs: 46f655df8cb483ac5958307137b1585a -> 
  custom:scripting/monoscript/fileName/VertexShakeB.cs: a6f78c4fcda1a29a1a1c1baefedba9e7 -> 
  custom:scripting/monoscript/fileName/TMP_UiFrameRateCounter.cs: b01021aea19247f14a98ab338907956a -> 
  custom:scripting/monoscript/fileName/TMPro_InstructionOverlay.cs: b626d2270e6ebd5c4311585c18b58d8d -> 
  custom:scripting/monoscript/fileName/TMP_DigitValidator.cs: ac02af96215ae3951a3cce9e1a8c6085 -> 
  custom:audio-encoder-webm-vorbis: bf7c407c2cedff20999df2af8eb42d56 -> 
  custom:scripting/monoscript/fileName/Benchmark01_UGUI.cs: 6148cfe2627b7708298f301788144139 -> 
  custom:scripting/precompiled-assembly-types:Assembly-CSharp: 19813efe9097c940611acff4c5b58213 -> 6032c0c933c699fe27c13914a3aaee66
  custom:scripting/monoscript/fileName/Benchmark03.cs: 17cc87e0529ac71d909a946afb47a274 -> 
========================================================================
Received Prepare
Caller must complete domain reload
Begin MonoManager ReloadAssembly
Thread 0x16dd5f000 may have been prematurely finalized
- Loaded All Assemblies, in  0.211 seconds
Native extension for WindowsStandalone target not found
Native extension for OSXStandalone target not found
Mono: successfully reloaded assembly
- Finished resetting the current domain, in  0.371 seconds
Domain Reload Profiling: 582ms
	BeginReloadAssembly (73ms)
		ExecutionOrderSort (0ms)
		DisableScriptedObjects (3ms)
		BackupInstance (0ms)
		ReleaseScriptingObjects (0ms)
		CreateAndSetChildDomain (22ms)
	RebuildCommonClasses (21ms)
	RebuildNativeTypeToScriptingClass (8ms)
	initialDomainReloadingComplete (12ms)
	LoadAllAssembliesAndSetupDomain (98ms)
		LoadAssemblies (115ms)
		RebuildTransferFunctionScriptingTraits (0ms)
		AnalyzeDomain (10ms)
			TypeCache.Refresh (6ms)
				TypeCache.ScanAssembly (0ms)
			ScanForSourceGeneratedMonoScriptInfo (0ms)
			ResolveRequiredComponents (4ms)
	FinalizeReload (371ms)
		ReleaseScriptCaches (0ms)
		RebuildScriptCaches (0ms)
		SetupLoadedEditorAssemblies (218ms)
			LogAssemblyErrors (0ms)
			InitializePlatformSupportModulesInManaged (4ms)
			SetLoadedEditorAssemblies (3ms)
			RefreshPlugins (0ms)
			BeforeProcessingInitializeOnLoad (32ms)
			ProcessInitializeOnLoadAttributes (166ms)
			ProcessInitializeOnLoadMethodAttributes (12ms)
			AfterProcessingInitializeOnLoad (1ms)
			EditorAssembliesLoaded (0ms)
		ExecutionOrderSort2 (0ms)
		AwakeInstancesAfterBackupRestoration (2ms)
Refreshing native plugins compatible for Editor in 0.83 ms, found 3 plugins.
Preloading 0 native plugins for Editor in 0.00 ms.
Unloading 3006 Unused Serialized files (Serialized files now loaded: 0)
Unloading 25 unused Assets / (0.6 MB). Loaded Objects now: 3666.
Memory consumption went from 384.6 MB to 384.1 MB.
Total: 3.084708 ms (FindLiveObjects: 0.188125 ms CreateObjectMapping: 0.096875 ms MarkObjects: 2.448084 ms  DeleteObjects: 0.350291 ms)

Prepare: number of updated asset objects reloaded= 0
AssetImportParameters requested are different than current active one (requested -> active):
  custom:scripting/monoscript/fileName/SkewTextExample.cs: c142d02d70a129e0533975f7c2f96956 -> 
  custom:container-demuxer-ogg: 62fdf1f143b41e24485cea50d1cbac27 -> 
  custom:scripting/monoscript/fileName/TMP_TextEventHandler.cs: f5cd9d5a43bfefc8f4fec80e6de896a4 -> 
  custom:scripting/monoscript/fileName/TextMeshProFloatingText.cs: 92608fa4a6315cd0786d82205e77b697 -> 
  custom:scripting/monoscript/fileName/VertexZoom.cs: 650ab1e81d40126e3edcf737cce646e4 -> 
  custom:scripting/monoscript/fileName/PressSpaceHandler.cs: 799694d584b6dc4a89e3e3e12c299a26 -> 
  custom:scripting/monoscript/fileName/VertexShakeA.cs: 63ec564c588058369499638dd899e05b -> 
  custom:scripting/monoscript/fileName/TMP_ExampleScript_01.cs: a9d4be556104ff54e7d240529b3e01dc -> 
  custom:video-decoder-ogg-theora: a1e56fd34408186e4bbccfd4996cb3dc -> 
  custom:scripting/monoscript/fileName/TMP_TextEventCheck.cs: 13505d917eab5868c435e0c2986dadfa -> 
  custom:scripting/monoscript/fileName/TMP_TextSelector_B.cs: ba2be21a7486d37b1011342977a2e49d -> 
  custom:scripting/monoscript/fileName/Benchmark01.cs: 2d3e2cd961730ab95f139a49a673bace -> 
  custom:scripting/monoscript/fileName/NewBehaviourScript.cs: b21687ddb03d73bd9f0c1daecb9714de -> 
  custom:scripting/monoscript/fileName/Benchmark02.cs: 5640963252ce70910e726415f869ced6 -> 
  custom:scripting/monoscript/fileName/DropdownSample.cs: 0a92251794e5f10400149f96c3c59e5d -> 
  custom:scripting/monoscript/fileName/WarpTextExample.cs: 2663459c266363641981c7d17b698d7f -> 
  custom:CustomObjectIndexerAttribute: 9a22284fe3817be447336de3de66b15e -> 
  custom:container-demuxer-webm: 4f35f7cbe854078d1ac9338744f61a02 -> 
  custom:scripting/monoscript/fileName/ChatController.cs: 876d5ccae6e345dd5d9450eb0a748f16 -> 
  custom:scripting/monoscript/fileName/TextMeshSpawner.cs: 76f28e2ddb031571e6ec62b018f65fa8 -> 
  custom:scripting/monoscript/fileName/TeleType.cs: 31fa97821c4c70f157ec81d507aa6b62 -> 
  custom:scripting/monoscript/fileName/Benchmark04.cs: 32220b148620e52aa81c13a114862bf4 -> 
  custom:scripting/monoscript/fileName/TextMove.cs: fbecd3f268374313100fa014bdf91c18 -> 
  custom:container-muxer-webm: aa71ff27fc2769a1b78a27578f13a17b -> 
  custom:video-decoder-webm-vp8: 9c59270c3fd7afecdb556c50c9e8de78 -> 
  custom:scripting/monoscript/fileName/TMP_PhoneNumberValidator.cs: 7c3049f481e464c6a9a15dee56c3126f -> 
  custom:SearchIndexIgnoredProperties: e643bd26f0fe6173181afceb89e7c659 -> 
  custom:AudioImporter_EditorPlatform: 3918e3fc78b5a79bad01e8451be0beb8 -> 
  custom:scripting/monoscript/fileName/EnvMapAnimator.cs: 1b4f61c17e4b7283c3ac351aacff9d26 -> 
  custom:scripting/monoscript/fileName/ShaderPropAnimator.cs: 55ce425812446482e623ff2695c94cb2 -> 
  custom:scripting/monoscript/fileName/SimpleScript.cs: 454caab0c6c050f29b39d82e1d66d0fa -> 
  custom:scripting/monoscript/fileName/ObjectSpin.cs: 2b96bb2079dd7fa5108d981627a28e1e -> 
  custom:scripting/monoscript/fileName/DojoMove.cs: f8c6c934a3065aa4afaead1f80b93146 -> 
  custom:scripting/monoscript/fileName/CameraController.cs: 34b6be4e23ce86dc89786916c5983296 -> 
  custom:scripting/monoscript/fileName/TMP_TextInfoDebugTool.cs: 3f1709cfb2cc628169113a35b5e9be3f -> 
  custom:framework-osx-AVFoundation: e770b220cccbd017edd2c1fefb359320 -> 
  custom:scripting/monoscript/fileName/TMP_TextSelector_A.cs: 347309a09d56e367b188a6978f75b424 -> 
  custom:video-encoder-webm-vp8: eb34c28f22e8b96e1ab97ce403110664 -> 
  custom:audio-decoder-ogg-vorbis: bf7c407c2cedff20999df2af8eb42d56 -> 
  custom:scripting/monoscript/fileName/VertexJitter.cs: d27eb5498e48714a66aece98da065133 -> 
  custom:scripting/monoscript/fileName/TextConsoleSimulator.cs: 33fc311abb20b5b0ed8f00e4d86b574e -> 
  custom:scripting/monoscript/fileName/VertexColorCycler.cs: 5f984ca91cf3609293aecc6bc5641572 -> 
  custom:scripting/monoscript/fileName/TMP_FrameRateCounter.cs: 46f655df8cb483ac5958307137b1585a -> 
  custom:scripting/monoscript/fileName/VertexShakeB.cs: a6f78c4fcda1a29a1a1c1baefedba9e7 -> 
  custom:scripting/monoscript/fileName/TMP_UiFrameRateCounter.cs: b01021aea19247f14a98ab338907956a -> 
  custom:scripting/monoscript/fileName/TMPro_InstructionOverlay.cs: b626d2270e6ebd5c4311585c18b58d8d -> 
  custom:scripting/monoscript/fileName/TMP_DigitValidator.cs: ac02af96215ae3951a3cce9e1a8c6085 -> 
  custom:audio-encoder-webm-vorbis: bf7c407c2cedff20999df2af8eb42d56 -> 
  custom:scripting/monoscript/fileName/Benchmark01_UGUI.cs: 6148cfe2627b7708298f301788144139 -> 
  custom:scripting/precompiled-assembly-types:Assembly-CSharp: 19813efe9097c940611acff4c5b58213 -> 6032c0c933c699fe27c13914a3aaee66
  custom:scripting/monoscript/fileName/Benchmark03.cs: 17cc87e0529ac71d909a946afb47a274 -> 
========================================================================
Received Prepare
Caller must complete domain reload
Begin MonoManager ReloadAssembly
Thread 0x16dd5f000 may have been prematurely finalized
- Loaded All Assemblies, in  0.199 seconds
Native extension for WindowsStandalone target not found
Native extension for OSXStandalone target not found
Mono: successfully reloaded assembly
- Finished resetting the current domain, in  0.360 seconds
Domain Reload Profiling: 559ms
	BeginReloadAssembly (72ms)
		ExecutionOrderSort (0ms)
		DisableScriptedObjects (3ms)
		BackupInstance (0ms)
		ReleaseScriptingObjects (0ms)
		CreateAndSetChildDomain (22ms)
	RebuildCommonClasses (21ms)
	RebuildNativeTypeToScriptingClass (8ms)
	initialDomainReloadingComplete (12ms)
	LoadAllAssembliesAndSetupDomain (87ms)
		LoadAssemblies (104ms)
		RebuildTransferFunctionScriptingTraits (0ms)
		AnalyzeDomain (10ms)
			TypeCache.Refresh (5ms)
				TypeCache.ScanAssembly (0ms)
			ScanForSourceGeneratedMonoScriptInfo (0ms)
			ResolveRequiredComponents (3ms)
	FinalizeReload (360ms)
		ReleaseScriptCaches (0ms)
		RebuildScriptCaches (0ms)
		SetupLoadedEditorAssemblies (214ms)
			LogAssemblyErrors (0ms)
			InitializePlatformSupportModulesInManaged (4ms)
			SetLoadedEditorAssemblies (3ms)
			RefreshPlugins (0ms)
			BeforeProcessingInitializeOnLoad (29ms)
			ProcessInitializeOnLoadAttributes (165ms)
			ProcessInitializeOnLoadMethodAttributes (12ms)
			AfterProcessingInitializeOnLoad (1ms)
			EditorAssembliesLoaded (0ms)
		ExecutionOrderSort2 (0ms)
		AwakeInstancesAfterBackupRestoration (3ms)
Refreshing native plugins compatible for Editor in 0.81 ms, found 3 plugins.
Preloading 0 native plugins for Editor in 0.00 ms.
Unloading 3006 Unused Serialized files (Serialized files now loaded: 0)
Unloading 25 unused Assets / (0.6 MB). Loaded Objects now: 3669.
Memory consumption went from 389.8 MB to 389.2 MB.
Total: 2.938709 ms (FindLiveObjects: 0.169708 ms CreateObjectMapping: 0.090500 ms MarkObjects: 2.403333 ms  DeleteObjects: 0.274542 ms)

Prepare: number of updated asset objects reloaded= 0
AssetImportParameters requested are different than current active one (requested -> active):
  custom:scripting/monoscript/fileName/SkewTextExample.cs: c142d02d70a129e0533975f7c2f96956 -> 
  custom:container-demuxer-ogg: 62fdf1f143b41e24485cea50d1cbac27 -> 
  custom:scripting/monoscript/fileName/TMP_TextEventHandler.cs: f5cd9d5a43bfefc8f4fec80e6de896a4 -> 
  custom:scripting/monoscript/fileName/TextMeshProFloatingText.cs: 92608fa4a6315cd0786d82205e77b697 -> 
  custom:scripting/monoscript/fileName/VertexZoom.cs: 650ab1e81d40126e3edcf737cce646e4 -> 
  custom:scripting/monoscript/fileName/PressSpaceHandler.cs: 799694d584b6dc4a89e3e3e12c299a26 -> 
  custom:scripting/monoscript/fileName/VertexShakeA.cs: 63ec564c588058369499638dd899e05b -> 
  custom:scripting/monoscript/fileName/TMP_ExampleScript_01.cs: a9d4be556104ff54e7d240529b3e01dc -> 
  custom:video-decoder-ogg-theora: a1e56fd34408186e4bbccfd4996cb3dc -> 
  custom:scripting/monoscript/fileName/TMP_TextEventCheck.cs: 13505d917eab5868c435e0c2986dadfa -> 
  custom:scripting/monoscript/fileName/TMP_TextSelector_B.cs: ba2be21a7486d37b1011342977a2e49d -> 
  custom:scripting/monoscript/fileName/Benchmark01.cs: 2d3e2cd961730ab95f139a49a673bace -> 
  custom:scripting/monoscript/fileName/NewBehaviourScript.cs: b21687ddb03d73bd9f0c1daecb9714de -> 
  custom:scripting/monoscript/fileName/Benchmark02.cs: 5640963252ce70910e726415f869ced6 -> 
  custom:scripting/monoscript/fileName/DropdownSample.cs: 0a92251794e5f10400149f96c3c59e5d -> 
  custom:scripting/monoscript/fileName/WarpTextExample.cs: 2663459c266363641981c7d17b698d7f -> 
  custom:CustomObjectIndexerAttribute: 9a22284fe3817be447336de3de66b15e -> 
  custom:container-demuxer-webm: 4f35f7cbe854078d1ac9338744f61a02 -> 
  custom:scripting/monoscript/fileName/ChatController.cs: 876d5ccae6e345dd5d9450eb0a748f16 -> 
  custom:scripting/monoscript/fileName/TextMeshSpawner.cs: 76f28e2ddb031571e6ec62b018f65fa8 -> 
  custom:scripting/monoscript/fileName/TeleType.cs: 31fa97821c4c70f157ec81d507aa6b62 -> 
  custom:scripting/monoscript/fileName/Benchmark04.cs: 32220b148620e52aa81c13a114862bf4 -> 
  custom:scripting/monoscript/fileName/TextMove.cs: fbecd3f268374313100fa014bdf91c18 -> 
  custom:container-muxer-webm: aa71ff27fc2769a1b78a27578f13a17b -> 
  custom:video-decoder-webm-vp8: 9c59270c3fd7afecdb556c50c9e8de78 -> 
  custom:scripting/monoscript/fileName/TMP_PhoneNumberValidator.cs: 7c3049f481e464c6a9a15dee56c3126f -> 
  custom:SearchIndexIgnoredProperties: e643bd26f0fe6173181afceb89e7c659 -> 
  custom:AudioImporter_EditorPlatform: 3918e3fc78b5a79bad01e8451be0beb8 -> 
  custom:scripting/monoscript/fileName/EnvMapAnimator.cs: 1b4f61c17e4b7283c3ac351aacff9d26 -> 
  custom:scripting/monoscript/fileName/ShaderPropAnimator.cs: 55ce425812446482e623ff2695c94cb2 -> 
  custom:scripting/monoscript/fileName/SimpleScript.cs: 454caab0c6c050f29b39d82e1d66d0fa -> 
  custom:scripting/monoscript/fileName/ObjectSpin.cs: 2b96bb2079dd7fa5108d981627a28e1e -> 
  custom:scripting/monoscript/fileName/DojoMove.cs: f8c6c934a3065aa4afaead1f80b93146 -> 
  custom:scripting/monoscript/fileName/CameraController.cs: 34b6be4e23ce86dc89786916c5983296 -> 
  custom:scripting/monoscript/fileName/TMP_TextInfoDebugTool.cs: 3f1709cfb2cc628169113a35b5e9be3f -> 
  custom:framework-osx-AVFoundation: e770b220cccbd017edd2c1fefb359320 -> 
  custom:scripting/monoscript/fileName/TMP_TextSelector_A.cs: 347309a09d56e367b188a6978f75b424 -> 
  custom:video-encoder-webm-vp8: eb34c28f22e8b96e1ab97ce403110664 -> 
  custom:audio-decoder-ogg-vorbis: bf7c407c2cedff20999df2af8eb42d56 -> 
  custom:scripting/monoscript/fileName/VertexJitter.cs: d27eb5498e48714a66aece98da065133 -> 
  custom:scripting/monoscript/fileName/TextConsoleSimulator.cs: 33fc311abb20b5b0ed8f00e4d86b574e -> 
  custom:scripting/monoscript/fileName/VertexColorCycler.cs: 5f984ca91cf3609293aecc6bc5641572 -> 
  custom:scripting/monoscript/fileName/TMP_FrameRateCounter.cs: 46f655df8cb483ac5958307137b1585a -> 
  custom:scripting/monoscript/fileName/VertexShakeB.cs: a6f78c4fcda1a29a1a1c1baefedba9e7 -> 
  custom:scripting/monoscript/fileName/TMP_UiFrameRateCounter.cs: b01021aea19247f14a98ab338907956a -> 
  custom:scripting/monoscript/fileName/TMPro_InstructionOverlay.cs: b626d2270e6ebd5c4311585c18b58d8d -> 
  custom:scripting/monoscript/fileName/TMP_DigitValidator.cs: ac02af96215ae3951a3cce9e1a8c6085 -> 
  custom:audio-encoder-webm-vorbis: bf7c407c2cedff20999df2af8eb42d56 -> 
  custom:scripting/monoscript/fileName/Benchmark01_UGUI.cs: 6148cfe2627b7708298f301788144139 -> 
  custom:scripting/precompiled-assembly-types:Assembly-CSharp: 19813efe9097c940611acff4c5b58213 -> 6032c0c933c699fe27c13914a3aaee66
  custom:scripting/monoscript/fileName/Benchmark03.cs: 17cc87e0529ac71d909a946afb47a274 -> 
========================================================================
Received Prepare
Caller must complete domain reload
Begin MonoManager ReloadAssembly
Thread 0x16dd5f000 may have been prematurely finalized
- Loaded All Assemblies, in  0.203 seconds
Native extension for WindowsStandalone target not found
Native extension for OSXStandalone target not found
Mono: successfully reloaded assembly
- Finished resetting the current domain, in  0.439 seconds
Domain Reload Profiling: 643ms
	BeginReloadAssembly (72ms)
		ExecutionOrderSort (0ms)
		DisableScriptedObjects (3ms)
		BackupInstance (0ms)
		ReleaseScriptingObjects (0ms)
		CreateAndSetChildDomain (22ms)
	RebuildCommonClasses (22ms)
	RebuildNativeTypeToScriptingClass (8ms)
	initialDomainReloadingComplete (12ms)
	LoadAllAssembliesAndSetupDomain (89ms)
		LoadAssemblies (105ms)
		RebuildTransferFunctionScriptingTraits (0ms)
		AnalyzeDomain (10ms)
			TypeCache.Refresh (5ms)
				TypeCache.ScanAssembly (0ms)
			ScanForSourceGeneratedMonoScriptInfo (0ms)
			ResolveRequiredComponents (3ms)
	FinalizeReload (439ms)
		ReleaseScriptCaches (0ms)
		RebuildScriptCaches (0ms)
		SetupLoadedEditorAssemblies (217ms)
			LogAssemblyErrors (0ms)
			InitializePlatformSupportModulesInManaged (4ms)
			SetLoadedEditorAssemblies (3ms)
			RefreshPlugins (0ms)
			BeforeProcessingInitializeOnLoad (31ms)
			ProcessInitializeOnLoadAttributes (167ms)
			ProcessInitializeOnLoadMethodAttributes (12ms)
			AfterProcessingInitializeOnLoad (1ms)
			EditorAssembliesLoaded (0ms)
		ExecutionOrderSort2 (0ms)
		AwakeInstancesAfterBackupRestoration (2ms)
Refreshing native plugins compatible for Editor in 0.88 ms, found 3 plugins.
Preloading 0 native plugins for Editor in 0.00 ms.
Unloading 3006 Unused Serialized files (Serialized files now loaded: 0)
Unloading 25 unused Assets / (0.5 MB). Loaded Objects now: 3672.
Memory consumption went from 394.9 MB to 394.3 MB.
Total: 2.986584 ms (FindLiveObjects: 0.128375 ms CreateObjectMapping: 0.058791 ms MarkObjects: 2.432667 ms  DeleteObjects: 0.366292 ms)

Prepare: number of updated asset objects reloaded= 0
AssetImportParameters requested are different than current active one (requested -> active):
  custom:scripting/monoscript/fileName/SkewTextExample.cs: c142d02d70a129e0533975f7c2f96956 -> 
  custom:container-demuxer-ogg: 62fdf1f143b41e24485cea50d1cbac27 -> 
  custom:scripting/monoscript/fileName/TMP_TextEventHandler.cs: f5cd9d5a43bfefc8f4fec80e6de896a4 -> 
  custom:scripting/monoscript/fileName/TextMeshProFloatingText.cs: 92608fa4a6315cd0786d82205e77b697 -> 
  custom:scripting/monoscript/fileName/VertexZoom.cs: 650ab1e81d40126e3edcf737cce646e4 -> 
  custom:scripting/monoscript/fileName/PressSpaceHandler.cs: 799694d584b6dc4a89e3e3e12c299a26 -> 
  custom:scripting/monoscript/fileName/VertexShakeA.cs: 63ec564c588058369499638dd899e05b -> 
  custom:scripting/monoscript/fileName/TMP_ExampleScript_01.cs: a9d4be556104ff54e7d240529b3e01dc -> 
  custom:video-decoder-ogg-theora: a1e56fd34408186e4bbccfd4996cb3dc -> 
  custom:scripting/monoscript/fileName/TMP_TextEventCheck.cs: 13505d917eab5868c435e0c2986dadfa -> 
  custom:scripting/monoscript/fileName/TMP_TextSelector_B.cs: ba2be21a7486d37b1011342977a2e49d -> 
  custom:scripting/monoscript/fileName/Benchmark01.cs: 2d3e2cd961730ab95f139a49a673bace -> 
  custom:scripting/monoscript/fileName/NewBehaviourScript.cs: b21687ddb03d73bd9f0c1daecb9714de -> 
  custom:scripting/monoscript/fileName/Benchmark02.cs: 5640963252ce70910e726415f869ced6 -> 
  custom:scripting/monoscript/fileName/DropdownSample.cs: 0a92251794e5f10400149f96c3c59e5d -> 
  custom:scripting/monoscript/fileName/WarpTextExample.cs: 2663459c266363641981c7d17b698d7f -> 
  custom:CustomObjectIndexerAttribute: 9a22284fe3817be447336de3de66b15e -> 
  custom:container-demuxer-webm: 4f35f7cbe854078d1ac9338744f61a02 -> 
  custom:scripting/monoscript/fileName/ChatController.cs: 876d5ccae6e345dd5d9450eb0a748f16 -> 
  custom:scripting/monoscript/fileName/TextMeshSpawner.cs: 76f28e2ddb031571e6ec62b018f65fa8 -> 
  custom:scripting/monoscript/fileName/TeleType.cs: 31fa97821c4c70f157ec81d507aa6b62 -> 
  custom:scripting/monoscript/fileName/Benchmark04.cs: 32220b148620e52aa81c13a114862bf4 -> 
  custom:scripting/monoscript/fileName/TextMove.cs: fbecd3f268374313100fa014bdf91c18 -> 
  custom:container-muxer-webm: aa71ff27fc2769a1b78a27578f13a17b -> 
  custom:video-decoder-webm-vp8: 9c59270c3fd7afecdb556c50c9e8de78 -> 
  custom:scripting/monoscript/fileName/TMP_PhoneNumberValidator.cs: 7c3049f481e464c6a9a15dee56c3126f -> 
  custom:SearchIndexIgnoredProperties: e643bd26f0fe6173181afceb89e7c659 -> 
  custom:AudioImporter_EditorPlatform: 3918e3fc78b5a79bad01e8451be0beb8 -> 
  custom:scripting/monoscript/fileName/EnvMapAnimator.cs: 1b4f61c17e4b7283c3ac351aacff9d26 -> 
  custom:scripting/monoscript/fileName/ShaderPropAnimator.cs: 55ce425812446482e623ff2695c94cb2 -> 
  custom:scripting/monoscript/fileName/SimpleScript.cs: 454caab0c6c050f29b39d82e1d66d0fa -> 
  custom:scripting/monoscript/fileName/ObjectSpin.cs: 2b96bb2079dd7fa5108d981627a28e1e -> 
  custom:scripting/monoscript/fileName/DojoMove.cs: f8c6c934a3065aa4afaead1f80b93146 -> 
  custom:scripting/monoscript/fileName/CameraController.cs: 34b6be4e23ce86dc89786916c5983296 -> 
  custom:scripting/monoscript/fileName/TMP_TextInfoDebugTool.cs: 3f1709cfb2cc628169113a35b5e9be3f -> 
  custom:framework-osx-AVFoundation: e770b220cccbd017edd2c1fefb359320 -> 
  custom:scripting/monoscript/fileName/TMP_TextSelector_A.cs: 347309a09d56e367b188a6978f75b424 -> 
  custom:video-encoder-webm-vp8: eb34c28f22e8b96e1ab97ce403110664 -> 
  custom:audio-decoder-ogg-vorbis: bf7c407c2cedff20999df2af8eb42d56 -> 
  custom:scripting/monoscript/fileName/VertexJitter.cs: d27eb5498e48714a66aece98da065133 -> 
  custom:scripting/monoscript/fileName/TextConsoleSimulator.cs: 33fc311abb20b5b0ed8f00e4d86b574e -> 
  custom:scripting/monoscript/fileName/VertexColorCycler.cs: 5f984ca91cf3609293aecc6bc5641572 -> 
  custom:scripting/monoscript/fileName/TMP_FrameRateCounter.cs: 46f655df8cb483ac5958307137b1585a -> 
  custom:scripting/monoscript/fileName/VertexShakeB.cs: a6f78c4fcda1a29a1a1c1baefedba9e7 -> 
  custom:scripting/monoscript/fileName/TMP_UiFrameRateCounter.cs: b01021aea19247f14a98ab338907956a -> 
  custom:scripting/monoscript/fileName/TMPro_InstructionOverlay.cs: b626d2270e6ebd5c4311585c18b58d8d -> 
  custom:scripting/monoscript/fileName/TMP_DigitValidator.cs: ac02af96215ae3951a3cce9e1a8c6085 -> 
  custom:audio-encoder-webm-vorbis: bf7c407c2cedff20999df2af8eb42d56 -> 
  custom:scripting/monoscript/fileName/Benchmark01_UGUI.cs: 6148cfe2627b7708298f301788144139 -> 
  custom:scripting/precompiled-assembly-types:Assembly-CSharp: 19813efe9097c940611acff4c5b58213 -> 6032c0c933c699fe27c13914a3aaee66
  custom:scripting/monoscript/fileName/Benchmark03.cs: 17cc87e0529ac71d909a946afb47a274 -> 
========================================================================
Received Prepare
Caller must complete domain reload
Begin MonoManager ReloadAssembly
Thread 0x16dd5f000 may have been prematurely finalized
- Loaded All Assemblies, in  0.239 seconds
Native extension for WindowsStandalone target not found
Native extension for OSXStandalone target not found
Mono: successfully reloaded assembly
- Finished resetting the current domain, in  0.590 seconds
Domain Reload Profiling: 829ms
	BeginReloadAssembly (74ms)
		ExecutionOrderSort (0ms)
		DisableScriptedObjects (3ms)
		BackupInstance (0ms)
		ReleaseScriptingObjects (0ms)
		CreateAndSetChildDomain (24ms)
	RebuildCommonClasses (22ms)
	RebuildNativeTypeToScriptingClass (8ms)
	initialDomainReloadingComplete (12ms)
	LoadAllAssembliesAndSetupDomain (123ms)
		LoadAssemblies (135ms)
		RebuildTransferFunctionScriptingTraits (0ms)
		AnalyzeDomain (16ms)
			TypeCache.Refresh (8ms)
				TypeCache.ScanAssembly (1ms)
			ScanForSourceGeneratedMonoScriptInfo (4ms)
			ResolveRequiredComponents (3ms)
	FinalizeReload (590ms)
		ReleaseScriptCaches (0ms)
		RebuildScriptCaches (0ms)
		SetupLoadedEditorAssemblies (195ms)
			LogAssemblyErrors (0ms)
			InitializePlatformSupportModulesInManaged (3ms)
			SetLoadedEditorAssemblies (2ms)
			RefreshPlugins (0ms)
			BeforeProcessingInitializeOnLoad (28ms)
			ProcessInitializeOnLoadAttributes (150ms)
			ProcessInitializeOnLoadMethodAttributes (10ms)
			AfterProcessingInitializeOnLoad (1ms)
			EditorAssembliesLoaded (0ms)
		ExecutionOrderSort2 (0ms)
		AwakeInstancesAfterBackupRestoration (2ms)
Refreshing native plugins compatible for Editor in 0.78 ms, found 3 plugins.
Preloading 0 native plugins for Editor in 0.00 ms.
Unloading 3006 Unused Serialized files (Serialized files now loaded: 0)
Unloading 25 unused Assets / (0.5 MB). Loaded Objects now: 3675.
Memory consumption went from 400.0 MB to 399.4 MB.
Total: 2.448708 ms (FindLiveObjects: 0.132375 ms CreateObjectMapping: 0.063416 ms MarkObjects: 2.048334 ms  DeleteObjects: 0.203916 ms)

Prepare: number of updated asset objects reloaded= 0
AssetImportParameters requested are different than current active one (requested -> active):
  custom:scripting/monoscript/fileName/SkewTextExample.cs: c142d02d70a129e0533975f7c2f96956 -> 
  custom:container-demuxer-ogg: 62fdf1f143b41e24485cea50d1cbac27 -> 
  custom:scripting/monoscript/fileName/TMP_TextEventHandler.cs: f5cd9d5a43bfefc8f4fec80e6de896a4 -> 
  custom:scripting/monoscript/fileName/TextMeshProFloatingText.cs: 92608fa4a6315cd0786d82205e77b697 -> 
  custom:scripting/monoscript/fileName/VertexZoom.cs: 650ab1e81d40126e3edcf737cce646e4 -> 
  custom:scripting/monoscript/fileName/PressSpaceHandler.cs: 799694d584b6dc4a89e3e3e12c299a26 -> 
  custom:scripting/monoscript/fileName/VertexShakeA.cs: 63ec564c588058369499638dd899e05b -> 
  custom:scripting/monoscript/fileName/TMP_ExampleScript_01.cs: a9d4be556104ff54e7d240529b3e01dc -> 
  custom:video-decoder-ogg-theora: a1e56fd34408186e4bbccfd4996cb3dc -> 
  custom:scripting/monoscript/fileName/TMP_TextEventCheck.cs: 13505d917eab5868c435e0c2986dadfa -> 
  custom:scripting/monoscript/fileName/TMP_TextSelector_B.cs: ba2be21a7486d37b1011342977a2e49d -> 
  custom:scripting/monoscript/fileName/Benchmark01.cs: 2d3e2cd961730ab95f139a49a673bace -> 
  custom:scripting/monoscript/fileName/NewBehaviourScript.cs: b21687ddb03d73bd9f0c1daecb9714de -> 
  custom:scripting/monoscript/fileName/Benchmark02.cs: 5640963252ce70910e726415f869ced6 -> 
  custom:scripting/monoscript/fileName/DropdownSample.cs: 0a92251794e5f10400149f96c3c59e5d -> 
  custom:scripting/monoscript/fileName/WarpTextExample.cs: 2663459c266363641981c7d17b698d7f -> 
  custom:CustomObjectIndexerAttribute: 9a22284fe3817be447336de3de66b15e -> 
  custom:container-demuxer-webm: 4f35f7cbe854078d1ac9338744f61a02 -> 
  custom:scripting/monoscript/fileName/ChatController.cs: 876d5ccae6e345dd5d9450eb0a748f16 -> 
  custom:scripting/monoscript/fileName/TextMeshSpawner.cs: 76f28e2ddb031571e6ec62b018f65fa8 -> 
  custom:scripting/monoscript/fileName/TeleType.cs: 31fa97821c4c70f157ec81d507aa6b62 -> 
  custom:scripting/monoscript/fileName/Benchmark04.cs: 32220b148620e52aa81c13a114862bf4 -> 
  custom:scripting/monoscript/fileName/TextMove.cs: fbecd3f268374313100fa014bdf91c18 -> 
  custom:container-muxer-webm: aa71ff27fc2769a1b78a27578f13a17b -> 
  custom:video-decoder-webm-vp8: 9c59270c3fd7afecdb556c50c9e8de78 -> 
  custom:scripting/monoscript/fileName/TMP_PhoneNumberValidator.cs: 7c3049f481e464c6a9a15dee56c3126f -> 
  custom:SearchIndexIgnoredProperties: e643bd26f0fe6173181afceb89e7c659 -> 
  custom:AudioImporter_EditorPlatform: 3918e3fc78b5a79bad01e8451be0beb8 -> 
  custom:scripting/monoscript/fileName/EnvMapAnimator.cs: 1b4f61c17e4b7283c3ac351aacff9d26 -> 
  custom:scripting/monoscript/fileName/ShaderPropAnimator.cs: 55ce425812446482e623ff2695c94cb2 -> 
  custom:scripting/monoscript/fileName/SimpleScript.cs: 454caab0c6c050f29b39d82e1d66d0fa -> 
  custom:scripting/monoscript/fileName/ObjectSpin.cs: 2b96bb2079dd7fa5108d981627a28e1e -> 
  custom:scripting/monoscript/fileName/DojoMove.cs: f8c6c934a3065aa4afaead1f80b93146 -> 
  custom:scripting/monoscript/fileName/CameraController.cs: 34b6be4e23ce86dc89786916c5983296 -> 
  custom:scripting/monoscript/fileName/TMP_TextInfoDebugTool.cs: 3f1709cfb2cc628169113a35b5e9be3f -> 
  custom:framework-osx-AVFoundation: e770b220cccbd017edd2c1fefb359320 -> 
  custom:scripting/monoscript/fileName/TMP_TextSelector_A.cs: 347309a09d56e367b188a6978f75b424 -> 
  custom:video-encoder-webm-vp8: eb34c28f22e8b96e1ab97ce403110664 -> 
  custom:audio-decoder-ogg-vorbis: bf7c407c2cedff20999df2af8eb42d56 -> 
  custom:scripting/monoscript/fileName/VertexJitter.cs: d27eb5498e48714a66aece98da065133 -> 
  custom:scripting/monoscript/fileName/TextConsoleSimulator.cs: 33fc311abb20b5b0ed8f00e4d86b574e -> 
  custom:scripting/monoscript/fileName/VertexColorCycler.cs: 5f984ca91cf3609293aecc6bc5641572 -> 
  custom:scripting/monoscript/fileName/TMP_FrameRateCounter.cs: 46f655df8cb483ac5958307137b1585a -> 
  custom:scripting/monoscript/fileName/VertexShakeB.cs: a6f78c4fcda1a29a1a1c1baefedba9e7 -> 
  custom:scripting/monoscript/fileName/TMP_UiFrameRateCounter.cs: b01021aea19247f14a98ab338907956a -> 
  custom:scripting/monoscript/fileName/TMPro_InstructionOverlay.cs: b626d2270e6ebd5c4311585c18b58d8d -> 
  custom:scripting/monoscript/fileName/TMP_DigitValidator.cs: ac02af96215ae3951a3cce9e1a8c6085 -> 
  custom:audio-encoder-webm-vorbis: bf7c407c2cedff20999df2af8eb42d56 -> 
  custom:scripting/monoscript/fileName/Benchmark01_UGUI.cs: 6148cfe2627b7708298f301788144139 -> 
  custom:scripting/precompiled-assembly-types:Assembly-CSharp: d94f9f8e5f9e98943904e6860e2e8a10 -> 6032c0c933c699fe27c13914a3aaee66
  custom:scripting/monoscript/fileName/Benchmark03.cs: 17cc87e0529ac71d909a946afb47a274 -> 
========================================================================
Received Prepare
Caller must complete domain reload
Begin MonoManager ReloadAssembly
Thread 0x16dd5f000 may have been prematurely finalized
- Loaded All Assemblies, in  0.231 seconds
Native extension for WindowsStandalone target not found
Native extension for OSXStandalone target not found
Mono: successfully reloaded assembly
- Finished resetting the current domain, in  0.369 seconds
Domain Reload Profiling: 600ms
	BeginReloadAssembly (72ms)
		ExecutionOrderSort (0ms)
		DisableScriptedObjects (3ms)
		BackupInstance (0ms)
		ReleaseScriptingObjects (0ms)
		CreateAndSetChildDomain (22ms)
	RebuildCommonClasses (21ms)
	RebuildNativeTypeToScriptingClass (8ms)
	initialDomainReloadingComplete (12ms)
	LoadAllAssembliesAndSetupDomain (118ms)
		LoadAssemblies (133ms)
		RebuildTransferFunctionScriptingTraits (0ms)
		AnalyzeDomain (12ms)
			TypeCache.Refresh (7ms)
				TypeCache.ScanAssembly (0ms)
			ScanForSourceGeneratedMonoScriptInfo (0ms)
			ResolveRequiredComponents (4ms)
	FinalizeReload (369ms)
		ReleaseScriptCaches (0ms)
		RebuildScriptCaches (0ms)
		SetupLoadedEditorAssemblies (219ms)
			LogAssemblyErrors (0ms)
			InitializePlatformSupportModulesInManaged (4ms)
			SetLoadedEditorAssemblies (3ms)
			RefreshPlugins (0ms)
			BeforeProcessingInitializeOnLoad (35ms)
			ProcessInitializeOnLoadAttributes (165ms)
			ProcessInitializeOnLoadMethodAttributes (12ms)
			AfterProcessingInitializeOnLoad (1ms)
			EditorAssembliesLoaded (0ms)
		ExecutionOrderSort2 (0ms)
		AwakeInstancesAfterBackupRestoration (2ms)
Refreshing native plugins compatible for Editor in 0.80 ms, found 3 plugins.
Preloading 0 native plugins for Editor in 0.00 ms.
Unloading 3006 Unused Serialized files (Serialized files now loaded: 0)
Unloading 25 unused Assets / (0.6 MB). Loaded Objects now: 3678.
Memory consumption went from 405.1 MB to 404.6 MB.
Total: 2.627667 ms (FindLiveObjects: 0.130125 ms CreateObjectMapping: 0.059333 ms MarkObjects: 2.221333 ms  DeleteObjects: 0.216167 ms)

Prepare: number of updated asset objects reloaded= 0
AssetImportParameters requested are different than current active one (requested -> active):
  custom:scripting/monoscript/fileName/SkewTextExample.cs: c142d02d70a129e0533975f7c2f96956 -> 
  custom:container-demuxer-ogg: 62fdf1f143b41e24485cea50d1cbac27 -> 
  custom:scripting/monoscript/fileName/TMP_TextEventHandler.cs: f5cd9d5a43bfefc8f4fec80e6de896a4 -> 
  custom:scripting/monoscript/fileName/TextMeshProFloatingText.cs: 92608fa4a6315cd0786d82205e77b697 -> 
  custom:scripting/monoscript/fileName/VertexZoom.cs: 650ab1e81d40126e3edcf737cce646e4 -> 
  custom:scripting/monoscript/fileName/PressSpaceHandler.cs: 799694d584b6dc4a89e3e3e12c299a26 -> 
  custom:scripting/monoscript/fileName/VertexShakeA.cs: 63ec564c588058369499638dd899e05b -> 
  custom:scripting/monoscript/fileName/TMP_ExampleScript_01.cs: a9d4be556104ff54e7d240529b3e01dc -> 
  custom:video-decoder-ogg-theora: a1e56fd34408186e4bbccfd4996cb3dc -> 
  custom:scripting/monoscript/fileName/TMP_TextEventCheck.cs: 13505d917eab5868c435e0c2986dadfa -> 
  custom:scripting/monoscript/fileName/TMP_TextSelector_B.cs: ba2be21a7486d37b1011342977a2e49d -> 
  custom:scripting/monoscript/fileName/Benchmark01.cs: 2d3e2cd961730ab95f139a49a673bace -> 
  custom:scripting/monoscript/fileName/NewBehaviourScript.cs: b21687ddb03d73bd9f0c1daecb9714de -> 
  custom:scripting/monoscript/fileName/Benchmark02.cs: 5640963252ce70910e726415f869ced6 -> 
  custom:scripting/monoscript/fileName/DropdownSample.cs: 0a92251794e5f10400149f96c3c59e5d -> 
  custom:scripting/monoscript/fileName/WarpTextExample.cs: 2663459c266363641981c7d17b698d7f -> 
  custom:CustomObjectIndexerAttribute: 9a22284fe3817be447336de3de66b15e -> 
  custom:container-demuxer-webm: 4f35f7cbe854078d1ac9338744f61a02 -> 
  custom:scripting/monoscript/fileName/ChatController.cs: 876d5ccae6e345dd5d9450eb0a748f16 -> 
  custom:scripting/monoscript/fileName/TextMeshSpawner.cs: 76f28e2ddb031571e6ec62b018f65fa8 -> 
  custom:scripting/monoscript/fileName/TeleType.cs: 31fa97821c4c70f157ec81d507aa6b62 -> 
  custom:scripting/monoscript/fileName/Benchmark04.cs: 32220b148620e52aa81c13a114862bf4 -> 
  custom:scripting/monoscript/fileName/TextMove.cs: fbecd3f268374313100fa014bdf91c18 -> 
  custom:container-muxer-webm: aa71ff27fc2769a1b78a27578f13a17b -> 
  custom:video-decoder-webm-vp8: 9c59270c3fd7afecdb556c50c9e8de78 -> 
  custom:scripting/monoscript/fileName/TMP_PhoneNumberValidator.cs: 7c3049f481e464c6a9a15dee56c3126f -> 
  custom:SearchIndexIgnoredProperties: e643bd26f0fe6173181afceb89e7c659 -> 
  custom:AudioImporter_EditorPlatform: 3918e3fc78b5a79bad01e8451be0beb8 -> 
  custom:scripting/monoscript/fileName/EnvMapAnimator.cs: 1b4f61c17e4b7283c3ac351aacff9d26 -> 
  custom:scripting/monoscript/fileName/ShaderPropAnimator.cs: 55ce425812446482e623ff2695c94cb2 -> 
  custom:scripting/monoscript/fileName/SimpleScript.cs: 454caab0c6c050f29b39d82e1d66d0fa -> 
  custom:scripting/monoscript/fileName/ObjectSpin.cs: 2b96bb2079dd7fa5108d981627a28e1e -> 
  custom:scripting/monoscript/fileName/DojoMove.cs: f8c6c934a3065aa4afaead1f80b93146 -> 
  custom:scripting/monoscript/fileName/CameraController.cs: 34b6be4e23ce86dc89786916c5983296 -> 
  custom:scripting/monoscript/fileName/TMP_TextInfoDebugTool.cs: 3f1709cfb2cc628169113a35b5e9be3f -> 
  custom:framework-osx-AVFoundation: e770b220cccbd017edd2c1fefb359320 -> 
  custom:scripting/monoscript/fileName/TMP_TextSelector_A.cs: 347309a09d56e367b188a6978f75b424 -> 
  custom:video-encoder-webm-vp8: eb34c28f22e8b96e1ab97ce403110664 -> 
  custom:audio-decoder-ogg-vorbis: bf7c407c2cedff20999df2af8eb42d56 -> 
  custom:scripting/monoscript/fileName/VertexJitter.cs: d27eb5498e48714a66aece98da065133 -> 
  custom:scripting/monoscript/fileName/TextConsoleSimulator.cs: 33fc311abb20b5b0ed8f00e4d86b574e -> 
  custom:scripting/monoscript/fileName/VertexColorCycler.cs: 5f984ca91cf3609293aecc6bc5641572 -> 
  custom:scripting/monoscript/fileName/TMP_FrameRateCounter.cs: 46f655df8cb483ac5958307137b1585a -> 
  custom:scripting/monoscript/fileName/VertexShakeB.cs: a6f78c4fcda1a29a1a1c1baefedba9e7 -> 
  custom:scripting/monoscript/fileName/TMP_UiFrameRateCounter.cs: b01021aea19247f14a98ab338907956a -> 
  custom:scripting/monoscript/fileName/TMPro_InstructionOverlay.cs: b626d2270e6ebd5c4311585c18b58d8d -> 
  custom:scripting/monoscript/fileName/TMP_DigitValidator.cs: ac02af96215ae3951a3cce9e1a8c6085 -> 
  custom:audio-encoder-webm-vorbis: bf7c407c2cedff20999df2af8eb42d56 -> 
  custom:scripting/monoscript/fileName/Benchmark01_UGUI.cs: 6148cfe2627b7708298f301788144139 -> 
  custom:scripting/precompiled-assembly-types:Assembly-CSharp: d94f9f8e5f9e98943904e6860e2e8a10 -> 6032c0c933c699fe27c13914a3aaee66
  custom:scripting/monoscript/fileName/Benchmark03.cs: 17cc87e0529ac71d909a946afb47a274 -> 
========================================================================
Received Prepare
Caller must complete domain reload
Begin MonoManager ReloadAssembly
Thread 0x16dd5f000 may have been prematurely finalized
- Loaded All Assemblies, in  0.235 seconds
Native extension for WindowsStandalone target not found
Native extension for OSXStandalone target not found
Mono: successfully reloaded assembly
- Finished resetting the current domain, in  0.619 seconds
Domain Reload Profiling: 854ms
	BeginReloadAssembly (75ms)
		ExecutionOrderSort (0ms)
		DisableScriptedObjects (3ms)
		BackupInstance (0ms)
		ReleaseScriptingObjects (0ms)
		CreateAndSetChildDomain (24ms)
	RebuildCommonClasses (21ms)
	RebuildNativeTypeToScriptingClass (8ms)
	initialDomainReloadingComplete (12ms)
	LoadAllAssembliesAndSetupDomain (119ms)
		LoadAssemblies (136ms)
		RebuildTransferFunctionScriptingTraits (0ms)
		AnalyzeDomain (10ms)
			TypeCache.Refresh (6ms)
				TypeCache.ScanAssembly (0ms)
			ScanForSourceGeneratedMonoScriptInfo (0ms)
			ResolveRequiredComponents (3ms)
	FinalizeReload (619ms)
		ReleaseScriptCaches (0ms)
		RebuildScriptCaches (0ms)
		SetupLoadedEditorAssemblies (224ms)
			LogAssemblyErrors (0ms)
			InitializePlatformSupportModulesInManaged (4ms)
			SetLoadedEditorAssemblies (3ms)
			RefreshPlugins (0ms)
			BeforeProcessingInitializeOnLoad (33ms)
			ProcessInitializeOnLoadAttributes (170ms)
			ProcessInitializeOnLoadMethodAttributes (13ms)
			AfterProcessingInitializeOnLoad (1ms)
			EditorAssembliesLoaded (0ms)
		ExecutionOrderSort2 (0ms)
		AwakeInstancesAfterBackupRestoration (3ms)
Refreshing native plugins compatible for Editor in 0.89 ms, found 3 plugins.
Preloading 0 native plugins for Editor in 0.00 ms.
Unloading 3006 Unused Serialized files (Serialized files now loaded: 0)
Unloading 25 unused Assets / (0.6 MB). Loaded Objects now: 3681.
Memory consumption went from 410.2 MB to 409.7 MB.
Total: 2.902334 ms (FindLiveObjects: 0.154834 ms CreateObjectMapping: 0.068667 ms MarkObjects: 2.418083 ms  DeleteObjects: 0.260042 ms)

Prepare: number of updated asset objects reloaded= 0
AssetImportParameters requested are different than current active one (requested -> active):
  custom:scripting/monoscript/fileName/SkewTextExample.cs: c142d02d70a129e0533975f7c2f96956 -> 
  custom:container-demuxer-ogg: 62fdf1f143b41e24485cea50d1cbac27 -> 
  custom:scripting/monoscript/fileName/TMP_TextEventHandler.cs: f5cd9d5a43bfefc8f4fec80e6de896a4 -> 
  custom:scripting/monoscript/fileName/TextMeshProFloatingText.cs: 92608fa4a6315cd0786d82205e77b697 -> 
  custom:scripting/monoscript/fileName/VertexZoom.cs: 650ab1e81d40126e3edcf737cce646e4 -> 
  custom:scripting/monoscript/fileName/PressSpaceHandler.cs: 799694d584b6dc4a89e3e3e12c299a26 -> 
  custom:scripting/monoscript/fileName/VertexShakeA.cs: 63ec564c588058369499638dd899e05b -> 
  custom:scripting/monoscript/fileName/TMP_ExampleScript_01.cs: a9d4be556104ff54e7d240529b3e01dc -> 
  custom:video-decoder-ogg-theora: a1e56fd34408186e4bbccfd4996cb3dc -> 
  custom:scripting/monoscript/fileName/TMP_TextEventCheck.cs: 13505d917eab5868c435e0c2986dadfa -> 
  custom:scripting/monoscript/fileName/TMP_TextSelector_B.cs: ba2be21a7486d37b1011342977a2e49d -> 
  custom:scripting/monoscript/fileName/Benchmark01.cs: 2d3e2cd961730ab95f139a49a673bace -> 
  custom:scripting/monoscript/fileName/NewBehaviourScript.cs: b21687ddb03d73bd9f0c1daecb9714de -> 
  custom:scripting/monoscript/fileName/Benchmark02.cs: 5640963252ce70910e726415f869ced6 -> 
  custom:scripting/monoscript/fileName/DropdownSample.cs: 0a92251794e5f10400149f96c3c59e5d -> 
  custom:scripting/monoscript/fileName/WarpTextExample.cs: 2663459c266363641981c7d17b698d7f -> 
  custom:CustomObjectIndexerAttribute: 9a22284fe3817be447336de3de66b15e -> 
  custom:container-demuxer-webm: 4f35f7cbe854078d1ac9338744f61a02 -> 
  custom:scripting/monoscript/fileName/ChatController.cs: 876d5ccae6e345dd5d9450eb0a748f16 -> 
  custom:scripting/monoscript/fileName/TextMeshSpawner.cs: 76f28e2ddb031571e6ec62b018f65fa8 -> 
  custom:scripting/monoscript/fileName/TeleType.cs: 31fa97821c4c70f157ec81d507aa6b62 -> 
  custom:scripting/monoscript/fileName/Benchmark04.cs: 32220b148620e52aa81c13a114862bf4 -> 
  custom:scripting/monoscript/fileName/TextMove.cs: fbecd3f268374313100fa014bdf91c18 -> 
  custom:container-muxer-webm: aa71ff27fc2769a1b78a27578f13a17b -> 
  custom:video-decoder-webm-vp8: 9c59270c3fd7afecdb556c50c9e8de78 -> 
  custom:scripting/monoscript/fileName/TMP_PhoneNumberValidator.cs: 7c3049f481e464c6a9a15dee56c3126f -> 
  custom:SearchIndexIgnoredProperties: e643bd26f0fe6173181afceb89e7c659 -> 
  custom:AudioImporter_EditorPlatform: 3918e3fc78b5a79bad01e8451be0beb8 -> 
  custom:scripting/monoscript/fileName/EnvMapAnimator.cs: 1b4f61c17e4b7283c3ac351aacff9d26 -> 
  custom:scripting/monoscript/fileName/ShaderPropAnimator.cs: 55ce425812446482e623ff2695c94cb2 -> 
  custom:scripting/monoscript/fileName/SimpleScript.cs: 454caab0c6c050f29b39d82e1d66d0fa -> 
  custom:scripting/monoscript/fileName/ObjectSpin.cs: 2b96bb2079dd7fa5108d981627a28e1e -> 
  custom:scripting/monoscript/fileName/DojoMove.cs: f8c6c934a3065aa4afaead1f80b93146 -> 
  custom:scripting/monoscript/fileName/CameraController.cs: 34b6be4e23ce86dc89786916c5983296 -> 
  custom:scripting/monoscript/fileName/TMP_TextInfoDebugTool.cs: 3f1709cfb2cc628169113a35b5e9be3f -> 
  custom:framework-osx-AVFoundation: e770b220cccbd017edd2c1fefb359320 -> 
  custom:scripting/monoscript/fileName/TMP_TextSelector_A.cs: 347309a09d56e367b188a6978f75b424 -> 
  custom:video-encoder-webm-vp8: eb34c28f22e8b96e1ab97ce403110664 -> 
  custom:audio-decoder-ogg-vorbis: bf7c407c2cedff20999df2af8eb42d56 -> 
  custom:scripting/monoscript/fileName/VertexJitter.cs: d27eb5498e48714a66aece98da065133 -> 
  custom:scripting/monoscript/fileName/TextConsoleSimulator.cs: 33fc311abb20b5b0ed8f00e4d86b574e -> 
  custom:scripting/monoscript/fileName/VertexColorCycler.cs: 5f984ca91cf3609293aecc6bc5641572 -> 
  custom:scripting/monoscript/fileName/TMP_FrameRateCounter.cs: 46f655df8cb483ac5958307137b1585a -> 
  custom:scripting/monoscript/fileName/VertexShakeB.cs: a6f78c4fcda1a29a1a1c1baefedba9e7 -> 
  custom:scripting/monoscript/fileName/TMP_UiFrameRateCounter.cs: b01021aea19247f14a98ab338907956a -> 
  custom:scripting/monoscript/fileName/TMPro_InstructionOverlay.cs: b626d2270e6ebd5c4311585c18b58d8d -> 
  custom:scripting/monoscript/fileName/TMP_DigitValidator.cs: ac02af96215ae3951a3cce9e1a8c6085 -> 
  custom:audio-encoder-webm-vorbis: bf7c407c2cedff20999df2af8eb42d56 -> 
  custom:scripting/monoscript/fileName/Benchmark01_UGUI.cs: 6148cfe2627b7708298f301788144139 -> 
  custom:scripting/precompiled-assembly-types:Assembly-CSharp: d94f9f8e5f9e98943904e6860e2e8a10 -> 6032c0c933c699fe27c13914a3aaee66
  custom:scripting/monoscript/fileName/Benchmark03.cs: 17cc87e0529ac71d909a946afb47a274 -> 
========================================================================
Received Prepare
Caller must complete domain reload
Begin MonoManager ReloadAssembly
Thread 0x16dd5f000 may have been prematurely finalized
- Loaded All Assemblies, in  0.235 seconds
Native extension for WindowsStandalone target not found
Native extension for OSXStandalone target not found
Mono: successfully reloaded assembly
- Finished resetting the current domain, in  0.601 seconds
Domain Reload Profiling: 836ms
	BeginReloadAssembly (75ms)
		ExecutionOrderSort (0ms)
		DisableScriptedObjects (3ms)
		BackupInstance (0ms)
		ReleaseScriptingObjects (0ms)
		CreateAndSetChildDomain (23ms)
	RebuildCommonClasses (21ms)
	RebuildNativeTypeToScriptingClass (8ms)
	initialDomainReloadingComplete (13ms)
	LoadAllAssembliesAndSetupDomain (118ms)
		LoadAssemblies (135ms)
		RebuildTransferFunctionScriptingTraits (0ms)
		AnalyzeDomain (12ms)
			TypeCache.Refresh (7ms)
				TypeCache.ScanAssembly (0ms)
			ScanForSourceGeneratedMonoScriptInfo (0ms)
			ResolveRequiredComponents (4ms)
	FinalizeReload (601ms)
		ReleaseScriptCaches (0ms)
		RebuildScriptCaches (0ms)
		SetupLoadedEditorAssemblies (217ms)
			LogAssemblyErrors (0ms)
			InitializePlatformSupportModulesInManaged (4ms)
			SetLoadedEditorAssemblies (3ms)
			RefreshPlugins (0ms)
			BeforeProcessingInitializeOnLoad (32ms)
			ProcessInitializeOnLoadAttributes (165ms)
			ProcessInitializeOnLoadMethodAttributes (12ms)
			AfterProcessingInitializeOnLoad (1ms)
			EditorAssembliesLoaded (0ms)
		ExecutionOrderSort2 (0ms)
		AwakeInstancesAfterBackupRestoration (2ms)
Refreshing native plugins compatible for Editor in 0.84 ms, found 3 plugins.
Preloading 0 native plugins for Editor in 0.00 ms.
Unloading 3006 Unused Serialized files (Serialized files now loaded: 0)
Unloading 25 unused Assets / (0.5 MB). Loaded Objects now: 3684.
Memory consumption went from 415.3 MB to 414.8 MB.
Total: 3.064542 ms (FindLiveObjects: 0.182291 ms CreateObjectMapping: 0.074709 ms MarkObjects: 2.474333 ms  DeleteObjects: 0.332166 ms)

Prepare: number of updated asset objects reloaded= 0
AssetImportParameters requested are different than current active one (requested -> active):
  custom:scripting/monoscript/fileName/SkewTextExample.cs: c142d02d70a129e0533975f7c2f96956 -> 
  custom:container-demuxer-ogg: 62fdf1f143b41e24485cea50d1cbac27 -> 
  custom:scripting/monoscript/fileName/TMP_TextEventHandler.cs: f5cd9d5a43bfefc8f4fec80e6de896a4 -> 
  custom:scripting/monoscript/fileName/TextMeshProFloatingText.cs: 92608fa4a6315cd0786d82205e77b697 -> 
  custom:scripting/monoscript/fileName/VertexZoom.cs: 650ab1e81d40126e3edcf737cce646e4 -> 
  custom:scripting/monoscript/fileName/PressSpaceHandler.cs: 799694d584b6dc4a89e3e3e12c299a26 -> 
  custom:scripting/monoscript/fileName/VertexShakeA.cs: 63ec564c588058369499638dd899e05b -> 
  custom:scripting/monoscript/fileName/TMP_ExampleScript_01.cs: a9d4be556104ff54e7d240529b3e01dc -> 
  custom:video-decoder-ogg-theora: a1e56fd34408186e4bbccfd4996cb3dc -> 
  custom:scripting/monoscript/fileName/TMP_TextEventCheck.cs: 13505d917eab5868c435e0c2986dadfa -> 
  custom:scripting/monoscript/fileName/TMP_TextSelector_B.cs: ba2be21a7486d37b1011342977a2e49d -> 
  custom:scripting/monoscript/fileName/Benchmark01.cs: 2d3e2cd961730ab95f139a49a673bace -> 
  custom:scripting/monoscript/fileName/NewBehaviourScript.cs: b21687ddb03d73bd9f0c1daecb9714de -> 
  custom:scripting/monoscript/fileName/Benchmark02.cs: 5640963252ce70910e726415f869ced6 -> 
  custom:scripting/monoscript/fileName/DropdownSample.cs: 0a92251794e5f10400149f96c3c59e5d -> 
  custom:scripting/monoscript/fileName/WarpTextExample.cs: 2663459c266363641981c7d17b698d7f -> 
  custom:CustomObjectIndexerAttribute: 9a22284fe3817be447336de3de66b15e -> 
  custom:container-demuxer-webm: 4f35f7cbe854078d1ac9338744f61a02 -> 
  custom:scripting/monoscript/fileName/ChatController.cs: 876d5ccae6e345dd5d9450eb0a748f16 -> 
  custom:scripting/monoscript/fileName/TextMeshSpawner.cs: 76f28e2ddb031571e6ec62b018f65fa8 -> 
  custom:scripting/monoscript/fileName/TeleType.cs: 31fa97821c4c70f157ec81d507aa6b62 -> 
  custom:scripting/monoscript/fileName/Benchmark04.cs: 32220b148620e52aa81c13a114862bf4 -> 
  custom:scripting/monoscript/fileName/TextMove.cs: fbecd3f268374313100fa014bdf91c18 -> 
  custom:container-muxer-webm: aa71ff27fc2769a1b78a27578f13a17b -> 
  custom:video-decoder-webm-vp8: 9c59270c3fd7afecdb556c50c9e8de78 -> 
  custom:scripting/monoscript/fileName/TMP_PhoneNumberValidator.cs: 7c3049f481e464c6a9a15dee56c3126f -> 
  custom:SearchIndexIgnoredProperties: e643bd26f0fe6173181afceb89e7c659 -> 
  custom:AudioImporter_EditorPlatform: 3918e3fc78b5a79bad01e8451be0beb8 -> 
  custom:scripting/monoscript/fileName/EnvMapAnimator.cs: 1b4f61c17e4b7283c3ac351aacff9d26 -> 
  custom:scripting/monoscript/fileName/ShaderPropAnimator.cs: 55ce425812446482e623ff2695c94cb2 -> 
  custom:scripting/monoscript/fileName/SimpleScript.cs: 454caab0c6c050f29b39d82e1d66d0fa -> 
  custom:scripting/monoscript/fileName/ObjectSpin.cs: 2b96bb2079dd7fa5108d981627a28e1e -> 
  custom:scripting/monoscript/fileName/DojoMove.cs: f8c6c934a3065aa4afaead1f80b93146 -> 
  custom:scripting/monoscript/fileName/CameraController.cs: 34b6be4e23ce86dc89786916c5983296 -> 
  custom:scripting/monoscript/fileName/TMP_TextInfoDebugTool.cs: 3f1709cfb2cc628169113a35b5e9be3f -> 
  custom:framework-osx-AVFoundation: e770b220cccbd017edd2c1fefb359320 -> 
  custom:scripting/monoscript/fileName/TMP_TextSelector_A.cs: 347309a09d56e367b188a6978f75b424 -> 
  custom:video-encoder-webm-vp8: eb34c28f22e8b96e1ab97ce403110664 -> 
  custom:audio-decoder-ogg-vorbis: bf7c407c2cedff20999df2af8eb42d56 -> 
  custom:scripting/monoscript/fileName/VertexJitter.cs: d27eb5498e48714a66aece98da065133 -> 
  custom:scripting/monoscript/fileName/TextConsoleSimulator.cs: 33fc311abb20b5b0ed8f00e4d86b574e -> 
  custom:scripting/monoscript/fileName/VertexColorCycler.cs: 5f984ca91cf3609293aecc6bc5641572 -> 
  custom:scripting/monoscript/fileName/TMP_FrameRateCounter.cs: 46f655df8cb483ac5958307137b1585a -> 
  custom:scripting/monoscript/fileName/VertexShakeB.cs: a6f78c4fcda1a29a1a1c1baefedba9e7 -> 
  custom:scripting/monoscript/fileName/TMP_UiFrameRateCounter.cs: b01021aea19247f14a98ab338907956a -> 
  custom:scripting/monoscript/fileName/TMPro_InstructionOverlay.cs: b626d2270e6ebd5c4311585c18b58d8d -> 
  custom:scripting/monoscript/fileName/TMP_DigitValidator.cs: ac02af96215ae3951a3cce9e1a8c6085 -> 
  custom:audio-encoder-webm-vorbis: bf7c407c2cedff20999df2af8eb42d56 -> 
  custom:scripting/monoscript/fileName/Benchmark01_UGUI.cs: 6148cfe2627b7708298f301788144139 -> 
  custom:scripting/precompiled-assembly-types:Assembly-CSharp: d94f9f8e5f9e98943904e6860e2e8a10 -> 6032c0c933c699fe27c13914a3aaee66
  custom:scripting/monoscript/fileName/Benchmark03.cs: 17cc87e0529ac71d909a946afb47a274 -> 
========================================================================
Received Prepare
Caller must complete domain reload
Begin MonoManager ReloadAssembly
Thread 0x16dd5f000 may have been prematurely finalized
- Loaded All Assemblies, in  0.282 seconds
Native extension for WindowsStandalone target not found
Native extension for OSXStandalone target not found
Mono: successfully reloaded assembly
- Finished resetting the current domain, in  0.605 seconds
Domain Reload Profiling: 887ms
	BeginReloadAssembly (98ms)
		ExecutionOrderSort (0ms)
		DisableScriptedObjects (3ms)
		BackupInstance (0ms)
		ReleaseScriptingObjects (0ms)
		CreateAndSetChildDomain (38ms)
	RebuildCommonClasses (22ms)
	RebuildNativeTypeToScriptingClass (8ms)
	initialDomainReloadingComplete (26ms)
	LoadAllAssembliesAndSetupDomain (128ms)
		LoadAssemblies (144ms)
		RebuildTransferFunctionScriptingTraits (0ms)
		AnalyzeDomain (17ms)
			TypeCache.Refresh (8ms)
				TypeCache.ScanAssembly (1ms)
			ScanForSourceGeneratedMonoScriptInfo (5ms)
			ResolveRequiredComponents (3ms)
	FinalizeReload (605ms)
		ReleaseScriptCaches (0ms)
		RebuildScriptCaches (0ms)
		SetupLoadedEditorAssemblies (197ms)
			LogAssemblyErrors (0ms)
			InitializePlatformSupportModulesInManaged (4ms)
			SetLoadedEditorAssemblies (3ms)
			RefreshPlugins (0ms)
			BeforeProcessingInitializeOnLoad (28ms)
			ProcessInitializeOnLoadAttributes (150ms)
			ProcessInitializeOnLoadMethodAttributes (11ms)
			AfterProcessingInitializeOnLoad (1ms)
			EditorAssembliesLoaded (0ms)
		ExecutionOrderSort2 (0ms)
		AwakeInstancesAfterBackupRestoration (2ms)
Refreshing native plugins compatible for Editor in 0.92 ms, found 3 plugins.
Preloading 0 native plugins for Editor in 0.00 ms.
Unloading 3007 Unused Serialized files (Serialized files now loaded: 0)
Unloading 25 unused Assets / (0.6 MB). Loaded Objects now: 3688.
Memory consumption went from 420.5 MB to 419.9 MB.
Total: 2.762416 ms (FindLiveObjects: 0.143125 ms CreateObjectMapping: 0.066667 ms MarkObjects: 2.276042 ms  DeleteObjects: 0.275709 ms)

Prepare: number of updated asset objects reloaded= 0
AssetImportParameters requested are different than current active one (requested -> active):
  custom:scripting/monoscript/fileName/SkewTextExample.cs: c142d02d70a129e0533975f7c2f96956 -> 
  custom:container-demuxer-ogg: 62fdf1f143b41e24485cea50d1cbac27 -> 
  custom:scripting/monoscript/fileName/TMP_TextEventHandler.cs: f5cd9d5a43bfefc8f4fec80e6de896a4 -> 
  custom:scripting/monoscript/fileName/TextMeshProFloatingText.cs: 92608fa4a6315cd0786d82205e77b697 -> 
  custom:scripting/monoscript/fileName/VertexZoom.cs: 650ab1e81d40126e3edcf737cce646e4 -> 
  custom:scripting/monoscript/fileName/PressSpaceHandler.cs: 799694d584b6dc4a89e3e3e12c299a26 -> 
  custom:scripting/monoscript/fileName/VertexShakeA.cs: 63ec564c588058369499638dd899e05b -> 
  custom:scripting/monoscript/fileName/TMP_ExampleScript_01.cs: a9d4be556104ff54e7d240529b3e01dc -> 
  custom:video-decoder-ogg-theora: a1e56fd34408186e4bbccfd4996cb3dc -> 
  custom:scripting/monoscript/fileName/TMP_TextEventCheck.cs: 13505d917eab5868c435e0c2986dadfa -> 
  custom:scripting/monoscript/fileName/TMP_TextSelector_B.cs: ba2be21a7486d37b1011342977a2e49d -> 
  custom:scripting/monoscript/fileName/Benchmark01.cs: 2d3e2cd961730ab95f139a49a673bace -> 
  custom:scripting/monoscript/fileName/NewBehaviourScript.cs: b21687ddb03d73bd9f0c1daecb9714de -> 
  custom:scripting/monoscript/fileName/Benchmark02.cs: 5640963252ce70910e726415f869ced6 -> 
  custom:scripting/monoscript/fileName/DropdownSample.cs: 0a92251794e5f10400149f96c3c59e5d -> 
  custom:scripting/monoscript/fileName/WarpTextExample.cs: 2663459c266363641981c7d17b698d7f -> 
  custom:CustomObjectIndexerAttribute: 9a22284fe3817be447336de3de66b15e -> 
  custom:container-demuxer-webm: 4f35f7cbe854078d1ac9338744f61a02 -> 
  custom:scripting/monoscript/fileName/ChatController.cs: 876d5ccae6e345dd5d9450eb0a748f16 -> 
  custom:scripting/monoscript/fileName/TextMeshSpawner.cs: 76f28e2ddb031571e6ec62b018f65fa8 -> 
  custom:scripting/monoscript/fileName/TeleType.cs: 31fa97821c4c70f157ec81d507aa6b62 -> 
  custom:scripting/monoscript/fileName/Benchmark04.cs: 32220b148620e52aa81c13a114862bf4 -> 
  custom:scripting/monoscript/fileName/TextMove.cs: fbecd3f268374313100fa014bdf91c18 -> 
  custom:container-muxer-webm: aa71ff27fc2769a1b78a27578f13a17b -> 
  custom:video-decoder-webm-vp8: 9c59270c3fd7afecdb556c50c9e8de78 -> 
  custom:scripting/monoscript/fileName/TMP_PhoneNumberValidator.cs: 7c3049f481e464c6a9a15dee56c3126f -> 
  custom:SearchIndexIgnoredProperties: e643bd26f0fe6173181afceb89e7c659 -> 
  custom:AudioImporter_EditorPlatform: 3918e3fc78b5a79bad01e8451be0beb8 -> 
  custom:scripting/monoscript/fileName/EnvMapAnimator.cs: 1b4f61c17e4b7283c3ac351aacff9d26 -> 
  custom:scripting/monoscript/fileName/ShaderPropAnimator.cs: 55ce425812446482e623ff2695c94cb2 -> 
  custom:scripting/monoscript/fileName/SimpleScript.cs: 454caab0c6c050f29b39d82e1d66d0fa -> 
  custom:scripting/monoscript/fileName/ObjectSpin.cs: 2b96bb2079dd7fa5108d981627a28e1e -> 
  custom:scripting/monoscript/fileName/DojoMove.cs: f8c6c934a3065aa4afaead1f80b93146 -> 
  custom:scripting/monoscript/fileName/CameraController.cs: 34b6be4e23ce86dc89786916c5983296 -> 
  custom:scripting/monoscript/fileName/TMP_TextInfoDebugTool.cs: 3f1709cfb2cc628169113a35b5e9be3f -> 
  custom:framework-osx-AVFoundation: e770b220cccbd017edd2c1fefb359320 -> 
  custom:scripting/monoscript/fileName/TMP_TextSelector_A.cs: 347309a09d56e367b188a6978f75b424 -> 
  custom:video-encoder-webm-vp8: eb34c28f22e8b96e1ab97ce403110664 -> 
  custom:audio-decoder-ogg-vorbis: bf7c407c2cedff20999df2af8eb42d56 -> 
  custom:scripting/monoscript/fileName/VertexJitter.cs: d27eb5498e48714a66aece98da065133 -> 
  custom:scripting/monoscript/fileName/TextConsoleSimulator.cs: 33fc311abb20b5b0ed8f00e4d86b574e -> 
  custom:scripting/monoscript/fileName/VertexColorCycler.cs: 5f984ca91cf3609293aecc6bc5641572 -> 
  custom:scripting/monoscript/fileName/TMP_FrameRateCounter.cs: 46f655df8cb483ac5958307137b1585a -> 
  custom:scripting/monoscript/fileName/VertexShakeB.cs: a6f78c4fcda1a29a1a1c1baefedba9e7 -> 
  custom:scripting/monoscript/fileName/TMP_UiFrameRateCounter.cs: b01021aea19247f14a98ab338907956a -> 
  custom:scripting/monoscript/fileName/TMPro_InstructionOverlay.cs: b626d2270e6ebd5c4311585c18b58d8d -> 
  custom:scripting/monoscript/fileName/TMP_DigitValidator.cs: ac02af96215ae3951a3cce9e1a8c6085 -> 
  custom:audio-encoder-webm-vorbis: bf7c407c2cedff20999df2af8eb42d56 -> 
  custom:scripting/monoscript/fileName/Benchmark01_UGUI.cs: 6148cfe2627b7708298f301788144139 -> 
  custom:scripting/monoscript/fileName/MusicManager.cs: 1f7d0f3015795540ecee058a7a3ae174 -> 
  custom:scripting/precompiled-assembly-types:Assembly-CSharp: c8a5404c60ded555a219ed6350501a26 -> 6032c0c933c699fe27c13914a3aaee66
  custom:scripting/monoscript/fileName/Benchmark03.cs: 17cc87e0529ac71d909a946afb47a274 -> 
========================================================================
Received Import Request.
  Time since last request: 1882.181812 seconds.
  path: Assets/Scenes/Introduction/IntroScripts/MusicManager.cs
  artifactKey: Guid(43a9527afa3b248319a8f09180d8f3a8) Importer(815301076,1909f56bfc062723c751e8b465ee728b)
Start importing Assets/Scenes/Introduction/IntroScripts/MusicManager.cs using Guid(43a9527afa3b248319a8f09180d8f3a8) Importer(815301076,1909f56bfc062723c751e8b465ee728b) [PhysX] Initialized MultithreadedTaskDispatcher with 8 workers.
 -> (artifact id: '00000000000000000000000000000000') in 0.001116 seconds
Import Error Code:(4)
Message: Build asset version error: assets/scenes/introduction/introscripts/musicmanager.cs in SourceAssetDB has modification time of '2025-03-11T01:29:12Z' while content on disk has modification time of '2025-03-11T01:29:16Z'
  ERROR: Build asset version error: assets/scenes/introduction/introscripts/musicmanager.cs in SourceAssetDB has modification time of '2025-03-11T01:29:12Z' while content on disk has modification time of '2025-03-11T01:29:16Z'
Number of updated asset objects reloaded before import = 0
Number of asset objects unloaded after import = 0
========================================================================
Received Prepare
Caller must complete domain reload
Begin MonoManager ReloadAssembly
Thread 0x16dd5f000 may have been prematurely finalized
- Loaded All Assemblies, in  0.216 seconds
Native extension for WindowsStandalone target not found
Native extension for OSXStandalone target not found
Mono: successfully reloaded assembly
- Finished resetting the current domain, in  0.365 seconds
Domain Reload Profiling: 581ms
	BeginReloadAssembly (77ms)
		ExecutionOrderSort (0ms)
		DisableScriptedObjects (3ms)
		BackupInstance (0ms)
		ReleaseScriptingObjects (0ms)
		CreateAndSetChildDomain (25ms)
	RebuildCommonClasses (22ms)
	RebuildNativeTypeToScriptingClass (8ms)
	initialDomainReloadingComplete (12ms)
	LoadAllAssembliesAndSetupDomain (96ms)
		LoadAssemblies (109ms)
		RebuildTransferFunctionScriptingTraits (0ms)
		AnalyzeDomain (17ms)
			TypeCache.Refresh (7ms)
				TypeCache.ScanAssembly (1ms)
			ScanForSourceGeneratedMonoScriptInfo (4ms)
			ResolveRequiredComponents (3ms)
	FinalizeReload (365ms)
		ReleaseScriptCaches (0ms)
		RebuildScriptCaches (0ms)
		SetupLoadedEditorAssemblies (210ms)
			LogAssemblyErrors (0ms)
			InitializePlatformSupportModulesInManaged (4ms)
			SetLoadedEditorAssemblies (3ms)
			RefreshPlugins (0ms)
			BeforeProcessingInitializeOnLoad (30ms)
			ProcessInitializeOnLoadAttributes (161ms)
			ProcessInitializeOnLoadMethodAttributes (11ms)
			AfterProcessingInitializeOnLoad (1ms)
			EditorAssembliesLoaded (0ms)
		ExecutionOrderSort2 (0ms)
		AwakeInstancesAfterBackupRestoration (2ms)
Refreshing native plugins compatible for Editor in 0.74 ms, found 3 plugins.
Preloading 0 native plugins for Editor in 0.00 ms.
Unloading 3006 Unused Serialized files (Serialized files now loaded: 0)
Unloading 25 unused Assets / (0.6 MB). Loaded Objects now: 3691.
Memory consumption went from 425.4 MB to 424.9 MB.
Total: 2.481541 ms (FindLiveObjects: 0.124709 ms CreateObjectMapping: 0.055000 ms MarkObjects: 2.083625 ms  DeleteObjects: 0.217666 ms)

Prepare: number of updated asset objects reloaded= 0
AssetImportParameters requested are different than current active one (requested -> active):
  custom:scripting/monoscript/fileName/SkewTextExample.cs: c142d02d70a129e0533975f7c2f96956 -> 
  custom:container-demuxer-ogg: 62fdf1f143b41e24485cea50d1cbac27 -> 
  custom:scripting/monoscript/fileName/TMP_TextEventHandler.cs: f5cd9d5a43bfefc8f4fec80e6de896a4 -> 
  custom:scripting/monoscript/fileName/TextMeshProFloatingText.cs: 92608fa4a6315cd0786d82205e77b697 -> 
  custom:scripting/monoscript/fileName/VertexZoom.cs: 650ab1e81d40126e3edcf737cce646e4 -> 
  custom:scripting/monoscript/fileName/PressSpaceHandler.cs: 799694d584b6dc4a89e3e3e12c299a26 -> 
  custom:scripting/monoscript/fileName/VertexShakeA.cs: 63ec564c588058369499638dd899e05b -> 
  custom:scripting/monoscript/fileName/TMP_ExampleScript_01.cs: a9d4be556104ff54e7d240529b3e01dc -> 
  custom:video-decoder-ogg-theora: a1e56fd34408186e4bbccfd4996cb3dc -> 
  custom:scripting/monoscript/fileName/TMP_TextEventCheck.cs: 13505d917eab5868c435e0c2986dadfa -> 
  custom:scripting/monoscript/fileName/TMP_TextSelector_B.cs: ba2be21a7486d37b1011342977a2e49d -> 
  custom:scripting/monoscript/fileName/Benchmark01.cs: 2d3e2cd961730ab95f139a49a673bace -> 
  custom:scripting/monoscript/fileName/NewBehaviourScript.cs: b21687ddb03d73bd9f0c1daecb9714de -> 
  custom:scripting/monoscript/fileName/Benchmark02.cs: 5640963252ce70910e726415f869ced6 -> 
  custom:scripting/monoscript/fileName/DropdownSample.cs: 0a92251794e5f10400149f96c3c59e5d -> 
  custom:scripting/monoscript/fileName/WarpTextExample.cs: 2663459c266363641981c7d17b698d7f -> 
  custom:CustomObjectIndexerAttribute: 9a22284fe3817be447336de3de66b15e -> 
  custom:container-demuxer-webm: 4f35f7cbe854078d1ac9338744f61a02 -> 
  custom:scripting/monoscript/fileName/ChatController.cs: 876d5ccae6e345dd5d9450eb0a748f16 -> 
  custom:scripting/monoscript/fileName/TextMeshSpawner.cs: 76f28e2ddb031571e6ec62b018f65fa8 -> 
  custom:scripting/monoscript/fileName/TeleType.cs: 31fa97821c4c70f157ec81d507aa6b62 -> 
  custom:scripting/monoscript/fileName/Benchmark04.cs: 32220b148620e52aa81c13a114862bf4 -> 
  custom:scripting/monoscript/fileName/TextMove.cs: fbecd3f268374313100fa014bdf91c18 -> 
  custom:container-muxer-webm: aa71ff27fc2769a1b78a27578f13a17b -> 
  custom:video-decoder-webm-vp8: 9c59270c3fd7afecdb556c50c9e8de78 -> 
  custom:scripting/monoscript/fileName/TMP_PhoneNumberValidator.cs: 7c3049f481e464c6a9a15dee56c3126f -> 
  custom:SearchIndexIgnoredProperties: e643bd26f0fe6173181afceb89e7c659 -> 
  custom:AudioImporter_EditorPlatform: 3918e3fc78b5a79bad01e8451be0beb8 -> 
  custom:scripting/monoscript/fileName/EnvMapAnimator.cs: 1b4f61c17e4b7283c3ac351aacff9d26 -> 
  custom:scripting/monoscript/fileName/ShaderPropAnimator.cs: 55ce425812446482e623ff2695c94cb2 -> 
  custom:scripting/monoscript/fileName/SimpleScript.cs: 454caab0c6c050f29b39d82e1d66d0fa -> 
  custom:scripting/monoscript/fileName/ObjectSpin.cs: 2b96bb2079dd7fa5108d981627a28e1e -> 
  custom:scripting/monoscript/fileName/DojoMove.cs: f8c6c934a3065aa4afaead1f80b93146 -> 
  custom:scripting/monoscript/fileName/CameraController.cs: 34b6be4e23ce86dc89786916c5983296 -> 
  custom:scripting/monoscript/fileName/TMP_TextInfoDebugTool.cs: 3f1709cfb2cc628169113a35b5e9be3f -> 
  custom:framework-osx-AVFoundation: e770b220cccbd017edd2c1fefb359320 -> 
  custom:scripting/monoscript/fileName/TMP_TextSelector_A.cs: 347309a09d56e367b188a6978f75b424 -> 
  custom:video-encoder-webm-vp8: eb34c28f22e8b96e1ab97ce403110664 -> 
  custom:audio-decoder-ogg-vorbis: bf7c407c2cedff20999df2af8eb42d56 -> 
  custom:scripting/monoscript/fileName/VertexJitter.cs: d27eb5498e48714a66aece98da065133 -> 
  custom:scripting/monoscript/fileName/TextConsoleSimulator.cs: 33fc311abb20b5b0ed8f00e4d86b574e -> 
  custom:scripting/monoscript/fileName/VertexColorCycler.cs: 5f984ca91cf3609293aecc6bc5641572 -> 
  custom:scripting/monoscript/fileName/TMP_FrameRateCounter.cs: 46f655df8cb483ac5958307137b1585a -> 
  custom:scripting/monoscript/fileName/VertexShakeB.cs: a6f78c4fcda1a29a1a1c1baefedba9e7 -> 
  custom:scripting/monoscript/fileName/TMP_UiFrameRateCounter.cs: b01021aea19247f14a98ab338907956a -> 
  custom:scripting/monoscript/fileName/TMPro_InstructionOverlay.cs: b626d2270e6ebd5c4311585c18b58d8d -> 
  custom:scripting/monoscript/fileName/TMP_DigitValidator.cs: ac02af96215ae3951a3cce9e1a8c6085 -> 
  custom:audio-encoder-webm-vorbis: bf7c407c2cedff20999df2af8eb42d56 -> 
  custom:scripting/monoscript/fileName/Benchmark01_UGUI.cs: 6148cfe2627b7708298f301788144139 -> 
  custom:scripting/monoscript/fileName/MusicManager.cs: 1f7d0f3015795540ecee058a7a3ae174 -> 
  custom:scripting/precompiled-assembly-types:Assembly-CSharp: c8a5404c60ded555a219ed6350501a26 -> 6032c0c933c699fe27c13914a3aaee66
  custom:scripting/monoscript/fileName/Benchmark03.cs: 17cc87e0529ac71d909a946afb47a274 -> 
========================================================================
Received Import Request.
  Time since last request: 3.684269 seconds.
  path: Assets/Scenes/Introduction/IntroScripts/MusicManager.cs
  artifactKey: Guid(43a9527afa3b248319a8f09180d8f3a8) Importer(815301076,1909f56bfc062723c751e8b465ee728b)
Start importing Assets/Scenes/Introduction/IntroScripts/MusicManager.cs using Guid(43a9527afa3b248319a8f09180d8f3a8) Importer(815301076,1909f56bfc062723c751e8b465ee728b) [PhysX] Initialized MultithreadedTaskDispatcher with 8 workers.
 -> (artifact id: '9f3420b5847ba78e826a11fa68af8c50') in 0.000971 seconds
Number of updated asset objects reloaded before import = 0
Number of asset objects unloaded after import = 0
========================================================================
Received Prepare
Caller must complete domain reload
Begin MonoManager ReloadAssembly
Thread 0x16dd5f000 may have been prematurely finalized
- Loaded All Assemblies, in  0.200 seconds
Native extension for WindowsStandalone target not found
Native extension for OSXStandalone target not found
Mono: successfully reloaded assembly
- Finished resetting the current domain, in  0.350 seconds
Domain Reload Profiling: 551ms
	BeginReloadAssembly (72ms)
		ExecutionOrderSort (0ms)
		DisableScriptedObjects (3ms)
		BackupInstance (0ms)
		ReleaseScriptingObjects (0ms)
		CreateAndSetChildDomain (22ms)
	RebuildCommonClasses (21ms)
	RebuildNativeTypeToScriptingClass (8ms)
	initialDomainReloadingComplete (12ms)
	LoadAllAssembliesAndSetupDomain (87ms)
		LoadAssemblies (105ms)
		RebuildTransferFunctionScriptingTraits (0ms)
		AnalyzeDomain (9ms)
			TypeCache.Refresh (5ms)
				TypeCache.ScanAssembly (0ms)
			ScanForSourceGeneratedMonoScriptInfo (0ms)
			ResolveRequiredComponents (3ms)
	FinalizeReload (350ms)
		ReleaseScriptCaches (0ms)
		RebuildScriptCaches (0ms)
		SetupLoadedEditorAssemblies (197ms)
			LogAssemblyErrors (0ms)
			InitializePlatformSupportModulesInManaged (4ms)
			SetLoadedEditorAssemblies (2ms)
			RefreshPlugins (0ms)
			BeforeProcessingInitializeOnLoad (29ms)
			ProcessInitializeOnLoadAttributes (151ms)
			ProcessInitializeOnLoadMethodAttributes (11ms)
			AfterProcessingInitializeOnLoad (1ms)
			EditorAssembliesLoaded (0ms)
		ExecutionOrderSort2 (0ms)
		AwakeInstancesAfterBackupRestoration (2ms)
Refreshing native plugins compatible for Editor in 0.78 ms, found 3 plugins.
Preloading 0 native plugins for Editor in 0.00 ms.
Unloading 3006 Unused Serialized files (Serialized files now loaded: 0)
Unloading 25 unused Assets / (0.6 MB). Loaded Objects now: 3694.
Memory consumption went from 430.7 MB to 430.1 MB.
Total: 2.373834 ms (FindLiveObjects: 0.128041 ms CreateObjectMapping: 0.046917 ms MarkObjects: 1.986458 ms  DeleteObjects: 0.211875 ms)

Prepare: number of updated asset objects reloaded= 0
AssetImportParameters requested are different than current active one (requested -> active):
  custom:scripting/monoscript/fileName/SkewTextExample.cs: c142d02d70a129e0533975f7c2f96956 -> 
  custom:container-demuxer-ogg: 62fdf1f143b41e24485cea50d1cbac27 -> 
  custom:scripting/monoscript/fileName/TMP_TextEventHandler.cs: f5cd9d5a43bfefc8f4fec80e6de896a4 -> 
  custom:scripting/monoscript/fileName/TextMeshProFloatingText.cs: 92608fa4a6315cd0786d82205e77b697 -> 
  custom:scripting/monoscript/fileName/VertexZoom.cs: 650ab1e81d40126e3edcf737cce646e4 -> 
  custom:scripting/monoscript/fileName/PressSpaceHandler.cs: 799694d584b6dc4a89e3e3e12c299a26 -> 
  custom:scripting/monoscript/fileName/VertexShakeA.cs: 63ec564c588058369499638dd899e05b -> 
  custom:scripting/monoscript/fileName/TMP_ExampleScript_01.cs: a9d4be556104ff54e7d240529b3e01dc -> 
  custom:video-decoder-ogg-theora: a1e56fd34408186e4bbccfd4996cb3dc -> 
  custom:scripting/monoscript/fileName/TMP_TextEventCheck.cs: 13505d917eab5868c435e0c2986dadfa -> 
  custom:scripting/monoscript/fileName/TMP_TextSelector_B.cs: ba2be21a7486d37b1011342977a2e49d -> 
  custom:scripting/monoscript/fileName/Benchmark01.cs: 2d3e2cd961730ab95f139a49a673bace -> 
  custom:scripting/monoscript/fileName/NewBehaviourScript.cs: b21687ddb03d73bd9f0c1daecb9714de -> 
  custom:scripting/monoscript/fileName/Benchmark02.cs: 5640963252ce70910e726415f869ced6 -> 
  custom:scripting/monoscript/fileName/DropdownSample.cs: 0a92251794e5f10400149f96c3c59e5d -> 
  custom:scripting/monoscript/fileName/WarpTextExample.cs: 2663459c266363641981c7d17b698d7f -> 
  custom:CustomObjectIndexerAttribute: 9a22284fe3817be447336de3de66b15e -> 
  custom:container-demuxer-webm: 4f35f7cbe854078d1ac9338744f61a02 -> 
  custom:scripting/monoscript/fileName/ChatController.cs: 876d5ccae6e345dd5d9450eb0a748f16 -> 
  custom:scripting/monoscript/fileName/TextMeshSpawner.cs: 76f28e2ddb031571e6ec62b018f65fa8 -> 
  custom:scripting/monoscript/fileName/TeleType.cs: 31fa97821c4c70f157ec81d507aa6b62 -> 
  custom:scripting/monoscript/fileName/Benchmark04.cs: 32220b148620e52aa81c13a114862bf4 -> 
  custom:scripting/monoscript/fileName/TextMove.cs: fbecd3f268374313100fa014bdf91c18 -> 
  custom:container-muxer-webm: aa71ff27fc2769a1b78a27578f13a17b -> 
  custom:video-decoder-webm-vp8: 9c59270c3fd7afecdb556c50c9e8de78 -> 
  custom:scripting/monoscript/fileName/TMP_PhoneNumberValidator.cs: 7c3049f481e464c6a9a15dee56c3126f -> 
  custom:SearchIndexIgnoredProperties: e643bd26f0fe6173181afceb89e7c659 -> 
  custom:AudioImporter_EditorPlatform: 3918e3fc78b5a79bad01e8451be0beb8 -> 
  custom:scripting/monoscript/fileName/EnvMapAnimator.cs: 1b4f61c17e4b7283c3ac351aacff9d26 -> 
  custom:scripting/monoscript/fileName/ShaderPropAnimator.cs: 55ce425812446482e623ff2695c94cb2 -> 
  custom:scripting/monoscript/fileName/SimpleScript.cs: 454caab0c6c050f29b39d82e1d66d0fa -> 
  custom:scripting/monoscript/fileName/ObjectSpin.cs: 2b96bb2079dd7fa5108d981627a28e1e -> 
  custom:scripting/monoscript/fileName/DojoMove.cs: f8c6c934a3065aa4afaead1f80b93146 -> 
  custom:scripting/monoscript/fileName/CameraController.cs: 34b6be4e23ce86dc89786916c5983296 -> 
  custom:scripting/monoscript/fileName/TMP_TextInfoDebugTool.cs: 3f1709cfb2cc628169113a35b5e9be3f -> 
  custom:framework-osx-AVFoundation: e770b220cccbd017edd2c1fefb359320 -> 
  custom:scripting/monoscript/fileName/TMP_TextSelector_A.cs: 347309a09d56e367b188a6978f75b424 -> 
  custom:video-encoder-webm-vp8: eb34c28f22e8b96e1ab97ce403110664 -> 
  custom:audio-decoder-ogg-vorbis: bf7c407c2cedff20999df2af8eb42d56 -> 
  custom:scripting/monoscript/fileName/VertexJitter.cs: d27eb5498e48714a66aece98da065133 -> 
  custom:scripting/monoscript/fileName/TextConsoleSimulator.cs: 33fc311abb20b5b0ed8f00e4d86b574e -> 
  custom:scripting/monoscript/fileName/VertexColorCycler.cs: 5f984ca91cf3609293aecc6bc5641572 -> 
  custom:scripting/monoscript/fileName/TMP_FrameRateCounter.cs: 46f655df8cb483ac5958307137b1585a -> 
  custom:scripting/monoscript/fileName/VertexShakeB.cs: a6f78c4fcda1a29a1a1c1baefedba9e7 -> 
  custom:scripting/monoscript/fileName/TMP_UiFrameRateCounter.cs: b01021aea19247f14a98ab338907956a -> 
  custom:scripting/monoscript/fileName/TMPro_InstructionOverlay.cs: b626d2270e6ebd5c4311585c18b58d8d -> 
  custom:scripting/monoscript/fileName/TMP_DigitValidator.cs: ac02af96215ae3951a3cce9e1a8c6085 -> 
  custom:audio-encoder-webm-vorbis: bf7c407c2cedff20999df2af8eb42d56 -> 
  custom:scripting/monoscript/fileName/Benchmark01_UGUI.cs: 6148cfe2627b7708298f301788144139 -> 
  custom:scripting/monoscript/fileName/MusicManager.cs: 1f7d0f3015795540ecee058a7a3ae174 -> 
  custom:scripting/precompiled-assembly-types:Assembly-CSharp: c8a5404c60ded555a219ed6350501a26 -> 6032c0c933c699fe27c13914a3aaee66
  custom:scripting/monoscript/fileName/Benchmark03.cs: 17cc87e0529ac71d909a946afb47a274 -> 
========================================================================
Received Prepare
Caller must complete domain reload
Begin MonoManager ReloadAssembly
Thread 0x16dd5f000 may have been prematurely finalized
- Loaded All Assemblies, in  0.200 seconds
Native extension for WindowsStandalone target not found
Native extension for OSXStandalone target not found
Mono: successfully reloaded assembly
- Finished resetting the current domain, in  0.367 seconds
Domain Reload Profiling: 567ms
	BeginReloadAssembly (73ms)
		ExecutionOrderSort (0ms)
		DisableScriptedObjects (3ms)
		BackupInstance (0ms)
		ReleaseScriptingObjects (0ms)
		CreateAndSetChildDomain (23ms)
	RebuildCommonClasses (22ms)
	RebuildNativeTypeToScriptingClass (8ms)
	initialDomainReloadingComplete (12ms)
	LoadAllAssembliesAndSetupDomain (86ms)
		LoadAssemblies (103ms)
		RebuildTransferFunctionScriptingTraits (0ms)
		AnalyzeDomain (10ms)
			TypeCache.Refresh (5ms)
				TypeCache.ScanAssembly (0ms)
			ScanForSourceGeneratedMonoScriptInfo (0ms)
			ResolveRequiredComponents (4ms)
	FinalizeReload (367ms)
		ReleaseScriptCaches (0ms)
		RebuildScriptCaches (0ms)
		SetupLoadedEditorAssemblies (218ms)
			LogAssemblyErrors (0ms)
			InitializePlatformSupportModulesInManaged (4ms)
			SetLoadedEditorAssemblies (3ms)
			RefreshPlugins (0ms)
			BeforeProcessingInitializeOnLoad (30ms)
			ProcessInitializeOnLoadAttributes (168ms)
			ProcessInitializeOnLoadMethodAttributes (13ms)
			AfterProcessingInitializeOnLoad (1ms)
			EditorAssembliesLoaded (0ms)
		ExecutionOrderSort2 (0ms)
		AwakeInstancesAfterBackupRestoration (3ms)
Refreshing native plugins compatible for Editor in 0.86 ms, found 3 plugins.
Preloading 0 native plugins for Editor in 0.00 ms.
Unloading 3007 Unused Serialized files (Serialized files now loaded: 0)
Unloading 25 unused Assets / (0.6 MB). Loaded Objects now: 3697.
Memory consumption went from 436.0 MB to 435.5 MB.
Total: 3.154041 ms (FindLiveObjects: 0.199625 ms CreateObjectMapping: 0.079250 ms MarkObjects: 2.499791 ms  DeleteObjects: 0.374167 ms)

Prepare: number of updated asset objects reloaded= 0
AssetImportParameters requested are different than current active one (requested -> active):
  custom:scripting/monoscript/fileName/SkewTextExample.cs: c142d02d70a129e0533975f7c2f96956 -> 
  custom:container-demuxer-ogg: 62fdf1f143b41e24485cea50d1cbac27 -> 
  custom:scripting/monoscript/fileName/TMP_TextEventHandler.cs: f5cd9d5a43bfefc8f4fec80e6de896a4 -> 
  custom:scripting/monoscript/fileName/TextMeshProFloatingText.cs: 92608fa4a6315cd0786d82205e77b697 -> 
  custom:scripting/monoscript/fileName/VertexZoom.cs: 650ab1e81d40126e3edcf737cce646e4 -> 
  custom:scripting/monoscript/fileName/PressSpaceHandler.cs: 799694d584b6dc4a89e3e3e12c299a26 -> 
  custom:scripting/monoscript/fileName/VertexShakeA.cs: 63ec564c588058369499638dd899e05b -> 
  custom:scripting/monoscript/fileName/TMP_ExampleScript_01.cs: a9d4be556104ff54e7d240529b3e01dc -> 
  custom:video-decoder-ogg-theora: a1e56fd34408186e4bbccfd4996cb3dc -> 
  custom:scripting/monoscript/fileName/TMP_TextEventCheck.cs: 13505d917eab5868c435e0c2986dadfa -> 
  custom:scripting/monoscript/fileName/TMP_TextSelector_B.cs: ba2be21a7486d37b1011342977a2e49d -> 
  custom:scripting/monoscript/fileName/Benchmark01.cs: 2d3e2cd961730ab95f139a49a673bace -> 
  custom:scripting/monoscript/fileName/NewBehaviourScript.cs: b21687ddb03d73bd9f0c1daecb9714de -> 
  custom:scripting/monoscript/fileName/Benchmark02.cs: 5640963252ce70910e726415f869ced6 -> 
  custom:scripting/monoscript/fileName/DropdownSample.cs: 0a92251794e5f10400149f96c3c59e5d -> 
  custom:scripting/monoscript/fileName/WarpTextExample.cs: 2663459c266363641981c7d17b698d7f -> 
  custom:CustomObjectIndexerAttribute: 9a22284fe3817be447336de3de66b15e -> 
  custom:container-demuxer-webm: 4f35f7cbe854078d1ac9338744f61a02 -> 
  custom:scripting/monoscript/fileName/ChatController.cs: 876d5ccae6e345dd5d9450eb0a748f16 -> 
  custom:scripting/monoscript/fileName/TextMeshSpawner.cs: 76f28e2ddb031571e6ec62b018f65fa8 -> 
  custom:scripting/monoscript/fileName/TeleType.cs: 31fa97821c4c70f157ec81d507aa6b62 -> 
  custom:scripting/monoscript/fileName/Benchmark04.cs: 32220b148620e52aa81c13a114862bf4 -> 
  custom:scripting/monoscript/fileName/TextMove.cs: fbecd3f268374313100fa014bdf91c18 -> 
  custom:container-muxer-webm: aa71ff27fc2769a1b78a27578f13a17b -> 
  custom:video-decoder-webm-vp8: 9c59270c3fd7afecdb556c50c9e8de78 -> 
  custom:scripting/monoscript/fileName/TMP_PhoneNumberValidator.cs: 7c3049f481e464c6a9a15dee56c3126f -> 
  custom:SearchIndexIgnoredProperties: e643bd26f0fe6173181afceb89e7c659 -> 
  custom:AudioImporter_EditorPlatform: 3918e3fc78b5a79bad01e8451be0beb8 -> 
  custom:scripting/monoscript/fileName/EnvMapAnimator.cs: 1b4f61c17e4b7283c3ac351aacff9d26 -> 
  custom:scripting/monoscript/fileName/ShaderPropAnimator.cs: 55ce425812446482e623ff2695c94cb2 -> 
  custom:scripting/monoscript/fileName/SimpleScript.cs: 454caab0c6c050f29b39d82e1d66d0fa -> 
  custom:scripting/monoscript/fileName/ObjectSpin.cs: 2b96bb2079dd7fa5108d981627a28e1e -> 
  custom:scripting/monoscript/fileName/DojoMove.cs: f8c6c934a3065aa4afaead1f80b93146 -> 
  custom:scripting/monoscript/fileName/CameraController.cs: 34b6be4e23ce86dc89786916c5983296 -> 
  custom:scripting/monoscript/fileName/TMP_TextInfoDebugTool.cs: 3f1709cfb2cc628169113a35b5e9be3f -> 
  custom:framework-osx-AVFoundation: e770b220cccbd017edd2c1fefb359320 -> 
  custom:scripting/monoscript/fileName/TMP_TextSelector_A.cs: 347309a09d56e367b188a6978f75b424 -> 
  custom:video-encoder-webm-vp8: eb34c28f22e8b96e1ab97ce403110664 -> 
  custom:audio-decoder-ogg-vorbis: bf7c407c2cedff20999df2af8eb42d56 -> 
  custom:scripting/monoscript/fileName/VertexJitter.cs: d27eb5498e48714a66aece98da065133 -> 
  custom:scripting/monoscript/fileName/TextConsoleSimulator.cs: 33fc311abb20b5b0ed8f00e4d86b574e -> 
  custom:scripting/monoscript/fileName/VertexColorCycler.cs: 5f984ca91cf3609293aecc6bc5641572 -> 
  custom:scripting/monoscript/fileName/TMP_FrameRateCounter.cs: 46f655df8cb483ac5958307137b1585a -> 
  custom:scripting/monoscript/fileName/VertexShakeB.cs: a6f78c4fcda1a29a1a1c1baefedba9e7 -> 
  custom:scripting/monoscript/fileName/TMP_UiFrameRateCounter.cs: b01021aea19247f14a98ab338907956a -> 
  custom:scripting/monoscript/fileName/TMPro_InstructionOverlay.cs: b626d2270e6ebd5c4311585c18b58d8d -> 
  custom:scripting/monoscript/fileName/TMP_DigitValidator.cs: ac02af96215ae3951a3cce9e1a8c6085 -> 
  custom:audio-encoder-webm-vorbis: bf7c407c2cedff20999df2af8eb42d56 -> 
  custom:scripting/monoscript/fileName/Benchmark01_UGUI.cs: 6148cfe2627b7708298f301788144139 -> 
  custom:scripting/monoscript/fileName/MusicManager.cs: 1f7d0f3015795540ecee058a7a3ae174 -> 
  custom:scripting/precompiled-assembly-types:Assembly-CSharp: c8a5404c60ded555a219ed6350501a26 -> 6032c0c933c699fe27c13914a3aaee66
  custom:scripting/monoscript/fileName/Benchmark03.cs: 17cc87e0529ac71d909a946afb47a274 -> 
========================================================================
Received Prepare
Caller must complete domain reload
Begin MonoManager ReloadAssembly
Thread 0x16dd5f000 may have been prematurely finalized
- Loaded All Assemblies, in  0.203 seconds
Native extension for WindowsStandalone target not found
Native extension for OSXStandalone target not found
Mono: successfully reloaded assembly
- Finished resetting the current domain, in  0.344 seconds
Domain Reload Profiling: 548ms
	BeginReloadAssembly (71ms)
		ExecutionOrderSort (0ms)
		DisableScriptedObjects (3ms)
		BackupInstance (0ms)
		ReleaseScriptingObjects (0ms)
		CreateAndSetChildDomain (22ms)
	RebuildCommonClasses (21ms)
	RebuildNativeTypeToScriptingClass (8ms)
	initialDomainReloadingComplete (12ms)
	LoadAllAssembliesAndSetupDomain (91ms)
		LoadAssemblies (109ms)
		RebuildTransferFunctionScriptingTraits (0ms)
		AnalyzeDomain (9ms)
			TypeCache.Refresh (5ms)
				TypeCache.ScanAssembly (0ms)
			ScanForSourceGeneratedMonoScriptInfo (0ms)
			ResolveRequiredComponents (4ms)
	FinalizeReload (344ms)
		ReleaseScriptCaches (0ms)
		RebuildScriptCaches (0ms)
		SetupLoadedEditorAssemblies (197ms)
			LogAssemblyErrors (0ms)
			InitializePlatformSupportModulesInManaged (3ms)
			SetLoadedEditorAssemblies (2ms)
			RefreshPlugins (0ms)
			BeforeProcessingInitializeOnLoad (29ms)
			ProcessInitializeOnLoadAttributes (151ms)
			ProcessInitializeOnLoadMethodAttributes (11ms)
			AfterProcessingInitializeOnLoad (1ms)
			EditorAssembliesLoaded (0ms)
		ExecutionOrderSort2 (0ms)
		AwakeInstancesAfterBackupRestoration (2ms)
Refreshing native plugins compatible for Editor in 0.75 ms, found 3 plugins.
Preloading 0 native plugins for Editor in 0.00 ms.
Unloading 3007 Unused Serialized files (Serialized files now loaded: 0)
Unloading 25 unused Assets / (0.6 MB). Loaded Objects now: 3700.
Memory consumption went from 441.1 MB to 440.6 MB.
Total: 2.377792 ms (FindLiveObjects: 0.122917 ms CreateObjectMapping: 0.048292 ms MarkObjects: 1.991833 ms  DeleteObjects: 0.214042 ms)

Prepare: number of updated asset objects reloaded= 0
AssetImportParameters requested are different than current active one (requested -> active):
  custom:scripting/monoscript/fileName/SkewTextExample.cs: c142d02d70a129e0533975f7c2f96956 -> 
  custom:container-demuxer-ogg: 62fdf1f143b41e24485cea50d1cbac27 -> 
  custom:scripting/monoscript/fileName/TMP_TextEventHandler.cs: f5cd9d5a43bfefc8f4fec80e6de896a4 -> 
  custom:scripting/monoscript/fileName/TextMeshProFloatingText.cs: 92608fa4a6315cd0786d82205e77b697 -> 
  custom:scripting/monoscript/fileName/VertexZoom.cs: 650ab1e81d40126e3edcf737cce646e4 -> 
  custom:scripting/monoscript/fileName/PressSpaceHandler.cs: 799694d584b6dc4a89e3e3e12c299a26 -> 
  custom:scripting/monoscript/fileName/VertexShakeA.cs: 63ec564c588058369499638dd899e05b -> 
  custom:scripting/monoscript/fileName/TMP_ExampleScript_01.cs: a9d4be556104ff54e7d240529b3e01dc -> 
  custom:video-decoder-ogg-theora: a1e56fd34408186e4bbccfd4996cb3dc -> 
  custom:scripting/monoscript/fileName/TMP_TextEventCheck.cs: 13505d917eab5868c435e0c2986dadfa -> 
  custom:scripting/monoscript/fileName/TMP_TextSelector_B.cs: ba2be21a7486d37b1011342977a2e49d -> 
  custom:scripting/monoscript/fileName/Benchmark01.cs: 2d3e2cd961730ab95f139a49a673bace -> 
  custom:scripting/monoscript/fileName/NewBehaviourScript.cs: b21687ddb03d73bd9f0c1daecb9714de -> 
  custom:scripting/monoscript/fileName/Benchmark02.cs: 5640963252ce70910e726415f869ced6 -> 
  custom:scripting/monoscript/fileName/DropdownSample.cs: 0a92251794e5f10400149f96c3c59e5d -> 
  custom:scripting/monoscript/fileName/WarpTextExample.cs: 2663459c266363641981c7d17b698d7f -> 
  custom:CustomObjectIndexerAttribute: 9a22284fe3817be447336de3de66b15e -> 
  custom:container-demuxer-webm: 4f35f7cbe854078d1ac9338744f61a02 -> 
  custom:scripting/monoscript/fileName/ChatController.cs: 876d5ccae6e345dd5d9450eb0a748f16 -> 
  custom:scripting/monoscript/fileName/TextMeshSpawner.cs: 76f28e2ddb031571e6ec62b018f65fa8 -> 
  custom:scripting/monoscript/fileName/TeleType.cs: 31fa97821c4c70f157ec81d507aa6b62 -> 
  custom:scripting/monoscript/fileName/Benchmark04.cs: 32220b148620e52aa81c13a114862bf4 -> 
  custom:scripting/monoscript/fileName/TextMove.cs: fbecd3f268374313100fa014bdf91c18 -> 
  custom:container-muxer-webm: aa71ff27fc2769a1b78a27578f13a17b -> 
  custom:video-decoder-webm-vp8: 9c59270c3fd7afecdb556c50c9e8de78 -> 
  custom:scripting/monoscript/fileName/TMP_PhoneNumberValidator.cs: 7c3049f481e464c6a9a15dee56c3126f -> 
  custom:SearchIndexIgnoredProperties: e643bd26f0fe6173181afceb89e7c659 -> 
  custom:AudioImporter_EditorPlatform: 3918e3fc78b5a79bad01e8451be0beb8 -> 
  custom:scripting/monoscript/fileName/EnvMapAnimator.cs: 1b4f61c17e4b7283c3ac351aacff9d26 -> 
  custom:scripting/monoscript/fileName/ShaderPropAnimator.cs: 55ce425812446482e623ff2695c94cb2 -> 
  custom:scripting/monoscript/fileName/SimpleScript.cs: 454caab0c6c050f29b39d82e1d66d0fa -> 
  custom:scripting/monoscript/fileName/ObjectSpin.cs: 2b96bb2079dd7fa5108d981627a28e1e -> 
  custom:scripting/monoscript/fileName/DojoMove.cs: f8c6c934a3065aa4afaead1f80b93146 -> 
  custom:scripting/monoscript/fileName/CameraController.cs: 34b6be4e23ce86dc89786916c5983296 -> 
  custom:scripting/monoscript/fileName/TMP_TextInfoDebugTool.cs: 3f1709cfb2cc628169113a35b5e9be3f -> 
  custom:framework-osx-AVFoundation: e770b220cccbd017edd2c1fefb359320 -> 
  custom:scripting/monoscript/fileName/TMP_TextSelector_A.cs: 347309a09d56e367b188a6978f75b424 -> 
  custom:video-encoder-webm-vp8: eb34c28f22e8b96e1ab97ce403110664 -> 
  custom:audio-decoder-ogg-vorbis: bf7c407c2cedff20999df2af8eb42d56 -> 
  custom:scripting/monoscript/fileName/VertexJitter.cs: d27eb5498e48714a66aece98da065133 -> 
  custom:scripting/monoscript/fileName/TextConsoleSimulator.cs: 33fc311abb20b5b0ed8f00e4d86b574e -> 
  custom:scripting/monoscript/fileName/VertexColorCycler.cs: 5f984ca91cf3609293aecc6bc5641572 -> 
  custom:scripting/monoscript/fileName/TMP_FrameRateCounter.cs: 46f655df8cb483ac5958307137b1585a -> 
  custom:scripting/monoscript/fileName/VertexShakeB.cs: a6f78c4fcda1a29a1a1c1baefedba9e7 -> 
  custom:scripting/monoscript/fileName/TMP_UiFrameRateCounter.cs: b01021aea19247f14a98ab338907956a -> 
  custom:scripting/monoscript/fileName/TMPro_InstructionOverlay.cs: b626d2270e6ebd5c4311585c18b58d8d -> 
  custom:scripting/monoscript/fileName/TMP_DigitValidator.cs: ac02af96215ae3951a3cce9e1a8c6085 -> 
  custom:audio-encoder-webm-vorbis: bf7c407c2cedff20999df2af8eb42d56 -> 
  custom:scripting/monoscript/fileName/Benchmark01_UGUI.cs: 6148cfe2627b7708298f301788144139 -> 
  custom:scripting/monoscript/fileName/MusicManager.cs: 1f7d0f3015795540ecee058a7a3ae174 -> 
  custom:scripting/precompiled-assembly-types:Assembly-CSharp: c8a5404c60ded555a219ed6350501a26 -> 6032c0c933c699fe27c13914a3aaee66
  custom:scripting/monoscript/fileName/Benchmark03.cs: 17cc87e0529ac71d909a946afb47a274 -> 
========================================================================
Received Prepare
Caller must complete domain reload
Begin MonoManager ReloadAssembly
Thread 0x16dd5f000 may have been prematurely finalized
- Loaded All Assemblies, in  0.200 seconds
Native extension for WindowsStandalone target not found
Native extension for OSXStandalone target not found
Mono: successfully reloaded assembly
- Finished resetting the current domain, in  0.348 seconds
Domain Reload Profiling: 548ms
	BeginReloadAssembly (73ms)
		ExecutionOrderSort (0ms)
		DisableScriptedObjects (3ms)
		BackupInstance (0ms)
		ReleaseScriptingObjects (0ms)
		CreateAndSetChildDomain (22ms)
	RebuildCommonClasses (21ms)
	RebuildNativeTypeToScriptingClass (8ms)
	initialDomainReloadingComplete (12ms)
	LoadAllAssembliesAndSetupDomain (87ms)
		LoadAssemblies (104ms)
		RebuildTransferFunctionScriptingTraits (0ms)
		AnalyzeDomain (10ms)
			TypeCache.Refresh (5ms)
				TypeCache.ScanAssembly (0ms)
			ScanForSourceGeneratedMonoScriptInfo (0ms)
			ResolveRequiredComponents (3ms)
	FinalizeReload (348ms)
		ReleaseScriptCaches (0ms)
		RebuildScriptCaches (0ms)
		SetupLoadedEditorAssemblies (198ms)
			LogAssemblyErrors (0ms)
			InitializePlatformSupportModulesInManaged (4ms)
			SetLoadedEditorAssemblies (2ms)
			RefreshPlugins (0ms)
			BeforeProcessingInitializeOnLoad (29ms)
			ProcessInitializeOnLoadAttributes (152ms)
			ProcessInitializeOnLoadMethodAttributes (11ms)
			AfterProcessingInitializeOnLoad (1ms)
			EditorAssembliesLoaded (0ms)
		ExecutionOrderSort2 (0ms)
		AwakeInstancesAfterBackupRestoration (2ms)
Refreshing native plugins compatible for Editor in 0.78 ms, found 3 plugins.
Preloading 0 native plugins for Editor in 0.00 ms.
Unloading 3007 Unused Serialized files (Serialized files now loaded: 0)
Unloading 25 unused Assets / (0.6 MB). Loaded Objects now: 3703.
Memory consumption went from 446.2 MB to 445.7 MB.
Total: 2.311875 ms (FindLiveObjects: 0.125875 ms CreateObjectMapping: 0.047916 ms MarkObjects: 1.942500 ms  DeleteObjects: 0.194833 ms)

Prepare: number of updated asset objects reloaded= 0
AssetImportParameters requested are different than current active one (requested -> active):
  custom:scripting/monoscript/fileName/SkewTextExample.cs: c142d02d70a129e0533975f7c2f96956 -> 
  custom:container-demuxer-ogg: 62fdf1f143b41e24485cea50d1cbac27 -> 
  custom:scripting/monoscript/fileName/TMP_TextEventHandler.cs: f5cd9d5a43bfefc8f4fec80e6de896a4 -> 
  custom:scripting/monoscript/fileName/TextMeshProFloatingText.cs: 92608fa4a6315cd0786d82205e77b697 -> 
  custom:scripting/monoscript/fileName/VertexZoom.cs: 650ab1e81d40126e3edcf737cce646e4 -> 
  custom:scripting/monoscript/fileName/PressSpaceHandler.cs: 799694d584b6dc4a89e3e3e12c299a26 -> 
  custom:scripting/monoscript/fileName/VertexShakeA.cs: 63ec564c588058369499638dd899e05b -> 
  custom:scripting/monoscript/fileName/TMP_ExampleScript_01.cs: a9d4be556104ff54e7d240529b3e01dc -> 
  custom:video-decoder-ogg-theora: a1e56fd34408186e4bbccfd4996cb3dc -> 
  custom:scripting/monoscript/fileName/TMP_TextEventCheck.cs: 13505d917eab5868c435e0c2986dadfa -> 
  custom:scripting/monoscript/fileName/TMP_TextSelector_B.cs: ba2be21a7486d37b1011342977a2e49d -> 
  custom:scripting/monoscript/fileName/Benchmark01.cs: 2d3e2cd961730ab95f139a49a673bace -> 
  custom:scripting/monoscript/fileName/NewBehaviourScript.cs: b21687ddb03d73bd9f0c1daecb9714de -> 
  custom:scripting/monoscript/fileName/Benchmark02.cs: 5640963252ce70910e726415f869ced6 -> 
  custom:scripting/monoscript/fileName/DropdownSample.cs: 0a92251794e5f10400149f96c3c59e5d -> 
  custom:scripting/monoscript/fileName/WarpTextExample.cs: 2663459c266363641981c7d17b698d7f -> 
  custom:CustomObjectIndexerAttribute: 9a22284fe3817be447336de3de66b15e -> 
  custom:container-demuxer-webm: 4f35f7cbe854078d1ac9338744f61a02 -> 
  custom:scripting/monoscript/fileName/ChatController.cs: 876d5ccae6e345dd5d9450eb0a748f16 -> 
  custom:scripting/monoscript/fileName/TextMeshSpawner.cs: 76f28e2ddb031571e6ec62b018f65fa8 -> 
  custom:scripting/monoscript/fileName/TeleType.cs: 31fa97821c4c70f157ec81d507aa6b62 -> 
  custom:scripting/monoscript/fileName/Benchmark04.cs: 32220b148620e52aa81c13a114862bf4 -> 
  custom:scripting/monoscript/fileName/TextMove.cs: fbecd3f268374313100fa014bdf91c18 -> 
  custom:container-muxer-webm: aa71ff27fc2769a1b78a27578f13a17b -> 
  custom:video-decoder-webm-vp8: 9c59270c3fd7afecdb556c50c9e8de78 -> 
  custom:scripting/monoscript/fileName/TMP_PhoneNumberValidator.cs: 7c3049f481e464c6a9a15dee56c3126f -> 
  custom:SearchIndexIgnoredProperties: e643bd26f0fe6173181afceb89e7c659 -> 
  custom:AudioImporter_EditorPlatform: 3918e3fc78b5a79bad01e8451be0beb8 -> 
  custom:scripting/monoscript/fileName/EnvMapAnimator.cs: 1b4f61c17e4b7283c3ac351aacff9d26 -> 
  custom:scripting/monoscript/fileName/ShaderPropAnimator.cs: 55ce425812446482e623ff2695c94cb2 -> 
  custom:scripting/monoscript/fileName/SimpleScript.cs: 454caab0c6c050f29b39d82e1d66d0fa -> 
  custom:scripting/monoscript/fileName/ObjectSpin.cs: 2b96bb2079dd7fa5108d981627a28e1e -> 
  custom:scripting/monoscript/fileName/DojoMove.cs: f8c6c934a3065aa4afaead1f80b93146 -> 
  custom:scripting/monoscript/fileName/CameraController.cs: 34b6be4e23ce86dc89786916c5983296 -> 
  custom:scripting/monoscript/fileName/TMP_TextInfoDebugTool.cs: 3f1709cfb2cc628169113a35b5e9be3f -> 
  custom:framework-osx-AVFoundation: e770b220cccbd017edd2c1fefb359320 -> 
  custom:scripting/monoscript/fileName/TMP_TextSelector_A.cs: 347309a09d56e367b188a6978f75b424 -> 
  custom:video-encoder-webm-vp8: eb34c28f22e8b96e1ab97ce403110664 -> 
  custom:audio-decoder-ogg-vorbis: bf7c407c2cedff20999df2af8eb42d56 -> 
  custom:scripting/monoscript/fileName/VertexJitter.cs: d27eb5498e48714a66aece98da065133 -> 
  custom:scripting/monoscript/fileName/TextConsoleSimulator.cs: 33fc311abb20b5b0ed8f00e4d86b574e -> 
  custom:scripting/monoscript/fileName/VertexColorCycler.cs: 5f984ca91cf3609293aecc6bc5641572 -> 
  custom:scripting/monoscript/fileName/TMP_FrameRateCounter.cs: 46f655df8cb483ac5958307137b1585a -> 
  custom:scripting/monoscript/fileName/VertexShakeB.cs: a6f78c4fcda1a29a1a1c1baefedba9e7 -> 
  custom:scripting/monoscript/fileName/TMP_UiFrameRateCounter.cs: b01021aea19247f14a98ab338907956a -> 
  custom:scripting/monoscript/fileName/TMPro_InstructionOverlay.cs: b626d2270e6ebd5c4311585c18b58d8d -> 
  custom:scripting/monoscript/fileName/TMP_DigitValidator.cs: ac02af96215ae3951a3cce9e1a8c6085 -> 
  custom:audio-encoder-webm-vorbis: bf7c407c2cedff20999df2af8eb42d56 -> 
  custom:scripting/monoscript/fileName/Benchmark01_UGUI.cs: 6148cfe2627b7708298f301788144139 -> 
  custom:scripting/monoscript/fileName/MusicManager.cs: 1f7d0f3015795540ecee058a7a3ae174 -> 
  custom:scripting/precompiled-assembly-types:Assembly-CSharp: c8a5404c60ded555a219ed6350501a26 -> 6032c0c933c699fe27c13914a3aaee66
  custom:scripting/monoscript/fileName/Benchmark03.cs: 17cc87e0529ac71d909a946afb47a274 -> 
========================================================================
Received Prepare
Caller must complete domain reload
Begin MonoManager ReloadAssembly
Thread 0x16dd5f000 may have been prematurely finalized
- Loaded All Assemblies, in  0.245 seconds
Native extension for WindowsStandalone target not found
Native extension for OSXStandalone target not found
Mono: successfully reloaded assembly
- Finished resetting the current domain, in  0.565 seconds
Domain Reload Profiling: 810ms
	BeginReloadAssembly (77ms)
		ExecutionOrderSort (0ms)
		DisableScriptedObjects (3ms)
		BackupInstance (0ms)
		ReleaseScriptingObjects (0ms)
		CreateAndSetChildDomain (25ms)
	RebuildCommonClasses (22ms)
	RebuildNativeTypeToScriptingClass (8ms)
	initialDomainReloadingComplete (12ms)
	LoadAllAssembliesAndSetupDomain (126ms)
		LoadAssemblies (137ms)
		RebuildTransferFunctionScriptingTraits (0ms)
		AnalyzeDomain (17ms)
			TypeCache.Refresh (8ms)
				TypeCache.ScanAssembly (1ms)
			ScanForSourceGeneratedMonoScriptInfo (5ms)
			ResolveRequiredComponents (3ms)
	FinalizeReload (565ms)
		ReleaseScriptCaches (0ms)
		RebuildScriptCaches (0ms)
		SetupLoadedEditorAssemblies (194ms)
			LogAssemblyErrors (0ms)
			InitializePlatformSupportModulesInManaged (3ms)
			SetLoadedEditorAssemblies (2ms)
			RefreshPlugins (0ms)
			BeforeProcessingInitializeOnLoad (28ms)
			ProcessInitializeOnLoadAttributes (149ms)
			ProcessInitializeOnLoadMethodAttributes (10ms)
			AfterProcessingInitializeOnLoad (1ms)
			EditorAssembliesLoaded (0ms)
		ExecutionOrderSort2 (0ms)
		AwakeInstancesAfterBackupRestoration (2ms)
Refreshing native plugins compatible for Editor in 0.72 ms, found 3 plugins.
Preloading 0 native plugins for Editor in 0.00 ms.
Unloading 3007 Unused Serialized files (Serialized files now loaded: 0)
Unloading 25 unused Assets / (0.5 MB). Loaded Objects now: 3706.
Memory consumption went from 451.4 MB to 450.8 MB.
Total: 2.401958 ms (FindLiveObjects: 0.127584 ms CreateObjectMapping: 0.057666 ms MarkObjects: 2.017583 ms  DeleteObjects: 0.198792 ms)

Prepare: number of updated asset objects reloaded= 0
AssetImportParameters requested are different than current active one (requested -> active):
  custom:scripting/monoscript/fileName/SkewTextExample.cs: c142d02d70a129e0533975f7c2f96956 -> 
  custom:container-demuxer-ogg: 62fdf1f143b41e24485cea50d1cbac27 -> 
  custom:scripting/monoscript/fileName/TMP_TextEventHandler.cs: f5cd9d5a43bfefc8f4fec80e6de896a4 -> 
  custom:scripting/monoscript/fileName/TextMeshProFloatingText.cs: 92608fa4a6315cd0786d82205e77b697 -> 
  custom:scripting/monoscript/fileName/VertexZoom.cs: 650ab1e81d40126e3edcf737cce646e4 -> 
  custom:scripting/monoscript/fileName/PressSpaceHandler.cs: 799694d584b6dc4a89e3e3e12c299a26 -> 
  custom:scripting/monoscript/fileName/VertexShakeA.cs: 63ec564c588058369499638dd899e05b -> 
  custom:scripting/monoscript/fileName/TMP_ExampleScript_01.cs: a9d4be556104ff54e7d240529b3e01dc -> 
  custom:video-decoder-ogg-theora: a1e56fd34408186e4bbccfd4996cb3dc -> 
  custom:scripting/monoscript/fileName/TMP_TextEventCheck.cs: 13505d917eab5868c435e0c2986dadfa -> 
  custom:scripting/monoscript/fileName/TMP_TextSelector_B.cs: ba2be21a7486d37b1011342977a2e49d -> 
  custom:scripting/monoscript/fileName/Benchmark01.cs: 2d3e2cd961730ab95f139a49a673bace -> 
  custom:scripting/monoscript/fileName/NewBehaviourScript.cs: b21687ddb03d73bd9f0c1daecb9714de -> 
  custom:scripting/monoscript/fileName/Benchmark02.cs: 5640963252ce70910e726415f869ced6 -> 
  custom:scripting/monoscript/fileName/DropdownSample.cs: 0a92251794e5f10400149f96c3c59e5d -> 
  custom:scripting/monoscript/fileName/WarpTextExample.cs: 2663459c266363641981c7d17b698d7f -> 
  custom:CustomObjectIndexerAttribute: 9a22284fe3817be447336de3de66b15e -> 
  custom:container-demuxer-webm: 4f35f7cbe854078d1ac9338744f61a02 -> 
  custom:scripting/monoscript/fileName/ChatController.cs: 876d5ccae6e345dd5d9450eb0a748f16 -> 
  custom:scripting/monoscript/fileName/TextMeshSpawner.cs: 76f28e2ddb031571e6ec62b018f65fa8 -> 
  custom:scripting/monoscript/fileName/TeleType.cs: 31fa97821c4c70f157ec81d507aa6b62 -> 
  custom:scripting/monoscript/fileName/Benchmark04.cs: 32220b148620e52aa81c13a114862bf4 -> 
  custom:scripting/monoscript/fileName/TextMove.cs: fbecd3f268374313100fa014bdf91c18 -> 
  custom:container-muxer-webm: aa71ff27fc2769a1b78a27578f13a17b -> 
  custom:video-decoder-webm-vp8: 9c59270c3fd7afecdb556c50c9e8de78 -> 
  custom:scripting/monoscript/fileName/TMP_PhoneNumberValidator.cs: 7c3049f481e464c6a9a15dee56c3126f -> 
  custom:SearchIndexIgnoredProperties: e643bd26f0fe6173181afceb89e7c659 -> 
  custom:AudioImporter_EditorPlatform: 3918e3fc78b5a79bad01e8451be0beb8 -> 
  custom:scripting/monoscript/fileName/EnvMapAnimator.cs: 1b4f61c17e4b7283c3ac351aacff9d26 -> 
  custom:scripting/monoscript/fileName/ShaderPropAnimator.cs: 55ce425812446482e623ff2695c94cb2 -> 
  custom:scripting/monoscript/fileName/SimpleScript.cs: 454caab0c6c050f29b39d82e1d66d0fa -> 
  custom:scripting/monoscript/fileName/ObjectSpin.cs: 2b96bb2079dd7fa5108d981627a28e1e -> 
  custom:scripting/monoscript/fileName/DojoMove.cs: f8c6c934a3065aa4afaead1f80b93146 -> 
  custom:scripting/monoscript/fileName/CameraController.cs: 34b6be4e23ce86dc89786916c5983296 -> 
  custom:scripting/monoscript/fileName/TMP_TextInfoDebugTool.cs: 3f1709cfb2cc628169113a35b5e9be3f -> 
  custom:framework-osx-AVFoundation: e770b220cccbd017edd2c1fefb359320 -> 
  custom:scripting/monoscript/fileName/TMP_TextSelector_A.cs: 347309a09d56e367b188a6978f75b424 -> 
  custom:video-encoder-webm-vp8: eb34c28f22e8b96e1ab97ce403110664 -> 
  custom:audio-decoder-ogg-vorbis: bf7c407c2cedff20999df2af8eb42d56 -> 
  custom:scripting/monoscript/fileName/VertexJitter.cs: d27eb5498e48714a66aece98da065133 -> 
  custom:scripting/monoscript/fileName/TextConsoleSimulator.cs: 33fc311abb20b5b0ed8f00e4d86b574e -> 
  custom:scripting/monoscript/fileName/VertexColorCycler.cs: 5f984ca91cf3609293aecc6bc5641572 -> 
  custom:scripting/monoscript/fileName/TMP_FrameRateCounter.cs: 46f655df8cb483ac5958307137b1585a -> 
  custom:scripting/monoscript/fileName/VertexShakeB.cs: a6f78c4fcda1a29a1a1c1baefedba9e7 -> 
  custom:scripting/monoscript/fileName/TMP_UiFrameRateCounter.cs: b01021aea19247f14a98ab338907956a -> 
  custom:scripting/monoscript/fileName/TMPro_InstructionOverlay.cs: b626d2270e6ebd5c4311585c18b58d8d -> 
  custom:scripting/monoscript/fileName/TMP_DigitValidator.cs: ac02af96215ae3951a3cce9e1a8c6085 -> 
  custom:audio-encoder-webm-vorbis: bf7c407c2cedff20999df2af8eb42d56 -> 
  custom:scripting/monoscript/fileName/Benchmark01_UGUI.cs: 6148cfe2627b7708298f301788144139 -> 
  custom:scripting/monoscript/fileName/MusicManager.cs: 1f7d0f3015795540ecee058a7a3ae174 -> 
  custom:scripting/precompiled-assembly-types:Assembly-CSharp: c8a5404c60ded555a219ed6350501a26 -> 6032c0c933c699fe27c13914a3aaee66
  custom:scripting/monoscript/fileName/Benchmark03.cs: 17cc87e0529ac71d909a946afb47a274 -> 
========================================================================
Received Prepare
Caller must complete domain reload
Begin MonoManager ReloadAssembly
Thread 0x16dd5f000 may have been prematurely finalized
- Loaded All Assemblies, in  0.215 seconds
Native extension for WindowsStandalone target not found
Native extension for OSXStandalone target not found
Mono: successfully reloaded assembly
- Finished resetting the current domain, in  0.340 seconds
Domain Reload Profiling: 555ms
	BeginReloadAssembly (71ms)
		ExecutionOrderSort (0ms)
		DisableScriptedObjects (3ms)
		BackupInstance (0ms)
		ReleaseScriptingObjects (0ms)
		CreateAndSetChildDomain (22ms)
	RebuildCommonClasses (21ms)
	RebuildNativeTypeToScriptingClass (8ms)
	initialDomainReloadingComplete (12ms)
	LoadAllAssembliesAndSetupDomain (102ms)
		LoadAssemblies (118ms)
		RebuildTransferFunctionScriptingTraits (0ms)
		AnalyzeDomain (11ms)
			TypeCache.Refresh (6ms)
				TypeCache.ScanAssembly (0ms)
			ScanForSourceGeneratedMonoScriptInfo (0ms)
			ResolveRequiredComponents (4ms)
	FinalizeReload (341ms)
		ReleaseScriptCaches (0ms)
		RebuildScriptCaches (0ms)
		SetupLoadedEditorAssemblies (199ms)
			LogAssemblyErrors (0ms)
			InitializePlatformSupportModulesInManaged (3ms)
			SetLoadedEditorAssemblies (2ms)
			RefreshPlugins (0ms)
			BeforeProcessingInitializeOnLoad (29ms)
			ProcessInitializeOnLoadAttributes (152ms)
			ProcessInitializeOnLoadMethodAttributes (11ms)
			AfterProcessingInitializeOnLoad (1ms)
			EditorAssembliesLoaded (0ms)
		ExecutionOrderSort2 (0ms)
		AwakeInstancesAfterBackupRestoration (2ms)
Refreshing native plugins compatible for Editor in 0.74 ms, found 3 plugins.
Preloading 0 native plugins for Editor in 0.00 ms.
Unloading 3007 Unused Serialized files (Serialized files now loaded: 0)
Unloading 25 unused Assets / (0.6 MB). Loaded Objects now: 3709.
Memory consumption went from 456.5 MB to 455.9 MB.
Total: 2.374250 ms (FindLiveObjects: 0.124375 ms CreateObjectMapping: 0.048500 ms MarkObjects: 2.003958 ms  DeleteObjects: 0.196792 ms)

Prepare: number of updated asset objects reloaded= 0
AssetImportParameters requested are different than current active one (requested -> active):
  custom:scripting/monoscript/fileName/SkewTextExample.cs: c142d02d70a129e0533975f7c2f96956 -> 
  custom:container-demuxer-ogg: 62fdf1f143b41e24485cea50d1cbac27 -> 
  custom:scripting/monoscript/fileName/TMP_TextEventHandler.cs: f5cd9d5a43bfefc8f4fec80e6de896a4 -> 
  custom:scripting/monoscript/fileName/TextMeshProFloatingText.cs: 92608fa4a6315cd0786d82205e77b697 -> 
  custom:scripting/monoscript/fileName/VertexZoom.cs: 650ab1e81d40126e3edcf737cce646e4 -> 
  custom:scripting/monoscript/fileName/PressSpaceHandler.cs: 799694d584b6dc4a89e3e3e12c299a26 -> 
  custom:scripting/monoscript/fileName/VertexShakeA.cs: 63ec564c588058369499638dd899e05b -> 
  custom:scripting/monoscript/fileName/TMP_ExampleScript_01.cs: a9d4be556104ff54e7d240529b3e01dc -> 
  custom:video-decoder-ogg-theora: a1e56fd34408186e4bbccfd4996cb3dc -> 
  custom:scripting/monoscript/fileName/TMP_TextEventCheck.cs: 13505d917eab5868c435e0c2986dadfa -> 
  custom:scripting/monoscript/fileName/TMP_TextSelector_B.cs: ba2be21a7486d37b1011342977a2e49d -> 
  custom:scripting/monoscript/fileName/Benchmark01.cs: 2d3e2cd961730ab95f139a49a673bace -> 
  custom:scripting/monoscript/fileName/NewBehaviourScript.cs: b21687ddb03d73bd9f0c1daecb9714de -> 
  custom:scripting/monoscript/fileName/Benchmark02.cs: 5640963252ce70910e726415f869ced6 -> 
  custom:scripting/monoscript/fileName/DropdownSample.cs: 0a92251794e5f10400149f96c3c59e5d -> 
  custom:scripting/monoscript/fileName/WarpTextExample.cs: 2663459c266363641981c7d17b698d7f -> 
  custom:CustomObjectIndexerAttribute: 9a22284fe3817be447336de3de66b15e -> 
  custom:container-demuxer-webm: 4f35f7cbe854078d1ac9338744f61a02 -> 
  custom:scripting/monoscript/fileName/ChatController.cs: 876d5ccae6e345dd5d9450eb0a748f16 -> 
  custom:scripting/monoscript/fileName/TextMeshSpawner.cs: 76f28e2ddb031571e6ec62b018f65fa8 -> 
  custom:scripting/monoscript/fileName/TeleType.cs: 31fa97821c4c70f157ec81d507aa6b62 -> 
  custom:scripting/monoscript/fileName/Benchmark04.cs: 32220b148620e52aa81c13a114862bf4 -> 
  custom:scripting/monoscript/fileName/TextMove.cs: fbecd3f268374313100fa014bdf91c18 -> 
  custom:container-muxer-webm: aa71ff27fc2769a1b78a27578f13a17b -> 
  custom:video-decoder-webm-vp8: 9c59270c3fd7afecdb556c50c9e8de78 -> 
  custom:scripting/monoscript/fileName/TMP_PhoneNumberValidator.cs: 7c3049f481e464c6a9a15dee56c3126f -> 
  custom:SearchIndexIgnoredProperties: e643bd26f0fe6173181afceb89e7c659 -> 
  custom:AudioImporter_EditorPlatform: 3918e3fc78b5a79bad01e8451be0beb8 -> 
  custom:scripting/monoscript/fileName/EnvMapAnimator.cs: 1b4f61c17e4b7283c3ac351aacff9d26 -> 
  custom:scripting/monoscript/fileName/ShaderPropAnimator.cs: 55ce425812446482e623ff2695c94cb2 -> 
  custom:scripting/monoscript/fileName/SimpleScript.cs: 454caab0c6c050f29b39d82e1d66d0fa -> 
  custom:scripting/monoscript/fileName/ObjectSpin.cs: 2b96bb2079dd7fa5108d981627a28e1e -> 
  custom:scripting/monoscript/fileName/DojoMove.cs: f8c6c934a3065aa4afaead1f80b93146 -> 
  custom:scripting/monoscript/fileName/CameraController.cs: 34b6be4e23ce86dc89786916c5983296 -> 
  custom:scripting/monoscript/fileName/TMP_TextInfoDebugTool.cs: 3f1709cfb2cc628169113a35b5e9be3f -> 
  custom:framework-osx-AVFoundation: e770b220cccbd017edd2c1fefb359320 -> 
  custom:scripting/monoscript/fileName/TMP_TextSelector_A.cs: 347309a09d56e367b188a6978f75b424 -> 
  custom:video-encoder-webm-vp8: eb34c28f22e8b96e1ab97ce403110664 -> 
  custom:audio-decoder-ogg-vorbis: bf7c407c2cedff20999df2af8eb42d56 -> 
  custom:scripting/monoscript/fileName/VertexJitter.cs: d27eb5498e48714a66aece98da065133 -> 
  custom:scripting/monoscript/fileName/TextConsoleSimulator.cs: 33fc311abb20b5b0ed8f00e4d86b574e -> 
  custom:scripting/monoscript/fileName/VertexColorCycler.cs: 5f984ca91cf3609293aecc6bc5641572 -> 
  custom:scripting/monoscript/fileName/TMP_FrameRateCounter.cs: 46f655df8cb483ac5958307137b1585a -> 
  custom:scripting/monoscript/fileName/VertexShakeB.cs: a6f78c4fcda1a29a1a1c1baefedba9e7 -> 
  custom:scripting/monoscript/fileName/TMP_UiFrameRateCounter.cs: b01021aea19247f14a98ab338907956a -> 
  custom:scripting/monoscript/fileName/TMPro_InstructionOverlay.cs: b626d2270e6ebd5c4311585c18b58d8d -> 
  custom:scripting/monoscript/fileName/TMP_DigitValidator.cs: ac02af96215ae3951a3cce9e1a8c6085 -> 
  custom:audio-encoder-webm-vorbis: bf7c407c2cedff20999df2af8eb42d56 -> 
  custom:scripting/monoscript/fileName/Benchmark01_UGUI.cs: 6148cfe2627b7708298f301788144139 -> 
  custom:scripting/monoscript/fileName/MusicManager.cs: 1f7d0f3015795540ecee058a7a3ae174 -> 
  custom:scripting/precompiled-assembly-types:Assembly-CSharp: c8a5404c60ded555a219ed6350501a26 -> 6032c0c933c699fe27c13914a3aaee66
  custom:scripting/monoscript/fileName/Benchmark03.cs: 17cc87e0529ac71d909a946afb47a274 -> 
========================================================================
Received Prepare
Caller must complete domain reload
Begin MonoManager ReloadAssembly
Thread 0x16dd5f000 may have been prematurely finalized
- Loaded All Assemblies, in  0.228 seconds
Native extension for WindowsStandalone target not found
Native extension for OSXStandalone target not found
Mono: successfully reloaded assembly
- Finished resetting the current domain, in  0.569 seconds
Domain Reload Profiling: 797ms
	BeginReloadAssembly (75ms)
		ExecutionOrderSort (0ms)
		DisableScriptedObjects (3ms)
		BackupInstance (0ms)
		ReleaseScriptingObjects (0ms)
		CreateAndSetChildDomain (23ms)
	RebuildCommonClasses (22ms)
	RebuildNativeTypeToScriptingClass (8ms)
	initialDomainReloadingComplete (13ms)
	LoadAllAssembliesAndSetupDomain (110ms)
		LoadAssemblies (123ms)
		RebuildTransferFunctionScriptingTraits (0ms)
		AnalyzeDomain (16ms)
			TypeCache.Refresh (7ms)
				TypeCache.ScanAssembly (1ms)
			ScanForSourceGeneratedMonoScriptInfo (4ms)
			ResolveRequiredComponents (3ms)
	FinalizeReload (569ms)
		ReleaseScriptCaches (0ms)
		RebuildScriptCaches (0ms)
		SetupLoadedEditorAssemblies (197ms)
			LogAssemblyErrors (0ms)
			InitializePlatformSupportModulesInManaged (3ms)
			SetLoadedEditorAssemblies (2ms)
			RefreshPlugins (0ms)
			BeforeProcessingInitializeOnLoad (28ms)
			ProcessInitializeOnLoadAttributes (151ms)
			ProcessInitializeOnLoadMethodAttributes (11ms)
			AfterProcessingInitializeOnLoad (1ms)
			EditorAssembliesLoaded (0ms)
		ExecutionOrderSort2 (0ms)
		AwakeInstancesAfterBackupRestoration (2ms)
Refreshing native plugins compatible for Editor in 0.73 ms, found 3 plugins.
Preloading 0 native plugins for Editor in 0.00 ms.
Unloading 3007 Unused Serialized files (Serialized files now loaded: 0)
Unloading 25 unused Assets / (0.5 MB). Loaded Objects now: 3712.
Memory consumption went from 461.6 MB to 461.0 MB.
Total: 2.436292 ms (FindLiveObjects: 0.125291 ms CreateObjectMapping: 0.047917 ms MarkObjects: 2.052834 ms  DeleteObjects: 0.209667 ms)

Prepare: number of updated asset objects reloaded= 0
AssetImportParameters requested are different than current active one (requested -> active):
  custom:scripting/monoscript/fileName/SkewTextExample.cs: c142d02d70a129e0533975f7c2f96956 -> 
  custom:container-demuxer-ogg: 62fdf1f143b41e24485cea50d1cbac27 -> 
  custom:scripting/monoscript/fileName/TMP_TextEventHandler.cs: f5cd9d5a43bfefc8f4fec80e6de896a4 -> 
  custom:scripting/monoscript/fileName/TextMeshProFloatingText.cs: 92608fa4a6315cd0786d82205e77b697 -> 
  custom:scripting/monoscript/fileName/VertexZoom.cs: 650ab1e81d40126e3edcf737cce646e4 -> 
  custom:scripting/monoscript/fileName/PressSpaceHandler.cs: 799694d584b6dc4a89e3e3e12c299a26 -> 
  custom:scripting/monoscript/fileName/VertexShakeA.cs: 63ec564c588058369499638dd899e05b -> 
  custom:scripting/monoscript/fileName/TMP_ExampleScript_01.cs: a9d4be556104ff54e7d240529b3e01dc -> 
  custom:video-decoder-ogg-theora: a1e56fd34408186e4bbccfd4996cb3dc -> 
  custom:scripting/monoscript/fileName/TMP_TextEventCheck.cs: 13505d917eab5868c435e0c2986dadfa -> 
  custom:scripting/monoscript/fileName/TMP_TextSelector_B.cs: ba2be21a7486d37b1011342977a2e49d -> 
  custom:scripting/monoscript/fileName/Benchmark01.cs: 2d3e2cd961730ab95f139a49a673bace -> 
  custom:scripting/monoscript/fileName/NewBehaviourScript.cs: b21687ddb03d73bd9f0c1daecb9714de -> 
  custom:scripting/monoscript/fileName/Benchmark02.cs: 5640963252ce70910e726415f869ced6 -> 
  custom:scripting/monoscript/fileName/DropdownSample.cs: 0a92251794e5f10400149f96c3c59e5d -> 
  custom:scripting/monoscript/fileName/WarpTextExample.cs: 2663459c266363641981c7d17b698d7f -> 
  custom:CustomObjectIndexerAttribute: 9a22284fe3817be447336de3de66b15e -> 
  custom:container-demuxer-webm: 4f35f7cbe854078d1ac9338744f61a02 -> 
  custom:scripting/monoscript/fileName/ChatController.cs: 876d5ccae6e345dd5d9450eb0a748f16 -> 
  custom:scripting/monoscript/fileName/TextMeshSpawner.cs: 76f28e2ddb031571e6ec62b018f65fa8 -> 
  custom:scripting/monoscript/fileName/TeleType.cs: 31fa97821c4c70f157ec81d507aa6b62 -> 
  custom:scripting/monoscript/fileName/Benchmark04.cs: 32220b148620e52aa81c13a114862bf4 -> 
  custom:scripting/monoscript/fileName/TextMove.cs: fbecd3f268374313100fa014bdf91c18 -> 
  custom:container-muxer-webm: aa71ff27fc2769a1b78a27578f13a17b -> 
  custom:video-decoder-webm-vp8: 9c59270c3fd7afecdb556c50c9e8de78 -> 
  custom:scripting/monoscript/fileName/TMP_PhoneNumberValidator.cs: 7c3049f481e464c6a9a15dee56c3126f -> 
  custom:SearchIndexIgnoredProperties: e643bd26f0fe6173181afceb89e7c659 -> 
  custom:AudioImporter_EditorPlatform: 3918e3fc78b5a79bad01e8451be0beb8 -> 
  custom:scripting/monoscript/fileName/EnvMapAnimator.cs: 1b4f61c17e4b7283c3ac351aacff9d26 -> 
  custom:scripting/monoscript/fileName/ShaderPropAnimator.cs: 55ce425812446482e623ff2695c94cb2 -> 
  custom:scripting/monoscript/fileName/SimpleScript.cs: 454caab0c6c050f29b39d82e1d66d0fa -> 
  custom:scripting/monoscript/fileName/ObjectSpin.cs: 2b96bb2079dd7fa5108d981627a28e1e -> 
  custom:scripting/monoscript/fileName/DojoMove.cs: f8c6c934a3065aa4afaead1f80b93146 -> 
  custom:scripting/monoscript/fileName/CameraController.cs: 34b6be4e23ce86dc89786916c5983296 -> 
  custom:scripting/monoscript/fileName/TMP_TextInfoDebugTool.cs: 3f1709cfb2cc628169113a35b5e9be3f -> 
  custom:framework-osx-AVFoundation: e770b220cccbd017edd2c1fefb359320 -> 
  custom:scripting/monoscript/fileName/TMP_TextSelector_A.cs: 347309a09d56e367b188a6978f75b424 -> 
  custom:video-encoder-webm-vp8: eb34c28f22e8b96e1ab97ce403110664 -> 
  custom:audio-decoder-ogg-vorbis: bf7c407c2cedff20999df2af8eb42d56 -> 
  custom:scripting/monoscript/fileName/VertexJitter.cs: d27eb5498e48714a66aece98da065133 -> 
  custom:scripting/monoscript/fileName/TextConsoleSimulator.cs: 33fc311abb20b5b0ed8f00e4d86b574e -> 
  custom:scripting/monoscript/fileName/VertexColorCycler.cs: 5f984ca91cf3609293aecc6bc5641572 -> 
  custom:scripting/monoscript/fileName/TMP_FrameRateCounter.cs: 46f655df8cb483ac5958307137b1585a -> 
  custom:scripting/monoscript/fileName/VertexShakeB.cs: a6f78c4fcda1a29a1a1c1baefedba9e7 -> 
  custom:scripting/monoscript/fileName/TMP_UiFrameRateCounter.cs: b01021aea19247f14a98ab338907956a -> 
  custom:scripting/monoscript/fileName/TMPro_InstructionOverlay.cs: b626d2270e6ebd5c4311585c18b58d8d -> 
  custom:scripting/monoscript/fileName/TMP_DigitValidator.cs: ac02af96215ae3951a3cce9e1a8c6085 -> 
  custom:audio-encoder-webm-vorbis: bf7c407c2cedff20999df2af8eb42d56 -> 
  custom:scripting/monoscript/fileName/Benchmark01_UGUI.cs: 6148cfe2627b7708298f301788144139 -> 
  custom:scripting/monoscript/fileName/MusicManager.cs: 1f7d0f3015795540ecee058a7a3ae174 -> 
  custom:scripting/precompiled-assembly-types:Assembly-CSharp: c8a5404c60ded555a219ed6350501a26 -> 6032c0c933c699fe27c13914a3aaee66
  custom:scripting/monoscript/fileName/Benchmark03.cs: 17cc87e0529ac71d909a946afb47a274 -> 
========================================================================
Received Prepare
Caller must complete domain reload
Begin MonoManager ReloadAssembly
Thread 0x17fdb3000 may have been prematurely finalized
- Loaded All Assemblies, in  0.216 seconds
Native extension for WindowsStandalone target not found
Native extension for OSXStandalone target not found
Mono: successfully reloaded assembly
- Finished resetting the current domain, in  0.339 seconds
Domain Reload Profiling: 555ms
	BeginReloadAssembly (72ms)
		ExecutionOrderSort (0ms)
		DisableScriptedObjects (3ms)
		BackupInstance (0ms)
		ReleaseScriptingObjects (0ms)
		CreateAndSetChildDomain (22ms)
	RebuildCommonClasses (21ms)
	RebuildNativeTypeToScriptingClass (8ms)
	initialDomainReloadingComplete (12ms)
	LoadAllAssembliesAndSetupDomain (103ms)
		LoadAssemblies (120ms)
		RebuildTransferFunctionScriptingTraits (0ms)
		AnalyzeDomain (10ms)
			TypeCache.Refresh (6ms)
				TypeCache.ScanAssembly (0ms)
			ScanForSourceGeneratedMonoScriptInfo (0ms)
			ResolveRequiredComponents (3ms)
	FinalizeReload (339ms)
		ReleaseScriptCaches (0ms)
		RebuildScriptCaches (0ms)
		SetupLoadedEditorAssemblies (199ms)
			LogAssemblyErrors (0ms)
			InitializePlatformSupportModulesInManaged (3ms)
			SetLoadedEditorAssemblies (3ms)
			RefreshPlugins (0ms)
			BeforeProcessingInitializeOnLoad (29ms)
			ProcessInitializeOnLoadAttributes (152ms)
			ProcessInitializeOnLoadMethodAttributes (12ms)
			AfterProcessingInitializeOnLoad (1ms)
			EditorAssembliesLoaded (0ms)
		ExecutionOrderSort2 (0ms)
		AwakeInstancesAfterBackupRestoration (2ms)
Refreshing native plugins compatible for Editor in 0.73 ms, found 3 plugins.
Preloading 0 native plugins for Editor in 0.00 ms.
Unloading 3007 Unused Serialized files (Serialized files now loaded: 0)
Unloading 25 unused Assets / (0.6 MB). Loaded Objects now: 3715.
Memory consumption went from 466.7 MB to 466.2 MB.
Total: 2.356334 ms (FindLiveObjects: 0.127292 ms CreateObjectMapping: 0.047333 ms MarkObjects: 1.970041 ms  DeleteObjects: 0.211042 ms)

Prepare: number of updated asset objects reloaded= 0
AssetImportParameters requested are different than current active one (requested -> active):
  custom:scripting/monoscript/fileName/SkewTextExample.cs: c142d02d70a129e0533975f7c2f96956 -> 
  custom:container-demuxer-ogg: 62fdf1f143b41e24485cea50d1cbac27 -> 
  custom:scripting/monoscript/fileName/TMP_TextEventHandler.cs: f5cd9d5a43bfefc8f4fec80e6de896a4 -> 
  custom:scripting/monoscript/fileName/TextMeshProFloatingText.cs: 92608fa4a6315cd0786d82205e77b697 -> 
  custom:scripting/monoscript/fileName/VertexZoom.cs: 650ab1e81d40126e3edcf737cce646e4 -> 
  custom:scripting/monoscript/fileName/PressSpaceHandler.cs: 799694d584b6dc4a89e3e3e12c299a26 -> 
  custom:scripting/monoscript/fileName/VertexShakeA.cs: 63ec564c588058369499638dd899e05b -> 
  custom:scripting/monoscript/fileName/TMP_ExampleScript_01.cs: a9d4be556104ff54e7d240529b3e01dc -> 
  custom:video-decoder-ogg-theora: a1e56fd34408186e4bbccfd4996cb3dc -> 
  custom:scripting/monoscript/fileName/TMP_TextEventCheck.cs: 13505d917eab5868c435e0c2986dadfa -> 
  custom:scripting/monoscript/fileName/TMP_TextSelector_B.cs: ba2be21a7486d37b1011342977a2e49d -> 
  custom:scripting/monoscript/fileName/Benchmark01.cs: 2d3e2cd961730ab95f139a49a673bace -> 
  custom:scripting/monoscript/fileName/NewBehaviourScript.cs: b21687ddb03d73bd9f0c1daecb9714de -> 
  custom:scripting/monoscript/fileName/Benchmark02.cs: 5640963252ce70910e726415f869ced6 -> 
  custom:scripting/monoscript/fileName/DropdownSample.cs: 0a92251794e5f10400149f96c3c59e5d -> 
  custom:scripting/monoscript/fileName/WarpTextExample.cs: 2663459c266363641981c7d17b698d7f -> 
  custom:CustomObjectIndexerAttribute: 9a22284fe3817be447336de3de66b15e -> 
  custom:container-demuxer-webm: 4f35f7cbe854078d1ac9338744f61a02 -> 
  custom:scripting/monoscript/fileName/ChatController.cs: 876d5ccae6e345dd5d9450eb0a748f16 -> 
  custom:scripting/monoscript/fileName/TextMeshSpawner.cs: 76f28e2ddb031571e6ec62b018f65fa8 -> 
  custom:scripting/monoscript/fileName/TeleType.cs: 31fa97821c4c70f157ec81d507aa6b62 -> 
  custom:scripting/monoscript/fileName/Benchmark04.cs: 32220b148620e52aa81c13a114862bf4 -> 
  custom:scripting/monoscript/fileName/TextMove.cs: fbecd3f268374313100fa014bdf91c18 -> 
  custom:container-muxer-webm: aa71ff27fc2769a1b78a27578f13a17b -> 
  custom:video-decoder-webm-vp8: 9c59270c3fd7afecdb556c50c9e8de78 -> 
  custom:scripting/monoscript/fileName/TMP_PhoneNumberValidator.cs: 7c3049f481e464c6a9a15dee56c3126f -> 
  custom:SearchIndexIgnoredProperties: e643bd26f0fe6173181afceb89e7c659 -> 
  custom:AudioImporter_EditorPlatform: 3918e3fc78b5a79bad01e8451be0beb8 -> 
  custom:scripting/monoscript/fileName/EnvMapAnimator.cs: 1b4f61c17e4b7283c3ac351aacff9d26 -> 
  custom:scripting/monoscript/fileName/ShaderPropAnimator.cs: 55ce425812446482e623ff2695c94cb2 -> 
  custom:scripting/monoscript/fileName/SimpleScript.cs: 454caab0c6c050f29b39d82e1d66d0fa -> 
  custom:scripting/monoscript/fileName/ObjectSpin.cs: 2b96bb2079dd7fa5108d981627a28e1e -> 
  custom:scripting/monoscript/fileName/DojoMove.cs: f8c6c934a3065aa4afaead1f80b93146 -> 
  custom:scripting/monoscript/fileName/CameraController.cs: 34b6be4e23ce86dc89786916c5983296 -> 
  custom:scripting/monoscript/fileName/TMP_TextInfoDebugTool.cs: 3f1709cfb2cc628169113a35b5e9be3f -> 
  custom:framework-osx-AVFoundation: e770b220cccbd017edd2c1fefb359320 -> 
  custom:scripting/monoscript/fileName/TMP_TextSelector_A.cs: 347309a09d56e367b188a6978f75b424 -> 
  custom:video-encoder-webm-vp8: eb34c28f22e8b96e1ab97ce403110664 -> 
  custom:audio-decoder-ogg-vorbis: bf7c407c2cedff20999df2af8eb42d56 -> 
  custom:scripting/monoscript/fileName/VertexJitter.cs: d27eb5498e48714a66aece98da065133 -> 
  custom:scripting/monoscript/fileName/TextConsoleSimulator.cs: 33fc311abb20b5b0ed8f00e4d86b574e -> 
  custom:scripting/monoscript/fileName/VertexColorCycler.cs: 5f984ca91cf3609293aecc6bc5641572 -> 
  custom:scripting/monoscript/fileName/TMP_FrameRateCounter.cs: 46f655df8cb483ac5958307137b1585a -> 
  custom:scripting/monoscript/fileName/VertexShakeB.cs: a6f78c4fcda1a29a1a1c1baefedba9e7 -> 
  custom:scripting/monoscript/fileName/TMP_UiFrameRateCounter.cs: b01021aea19247f14a98ab338907956a -> 
  custom:scripting/monoscript/fileName/TMPro_InstructionOverlay.cs: b626d2270e6ebd5c4311585c18b58d8d -> 
  custom:scripting/monoscript/fileName/TMP_DigitValidator.cs: ac02af96215ae3951a3cce9e1a8c6085 -> 
  custom:audio-encoder-webm-vorbis: bf7c407c2cedff20999df2af8eb42d56 -> 
  custom:scripting/monoscript/fileName/Benchmark01_UGUI.cs: 6148cfe2627b7708298f301788144139 -> 
  custom:scripting/monoscript/fileName/MusicManager.cs: 1f7d0f3015795540ecee058a7a3ae174 -> 
  custom:scripting/precompiled-assembly-types:Assembly-CSharp: c8a5404c60ded555a219ed6350501a26 -> 6032c0c933c699fe27c13914a3aaee66
  custom:scripting/monoscript/fileName/Benchmark03.cs: 17cc87e0529ac71d909a946afb47a274 -> 
========================================================================
Received Prepare
Caller must complete domain reload
Begin MonoManager ReloadAssembly
Thread 0x17fdb3000 may have been prematurely finalized
- Loaded All Assemblies, in  0.237 seconds
Native extension for WindowsStandalone target not found
Native extension for OSXStandalone target not found
Mono: successfully reloaded assembly
- Finished resetting the current domain, in  0.573 seconds
Domain Reload Profiling: 810ms
	BeginReloadAssembly (74ms)
		ExecutionOrderSort (0ms)
		DisableScriptedObjects (3ms)
		BackupInstance (0ms)
		ReleaseScriptingObjects (0ms)
		CreateAndSetChildDomain (22ms)
	RebuildCommonClasses (22ms)
	RebuildNativeTypeToScriptingClass (8ms)
	initialDomainReloadingComplete (12ms)
	LoadAllAssembliesAndSetupDomain (122ms)
		LoadAssemblies (131ms)
		RebuildTransferFunctionScriptingTraits (0ms)
		AnalyzeDomain (19ms)
			TypeCache.Refresh (7ms)
				TypeCache.ScanAssembly (1ms)
			ScanForSourceGeneratedMonoScriptInfo (5ms)
			ResolveRequiredComponents (4ms)
	FinalizeReload (573ms)
		ReleaseScriptCaches (0ms)
		RebuildScriptCaches (0ms)
		SetupLoadedEditorAssemblies (206ms)
			LogAssemblyErrors (0ms)
			InitializePlatformSupportModulesInManaged (4ms)
			SetLoadedEditorAssemblies (3ms)
			RefreshPlugins (0ms)
			BeforeProcessingInitializeOnLoad (29ms)
			ProcessInitializeOnLoadAttributes (158ms)
			ProcessInitializeOnLoadMethodAttributes (11ms)
			AfterProcessingInitializeOnLoad (1ms)
			EditorAssembliesLoaded (0ms)
		ExecutionOrderSort2 (0ms)
		AwakeInstancesAfterBackupRestoration (2ms)
Refreshing native plugins compatible for Editor in 0.78 ms, found 3 plugins.
Preloading 0 native plugins for Editor in 0.00 ms.
Unloading 3007 Unused Serialized files (Serialized files now loaded: 0)
Unloading 25 unused Assets / (0.5 MB). Loaded Objects now: 3718.
Memory consumption went from 471.8 MB to 471.3 MB.
Total: 2.314250 ms (FindLiveObjects: 0.126125 ms CreateObjectMapping: 0.048958 ms MarkObjects: 1.934750 ms  DeleteObjects: 0.203708 ms)

Prepare: number of updated asset objects reloaded= 0
AssetImportParameters requested are different than current active one (requested -> active):
  custom:scripting/monoscript/fileName/SkewTextExample.cs: c142d02d70a129e0533975f7c2f96956 -> 
  custom:container-demuxer-ogg: 62fdf1f143b41e24485cea50d1cbac27 -> 
  custom:scripting/monoscript/fileName/TMP_TextEventHandler.cs: f5cd9d5a43bfefc8f4fec80e6de896a4 -> 
  custom:scripting/monoscript/fileName/TextMeshProFloatingText.cs: 92608fa4a6315cd0786d82205e77b697 -> 
  custom:scripting/monoscript/fileName/VertexZoom.cs: 650ab1e81d40126e3edcf737cce646e4 -> 
  custom:scripting/monoscript/fileName/PressSpaceHandler.cs: 799694d584b6dc4a89e3e3e12c299a26 -> 
  custom:scripting/monoscript/fileName/VertexShakeA.cs: 63ec564c588058369499638dd899e05b -> 
  custom:scripting/monoscript/fileName/TMP_ExampleScript_01.cs: a9d4be556104ff54e7d240529b3e01dc -> 
  custom:video-decoder-ogg-theora: a1e56fd34408186e4bbccfd4996cb3dc -> 
  custom:scripting/monoscript/fileName/TMP_TextEventCheck.cs: 13505d917eab5868c435e0c2986dadfa -> 
  custom:scripting/monoscript/fileName/TMP_TextSelector_B.cs: ba2be21a7486d37b1011342977a2e49d -> 
  custom:scripting/monoscript/fileName/Benchmark01.cs: 2d3e2cd961730ab95f139a49a673bace -> 
  custom:scripting/monoscript/fileName/NewBehaviourScript.cs: b21687ddb03d73bd9f0c1daecb9714de -> 
  custom:scripting/monoscript/fileName/Benchmark02.cs: 5640963252ce70910e726415f869ced6 -> 
  custom:scripting/monoscript/fileName/DropdownSample.cs: 0a92251794e5f10400149f96c3c59e5d -> 
  custom:scripting/monoscript/fileName/WarpTextExample.cs: 2663459c266363641981c7d17b698d7f -> 
  custom:CustomObjectIndexerAttribute: 9a22284fe3817be447336de3de66b15e -> 
  custom:container-demuxer-webm: 4f35f7cbe854078d1ac9338744f61a02 -> 
  custom:scripting/monoscript/fileName/ChatController.cs: 876d5ccae6e345dd5d9450eb0a748f16 -> 
  custom:scripting/monoscript/fileName/TextMeshSpawner.cs: 76f28e2ddb031571e6ec62b018f65fa8 -> 
  custom:scripting/monoscript/fileName/TeleType.cs: 31fa97821c4c70f157ec81d507aa6b62 -> 
  custom:scripting/monoscript/fileName/Benchmark04.cs: 32220b148620e52aa81c13a114862bf4 -> 
  custom:scripting/monoscript/fileName/TextMove.cs: fbecd3f268374313100fa014bdf91c18 -> 
  custom:container-muxer-webm: aa71ff27fc2769a1b78a27578f13a17b -> 
  custom:video-decoder-webm-vp8: 9c59270c3fd7afecdb556c50c9e8de78 -> 
  custom:scripting/monoscript/fileName/TMP_PhoneNumberValidator.cs: 7c3049f481e464c6a9a15dee56c3126f -> 
  custom:SearchIndexIgnoredProperties: e643bd26f0fe6173181afceb89e7c659 -> 
  custom:AudioImporter_EditorPlatform: 3918e3fc78b5a79bad01e8451be0beb8 -> 
  custom:scripting/monoscript/fileName/EnvMapAnimator.cs: 1b4f61c17e4b7283c3ac351aacff9d26 -> 
  custom:scripting/monoscript/fileName/ShaderPropAnimator.cs: 55ce425812446482e623ff2695c94cb2 -> 
  custom:scripting/monoscript/fileName/SimpleScript.cs: 454caab0c6c050f29b39d82e1d66d0fa -> 
  custom:scripting/monoscript/fileName/ObjectSpin.cs: 2b96bb2079dd7fa5108d981627a28e1e -> 
  custom:scripting/monoscript/fileName/DojoMove.cs: f8c6c934a3065aa4afaead1f80b93146 -> 
  custom:scripting/monoscript/fileName/CameraController.cs: 34b6be4e23ce86dc89786916c5983296 -> 
  custom:scripting/monoscript/fileName/TMP_TextInfoDebugTool.cs: 3f1709cfb2cc628169113a35b5e9be3f -> 
  custom:framework-osx-AVFoundation: e770b220cccbd017edd2c1fefb359320 -> 
  custom:scripting/monoscript/fileName/TMP_TextSelector_A.cs: 347309a09d56e367b188a6978f75b424 -> 
  custom:video-encoder-webm-vp8: eb34c28f22e8b96e1ab97ce403110664 -> 
  custom:audio-decoder-ogg-vorbis: bf7c407c2cedff20999df2af8eb42d56 -> 
  custom:scripting/monoscript/fileName/VertexJitter.cs: d27eb5498e48714a66aece98da065133 -> 
  custom:scripting/monoscript/fileName/TextConsoleSimulator.cs: 33fc311abb20b5b0ed8f00e4d86b574e -> 
  custom:scripting/monoscript/fileName/VertexColorCycler.cs: 5f984ca91cf3609293aecc6bc5641572 -> 
  custom:scripting/monoscript/fileName/TMP_FrameRateCounter.cs: 46f655df8cb483ac5958307137b1585a -> 
  custom:scripting/monoscript/fileName/VertexShakeB.cs: a6f78c4fcda1a29a1a1c1baefedba9e7 -> 
  custom:scripting/monoscript/fileName/TMP_UiFrameRateCounter.cs: b01021aea19247f14a98ab338907956a -> 
  custom:scripting/monoscript/fileName/TMPro_InstructionOverlay.cs: b626d2270e6ebd5c4311585c18b58d8d -> 
  custom:scripting/monoscript/fileName/TMP_DigitValidator.cs: ac02af96215ae3951a3cce9e1a8c6085 -> 
  custom:audio-encoder-webm-vorbis: bf7c407c2cedff20999df2af8eb42d56 -> 
  custom:scripting/monoscript/fileName/Benchmark01_UGUI.cs: 6148cfe2627b7708298f301788144139 -> 
  custom:scripting/monoscript/fileName/MusicManager.cs: 1f7d0f3015795540ecee058a7a3ae174 -> 
  custom:scripting/precompiled-assembly-types:Assembly-CSharp: c8a5404c60ded555a219ed6350501a26 -> 6032c0c933c699fe27c13914a3aaee66
  custom:scripting/monoscript/fileName/Benchmark03.cs: 17cc87e0529ac71d909a946afb47a274 -> 
========================================================================
Received Prepare
Caller must complete domain reload
Begin MonoManager ReloadAssembly
Thread 0x16dd5f000 may have been prematurely finalized
- Loaded All Assemblies, in  0.211 seconds
Native extension for WindowsStandalone target not found
Native extension for OSXStandalone target not found
Mono: successfully reloaded assembly
- Finished resetting the current domain, in  0.340 seconds
Domain Reload Profiling: 550ms
	BeginReloadAssembly (72ms)
		ExecutionOrderSort (0ms)
		DisableScriptedObjects (3ms)
		BackupInstance (0ms)
		ReleaseScriptingObjects (0ms)
		CreateAndSetChildDomain (22ms)
	RebuildCommonClasses (21ms)
	RebuildNativeTypeToScriptingClass (8ms)
	initialDomainReloadingComplete (12ms)
	LoadAllAssembliesAndSetupDomain (97ms)
		LoadAssemblies (114ms)
		RebuildTransferFunctionScriptingTraits (0ms)
		AnalyzeDomain (10ms)
			TypeCache.Refresh (6ms)
				TypeCache.ScanAssembly (0ms)
			ScanForSourceGeneratedMonoScriptInfo (0ms)
			ResolveRequiredComponents (4ms)
	FinalizeReload (340ms)
		ReleaseScriptCaches (0ms)
		RebuildScriptCaches (0ms)
		SetupLoadedEditorAssemblies (199ms)
			LogAssemblyErrors (0ms)
			InitializePlatformSupportModulesInManaged (3ms)
			SetLoadedEditorAssemblies (2ms)
			RefreshPlugins (0ms)
			BeforeProcessingInitializeOnLoad (29ms)
			ProcessInitializeOnLoadAttributes (152ms)
			ProcessInitializeOnLoadMethodAttributes (11ms)
			AfterProcessingInitializeOnLoad (1ms)
			EditorAssembliesLoaded (0ms)
		ExecutionOrderSort2 (0ms)
		AwakeInstancesAfterBackupRestoration (2ms)
Refreshing native plugins compatible for Editor in 0.75 ms, found 3 plugins.
Preloading 0 native plugins for Editor in 0.00 ms.
Unloading 3007 Unused Serialized files (Serialized files now loaded: 0)
Unloading 25 unused Assets / (0.6 MB). Loaded Objects now: 3721.
Memory consumption went from 477.0 MB to 476.4 MB.
Total: 2.484083 ms (FindLiveObjects: 0.129584 ms CreateObjectMapping: 0.049375 ms MarkObjects: 2.104083 ms  DeleteObjects: 0.200458 ms)

Prepare: number of updated asset objects reloaded= 0
AssetImportParameters requested are different than current active one (requested -> active):
  custom:scripting/monoscript/fileName/SkewTextExample.cs: c142d02d70a129e0533975f7c2f96956 -> 
  custom:container-demuxer-ogg: 62fdf1f143b41e24485cea50d1cbac27 -> 
  custom:scripting/monoscript/fileName/TMP_TextEventHandler.cs: f5cd9d5a43bfefc8f4fec80e6de896a4 -> 
  custom:scripting/monoscript/fileName/TextMeshProFloatingText.cs: 92608fa4a6315cd0786d82205e77b697 -> 
  custom:scripting/monoscript/fileName/VertexZoom.cs: 650ab1e81d40126e3edcf737cce646e4 -> 
  custom:scripting/monoscript/fileName/PressSpaceHandler.cs: 799694d584b6dc4a89e3e3e12c299a26 -> 
  custom:scripting/monoscript/fileName/VertexShakeA.cs: 63ec564c588058369499638dd899e05b -> 
  custom:scripting/monoscript/fileName/TMP_ExampleScript_01.cs: a9d4be556104ff54e7d240529b3e01dc -> 
  custom:video-decoder-ogg-theora: a1e56fd34408186e4bbccfd4996cb3dc -> 
  custom:scripting/monoscript/fileName/TMP_TextEventCheck.cs: 13505d917eab5868c435e0c2986dadfa -> 
  custom:scripting/monoscript/fileName/TMP_TextSelector_B.cs: ba2be21a7486d37b1011342977a2e49d -> 
  custom:scripting/monoscript/fileName/Benchmark01.cs: 2d3e2cd961730ab95f139a49a673bace -> 
  custom:scripting/monoscript/fileName/NewBehaviourScript.cs: b21687ddb03d73bd9f0c1daecb9714de -> 
  custom:scripting/monoscript/fileName/Benchmark02.cs: 5640963252ce70910e726415f869ced6 -> 
  custom:scripting/monoscript/fileName/DropdownSample.cs: 0a92251794e5f10400149f96c3c59e5d -> 
  custom:scripting/monoscript/fileName/WarpTextExample.cs: 2663459c266363641981c7d17b698d7f -> 
  custom:CustomObjectIndexerAttribute: 9a22284fe3817be447336de3de66b15e -> 
  custom:container-demuxer-webm: 4f35f7cbe854078d1ac9338744f61a02 -> 
  custom:scripting/monoscript/fileName/ChatController.cs: 876d5ccae6e345dd5d9450eb0a748f16 -> 
  custom:scripting/monoscript/fileName/TextMeshSpawner.cs: 76f28e2ddb031571e6ec62b018f65fa8 -> 
  custom:scripting/monoscript/fileName/TeleType.cs: 31fa97821c4c70f157ec81d507aa6b62 -> 
  custom:scripting/monoscript/fileName/Benchmark04.cs: 32220b148620e52aa81c13a114862bf4 -> 
  custom:scripting/monoscript/fileName/TextMove.cs: fbecd3f268374313100fa014bdf91c18 -> 
  custom:container-muxer-webm: aa71ff27fc2769a1b78a27578f13a17b -> 
  custom:video-decoder-webm-vp8: 9c59270c3fd7afecdb556c50c9e8de78 -> 
  custom:scripting/monoscript/fileName/TMP_PhoneNumberValidator.cs: 7c3049f481e464c6a9a15dee56c3126f -> 
  custom:SearchIndexIgnoredProperties: e643bd26f0fe6173181afceb89e7c659 -> 
  custom:AudioImporter_EditorPlatform: 3918e3fc78b5a79bad01e8451be0beb8 -> 
  custom:scripting/monoscript/fileName/EnvMapAnimator.cs: 1b4f61c17e4b7283c3ac351aacff9d26 -> 
  custom:scripting/monoscript/fileName/ShaderPropAnimator.cs: 55ce425812446482e623ff2695c94cb2 -> 
  custom:scripting/monoscript/fileName/SimpleScript.cs: 454caab0c6c050f29b39d82e1d66d0fa -> 
  custom:scripting/monoscript/fileName/ObjectSpin.cs: 2b96bb2079dd7fa5108d981627a28e1e -> 
  custom:scripting/monoscript/fileName/DojoMove.cs: f8c6c934a3065aa4afaead1f80b93146 -> 
  custom:scripting/monoscript/fileName/CameraController.cs: 34b6be4e23ce86dc89786916c5983296 -> 
  custom:scripting/monoscript/fileName/TMP_TextInfoDebugTool.cs: 3f1709cfb2cc628169113a35b5e9be3f -> 
  custom:framework-osx-AVFoundation: e770b220cccbd017edd2c1fefb359320 -> 
  custom:scripting/monoscript/fileName/TMP_TextSelector_A.cs: 347309a09d56e367b188a6978f75b424 -> 
  custom:video-encoder-webm-vp8: eb34c28f22e8b96e1ab97ce403110664 -> 
  custom:audio-decoder-ogg-vorbis: bf7c407c2cedff20999df2af8eb42d56 -> 
  custom:scripting/monoscript/fileName/VertexJitter.cs: d27eb5498e48714a66aece98da065133 -> 
  custom:scripting/monoscript/fileName/TextConsoleSimulator.cs: 33fc311abb20b5b0ed8f00e4d86b574e -> 
  custom:scripting/monoscript/fileName/VertexColorCycler.cs: 5f984ca91cf3609293aecc6bc5641572 -> 
  custom:scripting/monoscript/fileName/TMP_FrameRateCounter.cs: 46f655df8cb483ac5958307137b1585a -> 
  custom:scripting/monoscript/fileName/VertexShakeB.cs: a6f78c4fcda1a29a1a1c1baefedba9e7 -> 
  custom:scripting/monoscript/fileName/TMP_UiFrameRateCounter.cs: b01021aea19247f14a98ab338907956a -> 
  custom:scripting/monoscript/fileName/TMPro_InstructionOverlay.cs: b626d2270e6ebd5c4311585c18b58d8d -> 
  custom:scripting/monoscript/fileName/TMP_DigitValidator.cs: ac02af96215ae3951a3cce9e1a8c6085 -> 
  custom:audio-encoder-webm-vorbis: bf7c407c2cedff20999df2af8eb42d56 -> 
  custom:scripting/monoscript/fileName/Benchmark01_UGUI.cs: 6148cfe2627b7708298f301788144139 -> 
  custom:scripting/monoscript/fileName/MusicManager.cs: 1f7d0f3015795540ecee058a7a3ae174 -> 
  custom:scripting/precompiled-assembly-types:Assembly-CSharp: c8a5404c60ded555a219ed6350501a26 -> 6032c0c933c699fe27c13914a3aaee66
  custom:scripting/monoscript/fileName/Benchmark03.cs: 17cc87e0529ac71d909a946afb47a274 -> 
========================================================================
Received Prepare
Caller must complete domain reload
Begin MonoManager ReloadAssembly
Thread 0x16dd5f000 may have been prematurely finalized
- Loaded All Assemblies, in  0.203 seconds
Native extension for WindowsStandalone target not found
Native extension for OSXStandalone target not found
Mono: successfully reloaded assembly
- Finished resetting the current domain, in  0.343 seconds
Domain Reload Profiling: 546ms
	BeginReloadAssembly (72ms)
		ExecutionOrderSort (0ms)
		DisableScriptedObjects (3ms)
		BackupInstance (0ms)
		ReleaseScriptingObjects (0ms)
		CreateAndSetChildDomain (22ms)
	RebuildCommonClasses (22ms)
	RebuildNativeTypeToScriptingClass (8ms)
	initialDomainReloadingComplete (12ms)
	LoadAllAssembliesAndSetupDomain (90ms)
		LoadAssemblies (107ms)
		RebuildTransferFunctionScriptingTraits (0ms)
		AnalyzeDomain (10ms)
			TypeCache.Refresh (5ms)
				TypeCache.ScanAssembly (0ms)
			ScanForSourceGeneratedMonoScriptInfo (0ms)
			ResolveRequiredComponents (3ms)
	FinalizeReload (343ms)
		ReleaseScriptCaches (0ms)
		RebuildScriptCaches (0ms)
		SetupLoadedEditorAssemblies (198ms)
			LogAssemblyErrors (0ms)
			InitializePlatformSupportModulesInManaged (3ms)
			SetLoadedEditorAssemblies (2ms)
			RefreshPlugins (0ms)
			BeforeProcessingInitializeOnLoad (29ms)
			ProcessInitializeOnLoadAttributes (151ms)
			ProcessInitializeOnLoadMethodAttributes (11ms)
			AfterProcessingInitializeOnLoad (1ms)
			EditorAssembliesLoaded (0ms)
		ExecutionOrderSort2 (0ms)
		AwakeInstancesAfterBackupRestoration (2ms)
Refreshing native plugins compatible for Editor in 0.76 ms, found 3 plugins.
Preloading 0 native plugins for Editor in 0.00 ms.
Unloading 3007 Unused Serialized files (Serialized files now loaded: 0)
Unloading 25 unused Assets / (0.6 MB). Loaded Objects now: 3724.
Memory consumption went from 482.1 MB to 481.5 MB.
Total: 2.420333 ms (FindLiveObjects: 0.129500 ms CreateObjectMapping: 0.049000 ms MarkObjects: 2.043875 ms  DeleteObjects: 0.197292 ms)

Prepare: number of updated asset objects reloaded= 0
AssetImportParameters requested are different than current active one (requested -> active):
  custom:scripting/monoscript/fileName/SkewTextExample.cs: c142d02d70a129e0533975f7c2f96956 -> 
  custom:container-demuxer-ogg: 62fdf1f143b41e24485cea50d1cbac27 -> 
  custom:scripting/monoscript/fileName/TMP_TextEventHandler.cs: f5cd9d5a43bfefc8f4fec80e6de896a4 -> 
  custom:scripting/monoscript/fileName/TextMeshProFloatingText.cs: 92608fa4a6315cd0786d82205e77b697 -> 
  custom:scripting/monoscript/fileName/VertexZoom.cs: 650ab1e81d40126e3edcf737cce646e4 -> 
  custom:scripting/monoscript/fileName/PressSpaceHandler.cs: 799694d584b6dc4a89e3e3e12c299a26 -> 
  custom:scripting/monoscript/fileName/VertexShakeA.cs: 63ec564c588058369499638dd899e05b -> 
  custom:scripting/monoscript/fileName/TMP_ExampleScript_01.cs: a9d4be556104ff54e7d240529b3e01dc -> 
  custom:video-decoder-ogg-theora: a1e56fd34408186e4bbccfd4996cb3dc -> 
  custom:scripting/monoscript/fileName/TMP_TextEventCheck.cs: 13505d917eab5868c435e0c2986dadfa -> 
  custom:scripting/monoscript/fileName/TMP_TextSelector_B.cs: ba2be21a7486d37b1011342977a2e49d -> 
  custom:scripting/monoscript/fileName/Benchmark01.cs: 2d3e2cd961730ab95f139a49a673bace -> 
  custom:scripting/monoscript/fileName/NewBehaviourScript.cs: b21687ddb03d73bd9f0c1daecb9714de -> 
  custom:scripting/monoscript/fileName/Benchmark02.cs: 5640963252ce70910e726415f869ced6 -> 
  custom:scripting/monoscript/fileName/DropdownSample.cs: 0a92251794e5f10400149f96c3c59e5d -> 
  custom:scripting/monoscript/fileName/WarpTextExample.cs: 2663459c266363641981c7d17b698d7f -> 
  custom:CustomObjectIndexerAttribute: 9a22284fe3817be447336de3de66b15e -> 
  custom:container-demuxer-webm: 4f35f7cbe854078d1ac9338744f61a02 -> 
  custom:scripting/monoscript/fileName/ChatController.cs: 876d5ccae6e345dd5d9450eb0a748f16 -> 
  custom:scripting/monoscript/fileName/TextMeshSpawner.cs: 76f28e2ddb031571e6ec62b018f65fa8 -> 
  custom:scripting/monoscript/fileName/TeleType.cs: 31fa97821c4c70f157ec81d507aa6b62 -> 
  custom:scripting/monoscript/fileName/Benchmark04.cs: 32220b148620e52aa81c13a114862bf4 -> 
  custom:scripting/monoscript/fileName/TextMove.cs: fbecd3f268374313100fa014bdf91c18 -> 
  custom:container-muxer-webm: aa71ff27fc2769a1b78a27578f13a17b -> 
  custom:video-decoder-webm-vp8: 9c59270c3fd7afecdb556c50c9e8de78 -> 
  custom:scripting/monoscript/fileName/TMP_PhoneNumberValidator.cs: 7c3049f481e464c6a9a15dee56c3126f -> 
  custom:SearchIndexIgnoredProperties: e643bd26f0fe6173181afceb89e7c659 -> 
  custom:AudioImporter_EditorPlatform: 3918e3fc78b5a79bad01e8451be0beb8 -> 
  custom:scripting/monoscript/fileName/EnvMapAnimator.cs: 1b4f61c17e4b7283c3ac351aacff9d26 -> 
  custom:scripting/monoscript/fileName/ShaderPropAnimator.cs: 55ce425812446482e623ff2695c94cb2 -> 
  custom:scripting/monoscript/fileName/SimpleScript.cs: 454caab0c6c050f29b39d82e1d66d0fa -> 
  custom:scripting/monoscript/fileName/ObjectSpin.cs: 2b96bb2079dd7fa5108d981627a28e1e -> 
  custom:scripting/monoscript/fileName/DojoMove.cs: f8c6c934a3065aa4afaead1f80b93146 -> 
  custom:scripting/monoscript/fileName/CameraController.cs: 34b6be4e23ce86dc89786916c5983296 -> 
  custom:scripting/monoscript/fileName/TMP_TextInfoDebugTool.cs: 3f1709cfb2cc628169113a35b5e9be3f -> 
  custom:framework-osx-AVFoundation: e770b220cccbd017edd2c1fefb359320 -> 
  custom:scripting/monoscript/fileName/TMP_TextSelector_A.cs: 347309a09d56e367b188a6978f75b424 -> 
  custom:video-encoder-webm-vp8: eb34c28f22e8b96e1ab97ce403110664 -> 
  custom:audio-decoder-ogg-vorbis: bf7c407c2cedff20999df2af8eb42d56 -> 
  custom:scripting/monoscript/fileName/VertexJitter.cs: d27eb5498e48714a66aece98da065133 -> 
  custom:scripting/monoscript/fileName/TextConsoleSimulator.cs: 33fc311abb20b5b0ed8f00e4d86b574e -> 
  custom:scripting/monoscript/fileName/VertexColorCycler.cs: 5f984ca91cf3609293aecc6bc5641572 -> 
  custom:scripting/monoscript/fileName/TMP_FrameRateCounter.cs: 46f655df8cb483ac5958307137b1585a -> 
  custom:scripting/monoscript/fileName/VertexShakeB.cs: a6f78c4fcda1a29a1a1c1baefedba9e7 -> 
  custom:scripting/monoscript/fileName/TMP_UiFrameRateCounter.cs: b01021aea19247f14a98ab338907956a -> 
  custom:scripting/monoscript/fileName/TMPro_InstructionOverlay.cs: b626d2270e6ebd5c4311585c18b58d8d -> 
  custom:scripting/monoscript/fileName/TMP_DigitValidator.cs: ac02af96215ae3951a3cce9e1a8c6085 -> 
  custom:audio-encoder-webm-vorbis: bf7c407c2cedff20999df2af8eb42d56 -> 
  custom:scripting/monoscript/fileName/Benchmark01_UGUI.cs: 6148cfe2627b7708298f301788144139 -> 
  custom:scripting/monoscript/fileName/MusicManager.cs: 1f7d0f3015795540ecee058a7a3ae174 -> 
  custom:scripting/precompiled-assembly-types:Assembly-CSharp: c8a5404c60ded555a219ed6350501a26 -> 6032c0c933c699fe27c13914a3aaee66
  custom:scripting/monoscript/fileName/Benchmark03.cs: 17cc87e0529ac71d909a946afb47a274 -> 
========================================================================
Received Prepare
Caller must complete domain reload
Begin MonoManager ReloadAssembly
Thread 0x16dd5f000 may have been prematurely finalized
- Loaded All Assemblies, in  0.267 seconds
Native extension for WindowsStandalone target not found
Native extension for OSXStandalone target not found
Mono: successfully reloaded assembly
- Finished resetting the current domain, in  0.666 seconds
Domain Reload Profiling: 934ms
	BeginReloadAssembly (89ms)
		ExecutionOrderSort (0ms)
		DisableScriptedObjects (3ms)
		BackupInstance (0ms)
		ReleaseScriptingObjects (0ms)
		CreateAndSetChildDomain (30ms)
	RebuildCommonClasses (21ms)
	RebuildNativeTypeToScriptingClass (8ms)
	initialDomainReloadingComplete (13ms)
	LoadAllAssembliesAndSetupDomain (137ms)
		LoadAssemblies (149ms)
		RebuildTransferFunctionScriptingTraits (0ms)
		AnalyzeDomain (21ms)
			TypeCache.Refresh (11ms)
				TypeCache.ScanAssembly (0ms)
			ScanForSourceGeneratedMonoScriptInfo (0ms)
			ResolveRequiredComponents (7ms)
	FinalizeReload (666ms)
		ReleaseScriptCaches (0ms)
		RebuildScriptCaches (0ms)
		SetupLoadedEditorAssemblies (230ms)
			LogAssemblyErrors (0ms)
			InitializePlatformSupportModulesInManaged (4ms)
			SetLoadedEditorAssemblies (3ms)
			RefreshPlugins (0ms)
			BeforeProcessingInitializeOnLoad (34ms)
			ProcessInitializeOnLoadAttributes (175ms)
			ProcessInitializeOnLoadMethodAttributes (13ms)
			AfterProcessingInitializeOnLoad (1ms)
			EditorAssembliesLoaded (0ms)
		ExecutionOrderSort2 (0ms)
		AwakeInstancesAfterBackupRestoration (3ms)
Refreshing native plugins compatible for Editor in 0.86 ms, found 3 plugins.
Preloading 0 native plugins for Editor in 0.00 ms.
Unloading 3007 Unused Serialized files (Serialized files now loaded: 0)
Unloading 25 unused Assets / (0.6 MB). Loaded Objects now: 3727.
Memory consumption went from 487.2 MB to 486.6 MB.
Total: 3.143208 ms (FindLiveObjects: 0.151334 ms CreateObjectMapping: 0.073041 ms MarkObjects: 2.562875 ms  DeleteObjects: 0.355500 ms)

Prepare: number of updated asset objects reloaded= 0
AssetImportParameters requested are different than current active one (requested -> active):
  custom:scripting/monoscript/fileName/SkewTextExample.cs: c142d02d70a129e0533975f7c2f96956 -> 
  custom:container-demuxer-ogg: 62fdf1f143b41e24485cea50d1cbac27 -> 
  custom:scripting/monoscript/fileName/TMP_TextEventHandler.cs: f5cd9d5a43bfefc8f4fec80e6de896a4 -> 
  custom:scripting/monoscript/fileName/TextMeshProFloatingText.cs: 92608fa4a6315cd0786d82205e77b697 -> 
  custom:scripting/monoscript/fileName/VertexZoom.cs: 650ab1e81d40126e3edcf737cce646e4 -> 
  custom:scripting/monoscript/fileName/PressSpaceHandler.cs: 799694d584b6dc4a89e3e3e12c299a26 -> 
  custom:scripting/monoscript/fileName/VertexShakeA.cs: 63ec564c588058369499638dd899e05b -> 
  custom:scripting/monoscript/fileName/TMP_ExampleScript_01.cs: a9d4be556104ff54e7d240529b3e01dc -> 
  custom:video-decoder-ogg-theora: a1e56fd34408186e4bbccfd4996cb3dc -> 
  custom:scripting/monoscript/fileName/TMP_TextEventCheck.cs: 13505d917eab5868c435e0c2986dadfa -> 
  custom:scripting/monoscript/fileName/TMP_TextSelector_B.cs: ba2be21a7486d37b1011342977a2e49d -> 
  custom:scripting/monoscript/fileName/Benchmark01.cs: 2d3e2cd961730ab95f139a49a673bace -> 
  custom:scripting/monoscript/fileName/NewBehaviourScript.cs: b21687ddb03d73bd9f0c1daecb9714de -> 
  custom:scripting/monoscript/fileName/Benchmark02.cs: 5640963252ce70910e726415f869ced6 -> 
  custom:scripting/monoscript/fileName/DropdownSample.cs: 0a92251794e5f10400149f96c3c59e5d -> 
  custom:scripting/monoscript/fileName/WarpTextExample.cs: 2663459c266363641981c7d17b698d7f -> 
  custom:CustomObjectIndexerAttribute: 9a22284fe3817be447336de3de66b15e -> 
  custom:container-demuxer-webm: 4f35f7cbe854078d1ac9338744f61a02 -> 
  custom:scripting/monoscript/fileName/ChatController.cs: 876d5ccae6e345dd5d9450eb0a748f16 -> 
  custom:scripting/monoscript/fileName/TextMeshSpawner.cs: 76f28e2ddb031571e6ec62b018f65fa8 -> 
  custom:scripting/monoscript/fileName/TeleType.cs: 31fa97821c4c70f157ec81d507aa6b62 -> 
  custom:scripting/monoscript/fileName/Benchmark04.cs: 32220b148620e52aa81c13a114862bf4 -> 
  custom:scripting/monoscript/fileName/TextMove.cs: fbecd3f268374313100fa014bdf91c18 -> 
  custom:container-muxer-webm: aa71ff27fc2769a1b78a27578f13a17b -> 
  custom:video-decoder-webm-vp8: 9c59270c3fd7afecdb556c50c9e8de78 -> 
  custom:scripting/monoscript/fileName/TMP_PhoneNumberValidator.cs: 7c3049f481e464c6a9a15dee56c3126f -> 
  custom:SearchIndexIgnoredProperties: e643bd26f0fe6173181afceb89e7c659 -> 
  custom:AudioImporter_EditorPlatform: 3918e3fc78b5a79bad01e8451be0beb8 -> 
  custom:scripting/monoscript/fileName/EnvMapAnimator.cs: 1b4f61c17e4b7283c3ac351aacff9d26 -> 
  custom:scripting/monoscript/fileName/ShaderPropAnimator.cs: 55ce425812446482e623ff2695c94cb2 -> 
  custom:scripting/monoscript/fileName/SimpleScript.cs: 454caab0c6c050f29b39d82e1d66d0fa -> 
  custom:scripting/monoscript/fileName/ObjectSpin.cs: 2b96bb2079dd7fa5108d981627a28e1e -> 
  custom:scripting/monoscript/fileName/DojoMove.cs: f8c6c934a3065aa4afaead1f80b93146 -> 
  custom:scripting/monoscript/fileName/CameraController.cs: 34b6be4e23ce86dc89786916c5983296 -> 
  custom:scripting/monoscript/fileName/TMP_TextInfoDebugTool.cs: 3f1709cfb2cc628169113a35b5e9be3f -> 
  custom:framework-osx-AVFoundation: e770b220cccbd017edd2c1fefb359320 -> 
  custom:scripting/monoscript/fileName/TMP_TextSelector_A.cs: 347309a09d56e367b188a6978f75b424 -> 
  custom:video-encoder-webm-vp8: eb34c28f22e8b96e1ab97ce403110664 -> 
  custom:audio-decoder-ogg-vorbis: bf7c407c2cedff20999df2af8eb42d56 -> 
  custom:scripting/monoscript/fileName/VertexJitter.cs: d27eb5498e48714a66aece98da065133 -> 
  custom:scripting/monoscript/fileName/TextConsoleSimulator.cs: 33fc311abb20b5b0ed8f00e4d86b574e -> 
  custom:scripting/monoscript/fileName/VertexColorCycler.cs: 5f984ca91cf3609293aecc6bc5641572 -> 
  custom:scripting/monoscript/fileName/TMP_FrameRateCounter.cs: 46f655df8cb483ac5958307137b1585a -> 
  custom:scripting/monoscript/fileName/VertexShakeB.cs: a6f78c4fcda1a29a1a1c1baefedba9e7 -> 
  custom:scripting/monoscript/fileName/TMP_UiFrameRateCounter.cs: b01021aea19247f14a98ab338907956a -> 
  custom:scripting/monoscript/fileName/TMPro_InstructionOverlay.cs: b626d2270e6ebd5c4311585c18b58d8d -> 
  custom:scripting/monoscript/fileName/TMP_DigitValidator.cs: ac02af96215ae3951a3cce9e1a8c6085 -> 
  custom:audio-encoder-webm-vorbis: bf7c407c2cedff20999df2af8eb42d56 -> 
  custom:scripting/monoscript/fileName/Benchmark01_UGUI.cs: 6148cfe2627b7708298f301788144139 -> 
  custom:scripting/monoscript/fileName/MusicManager.cs: 1f7d0f3015795540ecee058a7a3ae174 -> 
  custom:scripting/precompiled-assembly-types:Assembly-CSharp: c8a5404c60ded555a219ed6350501a26 -> 6032c0c933c699fe27c13914a3aaee66
  custom:scripting/monoscript/fileName/Benchmark03.cs: 17cc87e0529ac71d909a946afb47a274 -> 
========================================================================
Received Prepare
Caller must complete domain reload
Begin MonoManager ReloadAssembly
Thread 0x16dd5f000 may have been prematurely finalized
- Loaded All Assemblies, in  0.208 seconds
Native extension for WindowsStandalone target not found
Native extension for OSXStandalone target not found
Mono: successfully reloaded assembly
- Finished resetting the current domain, in  0.380 seconds
Domain Reload Profiling: 589ms
	BeginReloadAssembly (75ms)
		ExecutionOrderSort (0ms)
		DisableScriptedObjects (3ms)
		BackupInstance (0ms)
		ReleaseScriptingObjects (0ms)
		CreateAndSetChildDomain (23ms)
	RebuildCommonClasses (21ms)
	RebuildNativeTypeToScriptingClass (8ms)
	initialDomainReloadingComplete (12ms)
	LoadAllAssembliesAndSetupDomain (92ms)
		LoadAssemblies (110ms)
		RebuildTransferFunctionScriptingTraits (0ms)
		AnalyzeDomain (10ms)
			TypeCache.Refresh (6ms)
				TypeCache.ScanAssembly (0ms)
			ScanForSourceGeneratedMonoScriptInfo (0ms)
			ResolveRequiredComponents (4ms)
	FinalizeReload (380ms)
		ReleaseScriptCaches (0ms)
		RebuildScriptCaches (0ms)
		SetupLoadedEditorAssemblies (215ms)
			LogAssemblyErrors (0ms)
			InitializePlatformSupportModulesInManaged (4ms)
			SetLoadedEditorAssemblies (3ms)
			RefreshPlugins (0ms)
			BeforeProcessingInitializeOnLoad (30ms)
			ProcessInitializeOnLoadAttributes (165ms)
			ProcessInitializeOnLoadMethodAttributes (13ms)
			AfterProcessingInitializeOnLoad (1ms)
			EditorAssembliesLoaded (0ms)
		ExecutionOrderSort2 (0ms)
		AwakeInstancesAfterBackupRestoration (3ms)
Refreshing native plugins compatible for Editor in 0.89 ms, found 3 plugins.
Preloading 0 native plugins for Editor in 0.00 ms.
Unloading 3007 Unused Serialized files (Serialized files now loaded: 0)
Unloading 25 unused Assets / (0.6 MB). Loaded Objects now: 3730.
Memory consumption went from 492.3 MB to 491.7 MB.
Total: 3.142333 ms (FindLiveObjects: 0.207291 ms CreateObjectMapping: 0.109000 ms MarkObjects: 2.429708 ms  DeleteObjects: 0.395625 ms)

Prepare: number of updated asset objects reloaded= 0
AssetImportParameters requested are different than current active one (requested -> active):
  custom:scripting/monoscript/fileName/SkewTextExample.cs: c142d02d70a129e0533975f7c2f96956 -> 
  custom:container-demuxer-ogg: 62fdf1f143b41e24485cea50d1cbac27 -> 
  custom:scripting/monoscript/fileName/TMP_TextEventHandler.cs: f5cd9d5a43bfefc8f4fec80e6de896a4 -> 
  custom:scripting/monoscript/fileName/TextMeshProFloatingText.cs: 92608fa4a6315cd0786d82205e77b697 -> 
  custom:scripting/monoscript/fileName/VertexZoom.cs: 650ab1e81d40126e3edcf737cce646e4 -> 
  custom:scripting/monoscript/fileName/PressSpaceHandler.cs: 799694d584b6dc4a89e3e3e12c299a26 -> 
  custom:scripting/monoscript/fileName/VertexShakeA.cs: 63ec564c588058369499638dd899e05b -> 
  custom:scripting/monoscript/fileName/TMP_ExampleScript_01.cs: a9d4be556104ff54e7d240529b3e01dc -> 
  custom:video-decoder-ogg-theora: a1e56fd34408186e4bbccfd4996cb3dc -> 
  custom:scripting/monoscript/fileName/TMP_TextEventCheck.cs: 13505d917eab5868c435e0c2986dadfa -> 
  custom:scripting/monoscript/fileName/TMP_TextSelector_B.cs: ba2be21a7486d37b1011342977a2e49d -> 
  custom:scripting/monoscript/fileName/Benchmark01.cs: 2d3e2cd961730ab95f139a49a673bace -> 
  custom:scripting/monoscript/fileName/NewBehaviourScript.cs: b21687ddb03d73bd9f0c1daecb9714de -> 
  custom:scripting/monoscript/fileName/Benchmark02.cs: 5640963252ce70910e726415f869ced6 -> 
  custom:scripting/monoscript/fileName/DropdownSample.cs: 0a92251794e5f10400149f96c3c59e5d -> 
  custom:scripting/monoscript/fileName/WarpTextExample.cs: 2663459c266363641981c7d17b698d7f -> 
  custom:CustomObjectIndexerAttribute: 9a22284fe3817be447336de3de66b15e -> 
  custom:container-demuxer-webm: 4f35f7cbe854078d1ac9338744f61a02 -> 
  custom:scripting/monoscript/fileName/ChatController.cs: 876d5ccae6e345dd5d9450eb0a748f16 -> 
  custom:scripting/monoscript/fileName/TextMeshSpawner.cs: 76f28e2ddb031571e6ec62b018f65fa8 -> 
  custom:scripting/monoscript/fileName/TeleType.cs: 31fa97821c4c70f157ec81d507aa6b62 -> 
  custom:scripting/monoscript/fileName/Benchmark04.cs: 32220b148620e52aa81c13a114862bf4 -> 
  custom:scripting/monoscript/fileName/TextMove.cs: fbecd3f268374313100fa014bdf91c18 -> 
  custom:container-muxer-webm: aa71ff27fc2769a1b78a27578f13a17b -> 
  custom:video-decoder-webm-vp8: 9c59270c3fd7afecdb556c50c9e8de78 -> 
  custom:scripting/monoscript/fileName/TMP_PhoneNumberValidator.cs: 7c3049f481e464c6a9a15dee56c3126f -> 
  custom:SearchIndexIgnoredProperties: e643bd26f0fe6173181afceb89e7c659 -> 
  custom:AudioImporter_EditorPlatform: 3918e3fc78b5a79bad01e8451be0beb8 -> 
  custom:scripting/monoscript/fileName/EnvMapAnimator.cs: 1b4f61c17e4b7283c3ac351aacff9d26 -> 
  custom:scripting/monoscript/fileName/ShaderPropAnimator.cs: 55ce425812446482e623ff2695c94cb2 -> 
  custom:scripting/monoscript/fileName/SimpleScript.cs: 454caab0c6c050f29b39d82e1d66d0fa -> 
  custom:scripting/monoscript/fileName/ObjectSpin.cs: 2b96bb2079dd7fa5108d981627a28e1e -> 
  custom:scripting/monoscript/fileName/DojoMove.cs: f8c6c934a3065aa4afaead1f80b93146 -> 
  custom:scripting/monoscript/fileName/CameraController.cs: 34b6be4e23ce86dc89786916c5983296 -> 
  custom:scripting/monoscript/fileName/TMP_TextInfoDebugTool.cs: 3f1709cfb2cc628169113a35b5e9be3f -> 
  custom:framework-osx-AVFoundation: e770b220cccbd017edd2c1fefb359320 -> 
  custom:scripting/monoscript/fileName/TMP_TextSelector_A.cs: 347309a09d56e367b188a6978f75b424 -> 
  custom:video-encoder-webm-vp8: eb34c28f22e8b96e1ab97ce403110664 -> 
  custom:audio-decoder-ogg-vorbis: bf7c407c2cedff20999df2af8eb42d56 -> 
  custom:scripting/monoscript/fileName/VertexJitter.cs: d27eb5498e48714a66aece98da065133 -> 
  custom:scripting/monoscript/fileName/TextConsoleSimulator.cs: 33fc311abb20b5b0ed8f00e4d86b574e -> 
  custom:scripting/monoscript/fileName/VertexColorCycler.cs: 5f984ca91cf3609293aecc6bc5641572 -> 
  custom:scripting/monoscript/fileName/TMP_FrameRateCounter.cs: 46f655df8cb483ac5958307137b1585a -> 
  custom:scripting/monoscript/fileName/VertexShakeB.cs: a6f78c4fcda1a29a1a1c1baefedba9e7 -> 
  custom:scripting/monoscript/fileName/TMP_UiFrameRateCounter.cs: b01021aea19247f14a98ab338907956a -> 
  custom:scripting/monoscript/fileName/TMPro_InstructionOverlay.cs: b626d2270e6ebd5c4311585c18b58d8d -> 
  custom:scripting/monoscript/fileName/TMP_DigitValidator.cs: ac02af96215ae3951a3cce9e1a8c6085 -> 
  custom:audio-encoder-webm-vorbis: bf7c407c2cedff20999df2af8eb42d56 -> 
  custom:scripting/monoscript/fileName/Benchmark01_UGUI.cs: 6148cfe2627b7708298f301788144139 -> 
  custom:scripting/monoscript/fileName/MusicManager.cs: 1f7d0f3015795540ecee058a7a3ae174 -> 
  custom:scripting/precompiled-assembly-types:Assembly-CSharp: c8a5404c60ded555a219ed6350501a26 -> 6032c0c933c699fe27c13914a3aaee66
  custom:scripting/monoscript/fileName/Benchmark03.cs: 17cc87e0529ac71d909a946afb47a274 -> 
========================================================================
Received Prepare
Caller must complete domain reload
Begin MonoManager ReloadAssembly
Thread 0x16dd5f000 may have been prematurely finalized
- Loaded All Assemblies, in  0.201 seconds
Native extension for WindowsStandalone target not found
Native extension for OSXStandalone target not found
Mono: successfully reloaded assembly
- Finished resetting the current domain, in  0.509 seconds
Domain Reload Profiling: 710ms
	BeginReloadAssembly (73ms)
		ExecutionOrderSort (0ms)
		DisableScriptedObjects (3ms)
		BackupInstance (0ms)
		ReleaseScriptingObjects (0ms)
		CreateAndSetChildDomain (22ms)
	RebuildCommonClasses (21ms)
	RebuildNativeTypeToScriptingClass (8ms)
	initialDomainReloadingComplete (12ms)
	LoadAllAssembliesAndSetupDomain (87ms)
		LoadAssemblies (104ms)
		RebuildTransferFunctionScriptingTraits (0ms)
		AnalyzeDomain (10ms)
			TypeCache.Refresh (6ms)
				TypeCache.ScanAssembly (0ms)
			ScanForSourceGeneratedMonoScriptInfo (0ms)
			ResolveRequiredComponents (3ms)
	FinalizeReload (509ms)
		ReleaseScriptCaches (0ms)
		RebuildScriptCaches (0ms)
		SetupLoadedEditorAssemblies (228ms)
			LogAssemblyErrors (0ms)
			InitializePlatformSupportModulesInManaged (4ms)
			SetLoadedEditorAssemblies (3ms)
			RefreshPlugins (0ms)
			BeforeProcessingInitializeOnLoad (33ms)
			ProcessInitializeOnLoadAttributes (174ms)
			ProcessInitializeOnLoadMethodAttributes (12ms)
			AfterProcessingInitializeOnLoad (1ms)
			EditorAssembliesLoaded (0ms)
		ExecutionOrderSort2 (0ms)
		AwakeInstancesAfterBackupRestoration (3ms)
Refreshing native plugins compatible for Editor in 0.84 ms, found 3 plugins.
Preloading 0 native plugins for Editor in 0.00 ms.
Unloading 3007 Unused Serialized files (Serialized files now loaded: 0)
Unloading 25 unused Assets / (0.6 MB). Loaded Objects now: 3733.
Memory consumption went from 497.4 MB to 496.9 MB.
Total: 3.055084 ms (FindLiveObjects: 0.132875 ms CreateObjectMapping: 0.064458 ms MarkObjects: 2.508125 ms  DeleteObjects: 0.349167 ms)

Prepare: number of updated asset objects reloaded= 0
AssetImportParameters requested are different than current active one (requested -> active):
  custom:scripting/monoscript/fileName/SkewTextExample.cs: c142d02d70a129e0533975f7c2f96956 -> 
  custom:container-demuxer-ogg: 62fdf1f143b41e24485cea50d1cbac27 -> 
  custom:scripting/monoscript/fileName/TMP_TextEventHandler.cs: f5cd9d5a43bfefc8f4fec80e6de896a4 -> 
  custom:scripting/monoscript/fileName/TextMeshProFloatingText.cs: 92608fa4a6315cd0786d82205e77b697 -> 
  custom:scripting/monoscript/fileName/VertexZoom.cs: 650ab1e81d40126e3edcf737cce646e4 -> 
  custom:scripting/monoscript/fileName/PressSpaceHandler.cs: 799694d584b6dc4a89e3e3e12c299a26 -> 
  custom:scripting/monoscript/fileName/VertexShakeA.cs: 63ec564c588058369499638dd899e05b -> 
  custom:scripting/monoscript/fileName/TMP_ExampleScript_01.cs: a9d4be556104ff54e7d240529b3e01dc -> 
  custom:video-decoder-ogg-theora: a1e56fd34408186e4bbccfd4996cb3dc -> 
  custom:scripting/monoscript/fileName/TMP_TextEventCheck.cs: 13505d917eab5868c435e0c2986dadfa -> 
  custom:scripting/monoscript/fileName/TMP_TextSelector_B.cs: ba2be21a7486d37b1011342977a2e49d -> 
  custom:scripting/monoscript/fileName/Benchmark01.cs: 2d3e2cd961730ab95f139a49a673bace -> 
  custom:scripting/monoscript/fileName/NewBehaviourScript.cs: b21687ddb03d73bd9f0c1daecb9714de -> 
  custom:scripting/monoscript/fileName/Benchmark02.cs: 5640963252ce70910e726415f869ced6 -> 
  custom:scripting/monoscript/fileName/DropdownSample.cs: 0a92251794e5f10400149f96c3c59e5d -> 
  custom:scripting/monoscript/fileName/WarpTextExample.cs: 2663459c266363641981c7d17b698d7f -> 
  custom:CustomObjectIndexerAttribute: 9a22284fe3817be447336de3de66b15e -> 
  custom:container-demuxer-webm: 4f35f7cbe854078d1ac9338744f61a02 -> 
  custom:scripting/monoscript/fileName/ChatController.cs: 876d5ccae6e345dd5d9450eb0a748f16 -> 
  custom:scripting/monoscript/fileName/TextMeshSpawner.cs: 76f28e2ddb031571e6ec62b018f65fa8 -> 
  custom:scripting/monoscript/fileName/TeleType.cs: 31fa97821c4c70f157ec81d507aa6b62 -> 
  custom:scripting/monoscript/fileName/Benchmark04.cs: 32220b148620e52aa81c13a114862bf4 -> 
  custom:scripting/monoscript/fileName/TextMove.cs: fbecd3f268374313100fa014bdf91c18 -> 
  custom:container-muxer-webm: aa71ff27fc2769a1b78a27578f13a17b -> 
  custom:video-decoder-webm-vp8: 9c59270c3fd7afecdb556c50c9e8de78 -> 
  custom:scripting/monoscript/fileName/TMP_PhoneNumberValidator.cs: 7c3049f481e464c6a9a15dee56c3126f -> 
  custom:SearchIndexIgnoredProperties: e643bd26f0fe6173181afceb89e7c659 -> 
  custom:AudioImporter_EditorPlatform: 3918e3fc78b5a79bad01e8451be0beb8 -> 
  custom:scripting/monoscript/fileName/EnvMapAnimator.cs: 1b4f61c17e4b7283c3ac351aacff9d26 -> 
  custom:scripting/monoscript/fileName/ShaderPropAnimator.cs: 55ce425812446482e623ff2695c94cb2 -> 
  custom:scripting/monoscript/fileName/SimpleScript.cs: 454caab0c6c050f29b39d82e1d66d0fa -> 
  custom:scripting/monoscript/fileName/ObjectSpin.cs: 2b96bb2079dd7fa5108d981627a28e1e -> 
  custom:scripting/monoscript/fileName/DojoMove.cs: f8c6c934a3065aa4afaead1f80b93146 -> 
  custom:scripting/monoscript/fileName/CameraController.cs: 34b6be4e23ce86dc89786916c5983296 -> 
  custom:scripting/monoscript/fileName/TMP_TextInfoDebugTool.cs: 3f1709cfb2cc628169113a35b5e9be3f -> 
  custom:framework-osx-AVFoundation: e770b220cccbd017edd2c1fefb359320 -> 
  custom:scripting/monoscript/fileName/TMP_TextSelector_A.cs: 347309a09d56e367b188a6978f75b424 -> 
  custom:video-encoder-webm-vp8: eb34c28f22e8b96e1ab97ce403110664 -> 
  custom:audio-decoder-ogg-vorbis: bf7c407c2cedff20999df2af8eb42d56 -> 
  custom:scripting/monoscript/fileName/VertexJitter.cs: d27eb5498e48714a66aece98da065133 -> 
  custom:scripting/monoscript/fileName/TextConsoleSimulator.cs: 33fc311abb20b5b0ed8f00e4d86b574e -> 
  custom:scripting/monoscript/fileName/VertexColorCycler.cs: 5f984ca91cf3609293aecc6bc5641572 -> 
  custom:scripting/monoscript/fileName/TMP_FrameRateCounter.cs: 46f655df8cb483ac5958307137b1585a -> 
  custom:scripting/monoscript/fileName/VertexShakeB.cs: a6f78c4fcda1a29a1a1c1baefedba9e7 -> 
  custom:scripting/monoscript/fileName/TMP_UiFrameRateCounter.cs: b01021aea19247f14a98ab338907956a -> 
  custom:scripting/monoscript/fileName/TMPro_InstructionOverlay.cs: b626d2270e6ebd5c4311585c18b58d8d -> 
  custom:scripting/monoscript/fileName/TMP_DigitValidator.cs: ac02af96215ae3951a3cce9e1a8c6085 -> 
  custom:audio-encoder-webm-vorbis: bf7c407c2cedff20999df2af8eb42d56 -> 
  custom:scripting/monoscript/fileName/Benchmark01_UGUI.cs: 6148cfe2627b7708298f301788144139 -> 
  custom:scripting/monoscript/fileName/MusicManager.cs: 1f7d0f3015795540ecee058a7a3ae174 -> 
  custom:scripting/precompiled-assembly-types:Assembly-CSharp: c8a5404c60ded555a219ed6350501a26 -> 6032c0c933c699fe27c13914a3aaee66
  custom:scripting/monoscript/fileName/Benchmark03.cs: 17cc87e0529ac71d909a946afb47a274 -> 
========================================================================
Received Prepare
Caller must complete domain reload
Begin MonoManager ReloadAssembly
Thread 0x16dd5f000 may have been prematurely finalized
- Loaded All Assemblies, in  0.204 seconds
Native extension for WindowsStandalone target not found
Native extension for OSXStandalone target not found
Mono: successfully reloaded assembly
- Finished resetting the current domain, in  0.384 seconds
Domain Reload Profiling: 589ms
	BeginReloadAssembly (74ms)
		ExecutionOrderSort (0ms)
		DisableScriptedObjects (3ms)
		BackupInstance (0ms)
		ReleaseScriptingObjects (0ms)
		CreateAndSetChildDomain (22ms)
	RebuildCommonClasses (22ms)
	RebuildNativeTypeToScriptingClass (8ms)
	initialDomainReloadingComplete (12ms)
	LoadAllAssembliesAndSetupDomain (88ms)
		LoadAssemblies (106ms)
		RebuildTransferFunctionScriptingTraits (0ms)
		AnalyzeDomain (10ms)
			TypeCache.Refresh (5ms)
				TypeCache.ScanAssembly (0ms)
			ScanForSourceGeneratedMonoScriptInfo (0ms)
			ResolveRequiredComponents (4ms)
	FinalizeReload (385ms)
		ReleaseScriptCaches (0ms)
		RebuildScriptCaches (0ms)
		SetupLoadedEditorAssemblies (219ms)
			LogAssemblyErrors (0ms)
			InitializePlatformSupportModulesInManaged (4ms)
			SetLoadedEditorAssemblies (3ms)
			RefreshPlugins (0ms)
			BeforeProcessingInitializeOnLoad (30ms)
			ProcessInitializeOnLoadAttributes (168ms)
			ProcessInitializeOnLoadMethodAttributes (14ms)
			AfterProcessingInitializeOnLoad (1ms)
			EditorAssembliesLoaded (0ms)
		ExecutionOrderSort2 (0ms)
		AwakeInstancesAfterBackupRestoration (3ms)
Refreshing native plugins compatible for Editor in 0.84 ms, found 3 plugins.
Preloading 0 native plugins for Editor in 0.00 ms.
Unloading 3007 Unused Serialized files (Serialized files now loaded: 0)
Unloading 25 unused Assets / (0.6 MB). Loaded Objects now: 3736.
Memory consumption went from 502.5 MB to 502.0 MB.
Total: 3.061167 ms (FindLiveObjects: 0.136042 ms CreateObjectMapping: 0.060291 ms MarkObjects: 2.529209 ms  DeleteObjects: 0.335208 ms)

Prepare: number of updated asset objects reloaded= 0
AssetImportParameters requested are different than current active one (requested -> active):
  custom:scripting/monoscript/fileName/SkewTextExample.cs: c142d02d70a129e0533975f7c2f96956 -> 
  custom:container-demuxer-ogg: 62fdf1f143b41e24485cea50d1cbac27 -> 
  custom:scripting/monoscript/fileName/TMP_TextEventHandler.cs: f5cd9d5a43bfefc8f4fec80e6de896a4 -> 
  custom:scripting/monoscript/fileName/TextMeshProFloatingText.cs: 92608fa4a6315cd0786d82205e77b697 -> 
  custom:scripting/monoscript/fileName/VertexZoom.cs: 650ab1e81d40126e3edcf737cce646e4 -> 
  custom:scripting/monoscript/fileName/PressSpaceHandler.cs: 799694d584b6dc4a89e3e3e12c299a26 -> 
  custom:scripting/monoscript/fileName/VertexShakeA.cs: 63ec564c588058369499638dd899e05b -> 
  custom:scripting/monoscript/fileName/TMP_ExampleScript_01.cs: a9d4be556104ff54e7d240529b3e01dc -> 
  custom:video-decoder-ogg-theora: a1e56fd34408186e4bbccfd4996cb3dc -> 
  custom:scripting/monoscript/fileName/TMP_TextEventCheck.cs: 13505d917eab5868c435e0c2986dadfa -> 
  custom:scripting/monoscript/fileName/TMP_TextSelector_B.cs: ba2be21a7486d37b1011342977a2e49d -> 
  custom:scripting/monoscript/fileName/Benchmark01.cs: 2d3e2cd961730ab95f139a49a673bace -> 
  custom:scripting/monoscript/fileName/NewBehaviourScript.cs: b21687ddb03d73bd9f0c1daecb9714de -> 
  custom:scripting/monoscript/fileName/Benchmark02.cs: 5640963252ce70910e726415f869ced6 -> 
  custom:scripting/monoscript/fileName/DropdownSample.cs: 0a92251794e5f10400149f96c3c59e5d -> 
  custom:scripting/monoscript/fileName/WarpTextExample.cs: 2663459c266363641981c7d17b698d7f -> 
  custom:CustomObjectIndexerAttribute: 9a22284fe3817be447336de3de66b15e -> 
  custom:container-demuxer-webm: 4f35f7cbe854078d1ac9338744f61a02 -> 
  custom:scripting/monoscript/fileName/ChatController.cs: 876d5ccae6e345dd5d9450eb0a748f16 -> 
  custom:scripting/monoscript/fileName/TextMeshSpawner.cs: 76f28e2ddb031571e6ec62b018f65fa8 -> 
  custom:scripting/monoscript/fileName/TeleType.cs: 31fa97821c4c70f157ec81d507aa6b62 -> 
  custom:scripting/monoscript/fileName/Benchmark04.cs: 32220b148620e52aa81c13a114862bf4 -> 
  custom:scripting/monoscript/fileName/TextMove.cs: fbecd3f268374313100fa014bdf91c18 -> 
  custom:container-muxer-webm: aa71ff27fc2769a1b78a27578f13a17b -> 
  custom:video-decoder-webm-vp8: 9c59270c3fd7afecdb556c50c9e8de78 -> 
  custom:scripting/monoscript/fileName/TMP_PhoneNumberValidator.cs: 7c3049f481e464c6a9a15dee56c3126f -> 
  custom:SearchIndexIgnoredProperties: e643bd26f0fe6173181afceb89e7c659 -> 
  custom:AudioImporter_EditorPlatform: 3918e3fc78b5a79bad01e8451be0beb8 -> 
  custom:scripting/monoscript/fileName/EnvMapAnimator.cs: 1b4f61c17e4b7283c3ac351aacff9d26 -> 
  custom:scripting/monoscript/fileName/ShaderPropAnimator.cs: 55ce425812446482e623ff2695c94cb2 -> 
  custom:scripting/monoscript/fileName/SimpleScript.cs: 454caab0c6c050f29b39d82e1d66d0fa -> 
  custom:scripting/monoscript/fileName/ObjectSpin.cs: 2b96bb2079dd7fa5108d981627a28e1e -> 
  custom:scripting/monoscript/fileName/DojoMove.cs: f8c6c934a3065aa4afaead1f80b93146 -> 
  custom:scripting/monoscript/fileName/CameraController.cs: 34b6be4e23ce86dc89786916c5983296 -> 
  custom:scripting/monoscript/fileName/TMP_TextInfoDebugTool.cs: 3f1709cfb2cc628169113a35b5e9be3f -> 
  custom:framework-osx-AVFoundation: e770b220cccbd017edd2c1fefb359320 -> 
  custom:scripting/monoscript/fileName/TMP_TextSelector_A.cs: 347309a09d56e367b188a6978f75b424 -> 
  custom:video-encoder-webm-vp8: eb34c28f22e8b96e1ab97ce403110664 -> 
  custom:audio-decoder-ogg-vorbis: bf7c407c2cedff20999df2af8eb42d56 -> 
  custom:scripting/monoscript/fileName/VertexJitter.cs: d27eb5498e48714a66aece98da065133 -> 
  custom:scripting/monoscript/fileName/TextConsoleSimulator.cs: 33fc311abb20b5b0ed8f00e4d86b574e -> 
  custom:scripting/monoscript/fileName/VertexColorCycler.cs: 5f984ca91cf3609293aecc6bc5641572 -> 
  custom:scripting/monoscript/fileName/TMP_FrameRateCounter.cs: 46f655df8cb483ac5958307137b1585a -> 
  custom:scripting/monoscript/fileName/VertexShakeB.cs: a6f78c4fcda1a29a1a1c1baefedba9e7 -> 
  custom:scripting/monoscript/fileName/TMP_UiFrameRateCounter.cs: b01021aea19247f14a98ab338907956a -> 
  custom:scripting/monoscript/fileName/TMPro_InstructionOverlay.cs: b626d2270e6ebd5c4311585c18b58d8d -> 
  custom:scripting/monoscript/fileName/TMP_DigitValidator.cs: ac02af96215ae3951a3cce9e1a8c6085 -> 
  custom:audio-encoder-webm-vorbis: bf7c407c2cedff20999df2af8eb42d56 -> 
  custom:scripting/monoscript/fileName/Benchmark01_UGUI.cs: 6148cfe2627b7708298f301788144139 -> 
  custom:scripting/monoscript/fileName/MusicManager.cs: 1f7d0f3015795540ecee058a7a3ae174 -> 
  custom:scripting/precompiled-assembly-types:Assembly-CSharp: c8a5404c60ded555a219ed6350501a26 -> 6032c0c933c699fe27c13914a3aaee66
  custom:scripting/monoscript/fileName/Benchmark03.cs: 17cc87e0529ac71d909a946afb47a274 -> 
========================================================================
Received Prepare
Caller must complete domain reload
Begin MonoManager ReloadAssembly
Thread 0x16dd5f000 may have been prematurely finalized
- Loaded All Assemblies, in  0.220 seconds
Native extension for WindowsStandalone target not found
Native extension for OSXStandalone target not found
Mono: successfully reloaded assembly
- Finished resetting the current domain, in  0.611 seconds
Domain Reload Profiling: 831ms
	BeginReloadAssembly (73ms)
		ExecutionOrderSort (0ms)
		DisableScriptedObjects (3ms)
		BackupInstance (0ms)
		ReleaseScriptingObjects (0ms)
		CreateAndSetChildDomain (23ms)
	RebuildCommonClasses (21ms)
	RebuildNativeTypeToScriptingClass (8ms)
	initialDomainReloadingComplete (12ms)
	LoadAllAssembliesAndSetupDomain (105ms)
		LoadAssemblies (121ms)
		RebuildTransferFunctionScriptingTraits (0ms)
		AnalyzeDomain (10ms)
			TypeCache.Refresh (5ms)
				TypeCache.ScanAssembly (0ms)
			ScanForSourceGeneratedMonoScriptInfo (0ms)
			ResolveRequiredComponents (4ms)
	FinalizeReload (612ms)
		ReleaseScriptCaches (0ms)
		RebuildScriptCaches (0ms)
		SetupLoadedEditorAssemblies (225ms)
			LogAssemblyErrors (0ms)
			InitializePlatformSupportModulesInManaged (4ms)
			SetLoadedEditorAssemblies (3ms)
			RefreshPlugins (0ms)
			BeforeProcessingInitializeOnLoad (33ms)
			ProcessInitializeOnLoadAttributes (170ms)
			ProcessInitializeOnLoadMethodAttributes (14ms)
			AfterProcessingInitializeOnLoad (1ms)
			EditorAssembliesLoaded (0ms)
		ExecutionOrderSort2 (0ms)
		AwakeInstancesAfterBackupRestoration (3ms)
Refreshing native plugins compatible for Editor in 0.89 ms, found 3 plugins.
Preloading 0 native plugins for Editor in 0.00 ms.
Unloading 3007 Unused Serialized files (Serialized files now loaded: 0)
Unloading 25 unused Assets / (0.6 MB). Loaded Objects now: 3739.
Memory consumption went from 507.6 MB to 507.1 MB.
Total: 3.072334 ms (FindLiveObjects: 0.163875 ms CreateObjectMapping: 0.099250 ms MarkObjects: 2.470334 ms  DeleteObjects: 0.338125 ms)

Prepare: number of updated asset objects reloaded= 0
AssetImportParameters requested are different than current active one (requested -> active):
  custom:scripting/monoscript/fileName/SkewTextExample.cs: c142d02d70a129e0533975f7c2f96956 -> 
  custom:container-demuxer-ogg: 62fdf1f143b41e24485cea50d1cbac27 -> 
  custom:scripting/monoscript/fileName/TMP_TextEventHandler.cs: f5cd9d5a43bfefc8f4fec80e6de896a4 -> 
  custom:scripting/monoscript/fileName/TextMeshProFloatingText.cs: 92608fa4a6315cd0786d82205e77b697 -> 
  custom:scripting/monoscript/fileName/VertexZoom.cs: 650ab1e81d40126e3edcf737cce646e4 -> 
  custom:scripting/monoscript/fileName/PressSpaceHandler.cs: 799694d584b6dc4a89e3e3e12c299a26 -> 
  custom:scripting/monoscript/fileName/VertexShakeA.cs: 63ec564c588058369499638dd899e05b -> 
  custom:scripting/monoscript/fileName/TMP_ExampleScript_01.cs: a9d4be556104ff54e7d240529b3e01dc -> 
  custom:video-decoder-ogg-theora: a1e56fd34408186e4bbccfd4996cb3dc -> 
  custom:scripting/monoscript/fileName/TMP_TextEventCheck.cs: 13505d917eab5868c435e0c2986dadfa -> 
  custom:scripting/monoscript/fileName/TMP_TextSelector_B.cs: ba2be21a7486d37b1011342977a2e49d -> 
  custom:scripting/monoscript/fileName/Benchmark01.cs: 2d3e2cd961730ab95f139a49a673bace -> 
  custom:scripting/monoscript/fileName/NewBehaviourScript.cs: b21687ddb03d73bd9f0c1daecb9714de -> 
  custom:scripting/monoscript/fileName/Benchmark02.cs: 5640963252ce70910e726415f869ced6 -> 
  custom:scripting/monoscript/fileName/DropdownSample.cs: 0a92251794e5f10400149f96c3c59e5d -> 
  custom:scripting/monoscript/fileName/WarpTextExample.cs: 2663459c266363641981c7d17b698d7f -> 
  custom:CustomObjectIndexerAttribute: 9a22284fe3817be447336de3de66b15e -> 
  custom:container-demuxer-webm: 4f35f7cbe854078d1ac9338744f61a02 -> 
  custom:scripting/monoscript/fileName/ChatController.cs: 876d5ccae6e345dd5d9450eb0a748f16 -> 
  custom:scripting/monoscript/fileName/TextMeshSpawner.cs: 76f28e2ddb031571e6ec62b018f65fa8 -> 
  custom:scripting/monoscript/fileName/TeleType.cs: 31fa97821c4c70f157ec81d507aa6b62 -> 
  custom:scripting/monoscript/fileName/Benchmark04.cs: 32220b148620e52aa81c13a114862bf4 -> 
  custom:scripting/monoscript/fileName/TextMove.cs: fbecd3f268374313100fa014bdf91c18 -> 
  custom:container-muxer-webm: aa71ff27fc2769a1b78a27578f13a17b -> 
  custom:video-decoder-webm-vp8: 9c59270c3fd7afecdb556c50c9e8de78 -> 
  custom:scripting/monoscript/fileName/TMP_PhoneNumberValidator.cs: 7c3049f481e464c6a9a15dee56c3126f -> 
  custom:SearchIndexIgnoredProperties: e643bd26f0fe6173181afceb89e7c659 -> 
  custom:AudioImporter_EditorPlatform: 3918e3fc78b5a79bad01e8451be0beb8 -> 
  custom:scripting/monoscript/fileName/EnvMapAnimator.cs: 1b4f61c17e4b7283c3ac351aacff9d26 -> 
  custom:scripting/monoscript/fileName/ShaderPropAnimator.cs: 55ce425812446482e623ff2695c94cb2 -> 
  custom:scripting/monoscript/fileName/SimpleScript.cs: 454caab0c6c050f29b39d82e1d66d0fa -> 
  custom:scripting/monoscript/fileName/ObjectSpin.cs: 2b96bb2079dd7fa5108d981627a28e1e -> 
  custom:scripting/monoscript/fileName/DojoMove.cs: f8c6c934a3065aa4afaead1f80b93146 -> 
  custom:scripting/monoscript/fileName/CameraController.cs: 34b6be4e23ce86dc89786916c5983296 -> 
  custom:scripting/monoscript/fileName/TMP_TextInfoDebugTool.cs: 3f1709cfb2cc628169113a35b5e9be3f -> 
  custom:framework-osx-AVFoundation: e770b220cccbd017edd2c1fefb359320 -> 
  custom:scripting/monoscript/fileName/TMP_TextSelector_A.cs: 347309a09d56e367b188a6978f75b424 -> 
  custom:video-encoder-webm-vp8: eb34c28f22e8b96e1ab97ce403110664 -> 
  custom:audio-decoder-ogg-vorbis: bf7c407c2cedff20999df2af8eb42d56 -> 
  custom:scripting/monoscript/fileName/VertexJitter.cs: d27eb5498e48714a66aece98da065133 -> 
  custom:scripting/monoscript/fileName/TextConsoleSimulator.cs: 33fc311abb20b5b0ed8f00e4d86b574e -> 
  custom:scripting/monoscript/fileName/VertexColorCycler.cs: 5f984ca91cf3609293aecc6bc5641572 -> 
  custom:scripting/monoscript/fileName/TMP_FrameRateCounter.cs: 46f655df8cb483ac5958307137b1585a -> 
  custom:scripting/monoscript/fileName/VertexShakeB.cs: a6f78c4fcda1a29a1a1c1baefedba9e7 -> 
  custom:scripting/monoscript/fileName/TMP_UiFrameRateCounter.cs: b01021aea19247f14a98ab338907956a -> 
  custom:scripting/monoscript/fileName/TMPro_InstructionOverlay.cs: b626d2270e6ebd5c4311585c18b58d8d -> 
  custom:scripting/monoscript/fileName/TMP_DigitValidator.cs: ac02af96215ae3951a3cce9e1a8c6085 -> 
  custom:audio-encoder-webm-vorbis: bf7c407c2cedff20999df2af8eb42d56 -> 
  custom:scripting/monoscript/fileName/Benchmark01_UGUI.cs: 6148cfe2627b7708298f301788144139 -> 
  custom:scripting/monoscript/fileName/MusicManager.cs: 1f7d0f3015795540ecee058a7a3ae174 -> 
  custom:scripting/precompiled-assembly-types:Assembly-CSharp: c8a5404c60ded555a219ed6350501a26 -> 6032c0c933c699fe27c13914a3aaee66
  custom:scripting/monoscript/fileName/Benchmark03.cs: 17cc87e0529ac71d909a946afb47a274 -> 
========================================================================
Received Prepare
Caller must complete domain reload
Begin MonoManager ReloadAssembly
Thread 0x16dd5f000 may have been prematurely finalized
- Loaded All Assemblies, in  0.246 seconds
Native extension for WindowsStandalone target not found
Native extension for OSXStandalone target not found
Mono: successfully reloaded assembly
- Finished resetting the current domain, in  0.659 seconds
Domain Reload Profiling: 905ms
	BeginReloadAssembly (86ms)
		ExecutionOrderSort (0ms)
		DisableScriptedObjects (3ms)
		BackupInstance (0ms)
		ReleaseScriptingObjects (0ms)
		CreateAndSetChildDomain (29ms)
	RebuildCommonClasses (22ms)
	RebuildNativeTypeToScriptingClass (8ms)
	initialDomainReloadingComplete (13ms)
	LoadAllAssembliesAndSetupDomain (117ms)
		LoadAssemblies (136ms)
		RebuildTransferFunctionScriptingTraits (0ms)
		AnalyzeDomain (13ms)
			TypeCache.Refresh (8ms)
				TypeCache.ScanAssembly (0ms)
			ScanForSourceGeneratedMonoScriptInfo (0ms)
			ResolveRequiredComponents (4ms)
	FinalizeReload (659ms)
		ReleaseScriptCaches (0ms)
		RebuildScriptCaches (0ms)
		SetupLoadedEditorAssemblies (229ms)
			LogAssemblyErrors (0ms)
			InitializePlatformSupportModulesInManaged (4ms)
			SetLoadedEditorAssemblies (3ms)
			RefreshPlugins (0ms)
			BeforeProcessingInitializeOnLoad (33ms)
			ProcessInitializeOnLoadAttributes (175ms)
			ProcessInitializeOnLoadMethodAttributes (13ms)
			AfterProcessingInitializeOnLoad (1ms)
			EditorAssembliesLoaded (0ms)
		ExecutionOrderSort2 (0ms)
		AwakeInstancesAfterBackupRestoration (3ms)
Refreshing native plugins compatible for Editor in 0.88 ms, found 3 plugins.
Preloading 0 native plugins for Editor in 0.00 ms.
Unloading 3007 Unused Serialized files (Serialized files now loaded: 0)
Unloading 25 unused Assets / (0.6 MB). Loaded Objects now: 3742.
Memory consumption went from 0.50 GB to 0.50 GB.
Total: 3.140458 ms (FindLiveObjects: 0.227084 ms CreateObjectMapping: 0.131041 ms MarkObjects: 2.468917 ms  DeleteObjects: 0.311250 ms)

Prepare: number of updated asset objects reloaded= 0
AssetImportParameters requested are different than current active one (requested -> active):
  custom:scripting/monoscript/fileName/SkewTextExample.cs: c142d02d70a129e0533975f7c2f96956 -> 
  custom:container-demuxer-ogg: 62fdf1f143b41e24485cea50d1cbac27 -> 
  custom:scripting/monoscript/fileName/TMP_TextEventHandler.cs: f5cd9d5a43bfefc8f4fec80e6de896a4 -> 
  custom:scripting/monoscript/fileName/TextMeshProFloatingText.cs: 92608fa4a6315cd0786d82205e77b697 -> 
  custom:scripting/monoscript/fileName/VertexZoom.cs: 650ab1e81d40126e3edcf737cce646e4 -> 
  custom:scripting/monoscript/fileName/PressSpaceHandler.cs: 799694d584b6dc4a89e3e3e12c299a26 -> 
  custom:scripting/monoscript/fileName/VertexShakeA.cs: 63ec564c588058369499638dd899e05b -> 
  custom:scripting/monoscript/fileName/TMP_ExampleScript_01.cs: a9d4be556104ff54e7d240529b3e01dc -> 
  custom:video-decoder-ogg-theora: a1e56fd34408186e4bbccfd4996cb3dc -> 
  custom:scripting/monoscript/fileName/TMP_TextEventCheck.cs: 13505d917eab5868c435e0c2986dadfa -> 
  custom:scripting/monoscript/fileName/TMP_TextSelector_B.cs: ba2be21a7486d37b1011342977a2e49d -> 
  custom:scripting/monoscript/fileName/Benchmark01.cs: 2d3e2cd961730ab95f139a49a673bace -> 
  custom:scripting/monoscript/fileName/NewBehaviourScript.cs: b21687ddb03d73bd9f0c1daecb9714de -> 
  custom:scripting/monoscript/fileName/Benchmark02.cs: 5640963252ce70910e726415f869ced6 -> 
  custom:scripting/monoscript/fileName/DropdownSample.cs: 0a92251794e5f10400149f96c3c59e5d -> 
  custom:scripting/monoscript/fileName/WarpTextExample.cs: 2663459c266363641981c7d17b698d7f -> 
  custom:CustomObjectIndexerAttribute: 9a22284fe3817be447336de3de66b15e -> 
  custom:container-demuxer-webm: 4f35f7cbe854078d1ac9338744f61a02 -> 
  custom:scripting/monoscript/fileName/ChatController.cs: 876d5ccae6e345dd5d9450eb0a748f16 -> 
  custom:scripting/monoscript/fileName/TextMeshSpawner.cs: 76f28e2ddb031571e6ec62b018f65fa8 -> 
  custom:scripting/monoscript/fileName/TeleType.cs: 31fa97821c4c70f157ec81d507aa6b62 -> 
  custom:scripting/monoscript/fileName/Benchmark04.cs: 32220b148620e52aa81c13a114862bf4 -> 
  custom:scripting/monoscript/fileName/TextMove.cs: fbecd3f268374313100fa014bdf91c18 -> 
  custom:container-muxer-webm: aa71ff27fc2769a1b78a27578f13a17b -> 
  custom:video-decoder-webm-vp8: 9c59270c3fd7afecdb556c50c9e8de78 -> 
  custom:scripting/monoscript/fileName/TMP_PhoneNumberValidator.cs: 7c3049f481e464c6a9a15dee56c3126f -> 
  custom:SearchIndexIgnoredProperties: e643bd26f0fe6173181afceb89e7c659 -> 
  custom:AudioImporter_EditorPlatform: 3918e3fc78b5a79bad01e8451be0beb8 -> 
  custom:scripting/monoscript/fileName/EnvMapAnimator.cs: 1b4f61c17e4b7283c3ac351aacff9d26 -> 
  custom:scripting/monoscript/fileName/ShaderPropAnimator.cs: 55ce425812446482e623ff2695c94cb2 -> 
  custom:scripting/monoscript/fileName/SimpleScript.cs: 454caab0c6c050f29b39d82e1d66d0fa -> 
  custom:scripting/monoscript/fileName/ObjectSpin.cs: 2b96bb2079dd7fa5108d981627a28e1e -> 
  custom:scripting/monoscript/fileName/DojoMove.cs: f8c6c934a3065aa4afaead1f80b93146 -> 
  custom:scripting/monoscript/fileName/CameraController.cs: 34b6be4e23ce86dc89786916c5983296 -> 
  custom:scripting/monoscript/fileName/TMP_TextInfoDebugTool.cs: 3f1709cfb2cc628169113a35b5e9be3f -> 
  custom:framework-osx-AVFoundation: e770b220cccbd017edd2c1fefb359320 -> 
  custom:scripting/monoscript/fileName/TMP_TextSelector_A.cs: 347309a09d56e367b188a6978f75b424 -> 
  custom:video-encoder-webm-vp8: eb34c28f22e8b96e1ab97ce403110664 -> 
  custom:audio-decoder-ogg-vorbis: bf7c407c2cedff20999df2af8eb42d56 -> 
  custom:scripting/monoscript/fileName/VertexJitter.cs: d27eb5498e48714a66aece98da065133 -> 
  custom:scripting/monoscript/fileName/TextConsoleSimulator.cs: 33fc311abb20b5b0ed8f00e4d86b574e -> 
  custom:scripting/monoscript/fileName/VertexColorCycler.cs: 5f984ca91cf3609293aecc6bc5641572 -> 
  custom:scripting/monoscript/fileName/TMP_FrameRateCounter.cs: 46f655df8cb483ac5958307137b1585a -> 
  custom:scripting/monoscript/fileName/VertexShakeB.cs: a6f78c4fcda1a29a1a1c1baefedba9e7 -> 
  custom:scripting/monoscript/fileName/TMP_UiFrameRateCounter.cs: b01021aea19247f14a98ab338907956a -> 
  custom:scripting/monoscript/fileName/TMPro_InstructionOverlay.cs: b626d2270e6ebd5c4311585c18b58d8d -> 
  custom:scripting/monoscript/fileName/TMP_DigitValidator.cs: ac02af96215ae3951a3cce9e1a8c6085 -> 
  custom:audio-encoder-webm-vorbis: bf7c407c2cedff20999df2af8eb42d56 -> 
  custom:scripting/monoscript/fileName/Benchmark01_UGUI.cs: 6148cfe2627b7708298f301788144139 -> 
  custom:scripting/monoscript/fileName/MusicManager.cs: 1f7d0f3015795540ecee058a7a3ae174 -> 
  custom:scripting/precompiled-assembly-types:Assembly-CSharp: c8a5404c60ded555a219ed6350501a26 -> 6032c0c933c699fe27c13914a3aaee66
  custom:scripting/monoscript/fileName/Benchmark03.cs: 17cc87e0529ac71d909a946afb47a274 -> 
========================================================================
Received Prepare
Caller must complete domain reload
Begin MonoManager ReloadAssembly
Thread 0x16dd5f000 may have been prematurely finalized
- Loaded All Assemblies, in  0.270 seconds
Native extension for WindowsStandalone target not found
Native extension for OSXStandalone target not found
Mono: successfully reloaded assembly
- Finished resetting the current domain, in  0.558 seconds
Domain Reload Profiling: 829ms
	BeginReloadAssembly (92ms)
		ExecutionOrderSort (0ms)
		DisableScriptedObjects (3ms)
		BackupInstance (0ms)
		ReleaseScriptingObjects (0ms)
		CreateAndSetChildDomain (30ms)
	RebuildCommonClasses (23ms)
	RebuildNativeTypeToScriptingClass (8ms)
	initialDomainReloadingComplete (12ms)
	LoadAllAssembliesAndSetupDomain (135ms)
		LoadAssemblies (145ms)
		RebuildTransferFunctionScriptingTraits (0ms)
		AnalyzeDomain (17ms)
			TypeCache.Refresh (8ms)
				TypeCache.ScanAssembly (1ms)
			ScanForSourceGeneratedMonoScriptInfo (5ms)
			ResolveRequiredComponents (3ms)
	FinalizeReload (558ms)
		ReleaseScriptCaches (0ms)
		RebuildScriptCaches (0ms)
		SetupLoadedEditorAssemblies (201ms)
			LogAssemblyErrors (0ms)
			InitializePlatformSupportModulesInManaged (4ms)
			SetLoadedEditorAssemblies (3ms)
			RefreshPlugins (0ms)
			BeforeProcessingInitializeOnLoad (28ms)
			ProcessInitializeOnLoadAttributes (154ms)
			ProcessInitializeOnLoadMethodAttributes (12ms)
			AfterProcessingInitializeOnLoad (1ms)
			EditorAssembliesLoaded (0ms)
		ExecutionOrderSort2 (0ms)
		AwakeInstancesAfterBackupRestoration (2ms)
Refreshing native plugins compatible for Editor in 0.81 ms, found 3 plugins.
Preloading 0 native plugins for Editor in 0.00 ms.
Unloading 3008 Unused Serialized files (Serialized files now loaded: 0)
Unloading 25 unused Assets / (0.6 MB). Loaded Objects now: 3746.
Memory consumption went from 0.50 GB to 0.50 GB.
Total: 2.624292 ms (FindLiveObjects: 0.144459 ms CreateObjectMapping: 0.050916 ms MarkObjects: 2.186334 ms  DeleteObjects: 0.242083 ms)

Prepare: number of updated asset objects reloaded= 0
AssetImportParameters requested are different than current active one (requested -> active):
  custom:scripting/monoscript/fileName/SkewTextExample.cs: c142d02d70a129e0533975f7c2f96956 -> 
  custom:container-demuxer-ogg: 62fdf1f143b41e24485cea50d1cbac27 -> 
  custom:scripting/monoscript/fileName/TMP_TextEventHandler.cs: f5cd9d5a43bfefc8f4fec80e6de896a4 -> 
  custom:scripting/monoscript/fileName/TextMeshProFloatingText.cs: 92608fa4a6315cd0786d82205e77b697 -> 
  custom:scripting/monoscript/fileName/VertexZoom.cs: 650ab1e81d40126e3edcf737cce646e4 -> 
  custom:scripting/monoscript/fileName/PressSpaceHandler.cs: 799694d584b6dc4a89e3e3e12c299a26 -> 
  custom:scripting/monoscript/fileName/VertexShakeA.cs: 63ec564c588058369499638dd899e05b -> 
  custom:scripting/monoscript/fileName/TMP_ExampleScript_01.cs: a9d4be556104ff54e7d240529b3e01dc -> 
  custom:video-decoder-ogg-theora: a1e56fd34408186e4bbccfd4996cb3dc -> 
  custom:scripting/monoscript/fileName/TMP_TextEventCheck.cs: 13505d917eab5868c435e0c2986dadfa -> 
  custom:scripting/monoscript/fileName/TMP_TextSelector_B.cs: ba2be21a7486d37b1011342977a2e49d -> 
  custom:scripting/monoscript/fileName/Benchmark01.cs: 2d3e2cd961730ab95f139a49a673bace -> 
  custom:scripting/monoscript/fileName/NewBehaviourScript.cs: b21687ddb03d73bd9f0c1daecb9714de -> 
  custom:scripting/monoscript/fileName/Benchmark02.cs: 5640963252ce70910e726415f869ced6 -> 
  custom:scripting/monoscript/fileName/DropdownSample.cs: 0a92251794e5f10400149f96c3c59e5d -> 
  custom:scripting/monoscript/fileName/WarpTextExample.cs: 2663459c266363641981c7d17b698d7f -> 
  custom:CustomObjectIndexerAttribute: 9a22284fe3817be447336de3de66b15e -> 
  custom:container-demuxer-webm: 4f35f7cbe854078d1ac9338744f61a02 -> 
  custom:scripting/monoscript/fileName/ChatController.cs: 876d5ccae6e345dd5d9450eb0a748f16 -> 
  custom:scripting/monoscript/fileName/TextMeshSpawner.cs: 76f28e2ddb031571e6ec62b018f65fa8 -> 
  custom:scripting/monoscript/fileName/TeleType.cs: 31fa97821c4c70f157ec81d507aa6b62 -> 
  custom:scripting/monoscript/fileName/Benchmark04.cs: 32220b148620e52aa81c13a114862bf4 -> 
  custom:scripting/monoscript/fileName/TextMove.cs: fbecd3f268374313100fa014bdf91c18 -> 
  custom:container-muxer-webm: aa71ff27fc2769a1b78a27578f13a17b -> 
  custom:video-decoder-webm-vp8: 9c59270c3fd7afecdb556c50c9e8de78 -> 
  custom:scripting/monoscript/fileName/TMP_PhoneNumberValidator.cs: 7c3049f481e464c6a9a15dee56c3126f -> 
  custom:SearchIndexIgnoredProperties: e643bd26f0fe6173181afceb89e7c659 -> 
  custom:AudioImporter_EditorPlatform: 3918e3fc78b5a79bad01e8451be0beb8 -> 
  custom:scripting/monoscript/fileName/EnvMapAnimator.cs: 1b4f61c17e4b7283c3ac351aacff9d26 -> 
  custom:scripting/monoscript/fileName/ShaderPropAnimator.cs: 55ce425812446482e623ff2695c94cb2 -> 
  custom:scripting/monoscript/fileName/SimpleScript.cs: 454caab0c6c050f29b39d82e1d66d0fa -> 
  custom:scripting/monoscript/fileName/SpriteMoveController.cs: f3c0d1388ca81a242766882efdbbb648 -> 
  custom:scripting/monoscript/fileName/ObjectSpin.cs: 2b96bb2079dd7fa5108d981627a28e1e -> 
  custom:scripting/monoscript/fileName/DojoMove.cs: f8c6c934a3065aa4afaead1f80b93146 -> 
  custom:scripting/monoscript/fileName/CameraController.cs: 34b6be4e23ce86dc89786916c5983296 -> 
  custom:scripting/monoscript/fileName/TMP_TextInfoDebugTool.cs: 3f1709cfb2cc628169113a35b5e9be3f -> 
  custom:framework-osx-AVFoundation: e770b220cccbd017edd2c1fefb359320 -> 
  custom:scripting/monoscript/fileName/TMP_TextSelector_A.cs: 347309a09d56e367b188a6978f75b424 -> 
  custom:video-encoder-webm-vp8: eb34c28f22e8b96e1ab97ce403110664 -> 
  custom:audio-decoder-ogg-vorbis: bf7c407c2cedff20999df2af8eb42d56 -> 
  custom:scripting/monoscript/fileName/VertexJitter.cs: d27eb5498e48714a66aece98da065133 -> 
  custom:scripting/monoscript/fileName/TextConsoleSimulator.cs: 33fc311abb20b5b0ed8f00e4d86b574e -> 
  custom:scripting/monoscript/fileName/VertexColorCycler.cs: 5f984ca91cf3609293aecc6bc5641572 -> 
  custom:scripting/monoscript/fileName/TMP_FrameRateCounter.cs: 46f655df8cb483ac5958307137b1585a -> 
  custom:scripting/monoscript/fileName/VertexShakeB.cs: a6f78c4fcda1a29a1a1c1baefedba9e7 -> 
  custom:scripting/monoscript/fileName/TMP_UiFrameRateCounter.cs: b01021aea19247f14a98ab338907956a -> 
  custom:scripting/monoscript/fileName/TMPro_InstructionOverlay.cs: b626d2270e6ebd5c4311585c18b58d8d -> 
  custom:scripting/monoscript/fileName/TMP_DigitValidator.cs: ac02af96215ae3951a3cce9e1a8c6085 -> 
  custom:audio-encoder-webm-vorbis: bf7c407c2cedff20999df2af8eb42d56 -> 
  custom:scripting/monoscript/fileName/Benchmark01_UGUI.cs: 6148cfe2627b7708298f301788144139 -> 
  custom:scripting/monoscript/fileName/MusicManager.cs: 1f7d0f3015795540ecee058a7a3ae174 -> 
  custom:scripting/precompiled-assembly-types:Assembly-CSharp: 8f1eeed699459c852d9ec2c4de618ca6 -> 6032c0c933c699fe27c13914a3aaee66
  custom:scripting/monoscript/fileName/Benchmark03.cs: 17cc87e0529ac71d909a946afb47a274 -> 
========================================================================
Received Import Request.
  Time since last request: 1052.403880 seconds.
  path: Assets/Scenes/Module1/Module1Scripts/SpriteMoveController.cs
  artifactKey: Guid(ae43a0d285b8e47d89e7c7f1a55c06f8) Importer(815301076,1909f56bfc062723c751e8b465ee728b)
Start importing Assets/Scenes/Module1/Module1Scripts/SpriteMoveController.cs using Guid(ae43a0d285b8e47d89e7c7f1a55c06f8) Importer(815301076,1909f56bfc062723c751e8b465ee728b) [PhysX] Initialized MultithreadedTaskDispatcher with 8 workers.
 -> (artifact id: '5445c892b3497f548b7c991a85136f77') in 0.000976 seconds
Number of updated asset objects reloaded before import = 0
Number of asset objects unloaded after import = 0
========================================================================
Received Prepare
Caller must complete domain reload
Begin MonoManager ReloadAssembly
Thread 0x16dd5f000 may have been prematurely finalized
- Loaded All Assemblies, in  0.247 seconds
Native extension for WindowsStandalone target not found
Native extension for OSXStandalone target not found
Mono: successfully reloaded assembly
- Finished resetting the current domain, in  0.612 seconds
Domain Reload Profiling: 859ms
	BeginReloadAssembly (82ms)
		ExecutionOrderSort (0ms)
		DisableScriptedObjects (3ms)
		BackupInstance (0ms)
		ReleaseScriptingObjects (0ms)
		CreateAndSetChildDomain (28ms)
	RebuildCommonClasses (23ms)
	RebuildNativeTypeToScriptingClass (8ms)
	initialDomainReloadingComplete (13ms)
	LoadAllAssembliesAndSetupDomain (122ms)
		LoadAssemblies (132ms)
		RebuildTransferFunctionScriptingTraits (0ms)
		AnalyzeDomain (19ms)
			TypeCache.Refresh (10ms)
				TypeCache.ScanAssembly (1ms)
			ScanForSourceGeneratedMonoScriptInfo (5ms)
			ResolveRequiredComponents (4ms)
	FinalizeReload (612ms)
		ReleaseScriptCaches (0ms)
		RebuildScriptCaches (0ms)
		SetupLoadedEditorAssemblies (208ms)
			LogAssemblyErrors (0ms)
			InitializePlatformSupportModulesInManaged (4ms)
			SetLoadedEditorAssemblies (3ms)
			RefreshPlugins (0ms)
			BeforeProcessingInitializeOnLoad (30ms)
			ProcessInitializeOnLoadAttributes (158ms)
			ProcessInitializeOnLoadMethodAttributes (12ms)
			AfterProcessingInitializeOnLoad (1ms)
			EditorAssembliesLoaded (0ms)
		ExecutionOrderSort2 (0ms)
		AwakeInstancesAfterBackupRestoration (2ms)
Refreshing native plugins compatible for Editor in 0.90 ms, found 3 plugins.
Preloading 0 native plugins for Editor in 0.00 ms.
Unloading 3007 Unused Serialized files (Serialized files now loaded: 0)
Unloading 25 unused Assets / (0.6 MB). Loaded Objects now: 3749.
Memory consumption went from 0.51 GB to 0.51 GB.
Total: 2.885709 ms (FindLiveObjects: 0.147417 ms CreateObjectMapping: 0.051500 ms MarkObjects: 2.435417 ms  DeleteObjects: 0.250667 ms)

Prepare: number of updated asset objects reloaded= 0
AssetImportParameters requested are different than current active one (requested -> active):
  custom:scripting/monoscript/fileName/SkewTextExample.cs: c142d02d70a129e0533975f7c2f96956 -> 
  custom:container-demuxer-ogg: 62fdf1f143b41e24485cea50d1cbac27 -> 
  custom:scripting/monoscript/fileName/TMP_TextEventHandler.cs: f5cd9d5a43bfefc8f4fec80e6de896a4 -> 
  custom:scripting/monoscript/fileName/TextMeshProFloatingText.cs: 92608fa4a6315cd0786d82205e77b697 -> 
  custom:scripting/monoscript/fileName/VertexZoom.cs: 650ab1e81d40126e3edcf737cce646e4 -> 
  custom:scripting/monoscript/fileName/PressSpaceHandler.cs: 799694d584b6dc4a89e3e3e12c299a26 -> 
  custom:scripting/monoscript/fileName/VertexShakeA.cs: 63ec564c588058369499638dd899e05b -> 
  custom:scripting/monoscript/fileName/TMP_ExampleScript_01.cs: a9d4be556104ff54e7d240529b3e01dc -> 
  custom:video-decoder-ogg-theora: a1e56fd34408186e4bbccfd4996cb3dc -> 
  custom:scripting/monoscript/fileName/TMP_TextEventCheck.cs: 13505d917eab5868c435e0c2986dadfa -> 
  custom:scripting/monoscript/fileName/TMP_TextSelector_B.cs: ba2be21a7486d37b1011342977a2e49d -> 
  custom:scripting/monoscript/fileName/Benchmark01.cs: 2d3e2cd961730ab95f139a49a673bace -> 
  custom:scripting/monoscript/fileName/NewBehaviourScript.cs: b21687ddb03d73bd9f0c1daecb9714de -> 
  custom:scripting/monoscript/fileName/Benchmark02.cs: 5640963252ce70910e726415f869ced6 -> 
  custom:scripting/monoscript/fileName/DropdownSample.cs: 0a92251794e5f10400149f96c3c59e5d -> 
  custom:scripting/monoscript/fileName/WarpTextExample.cs: 2663459c266363641981c7d17b698d7f -> 
  custom:CustomObjectIndexerAttribute: 9a22284fe3817be447336de3de66b15e -> 
  custom:container-demuxer-webm: 4f35f7cbe854078d1ac9338744f61a02 -> 
  custom:scripting/monoscript/fileName/ChatController.cs: 876d5ccae6e345dd5d9450eb0a748f16 -> 
  custom:scripting/monoscript/fileName/TextMeshSpawner.cs: 76f28e2ddb031571e6ec62b018f65fa8 -> 
  custom:scripting/monoscript/fileName/TeleType.cs: 31fa97821c4c70f157ec81d507aa6b62 -> 
  custom:scripting/monoscript/fileName/Benchmark04.cs: 32220b148620e52aa81c13a114862bf4 -> 
  custom:scripting/monoscript/fileName/TextMove.cs: fbecd3f268374313100fa014bdf91c18 -> 
  custom:container-muxer-webm: aa71ff27fc2769a1b78a27578f13a17b -> 
  custom:video-decoder-webm-vp8: 9c59270c3fd7afecdb556c50c9e8de78 -> 
  custom:scripting/monoscript/fileName/TMP_PhoneNumberValidator.cs: 7c3049f481e464c6a9a15dee56c3126f -> 
  custom:SearchIndexIgnoredProperties: e643bd26f0fe6173181afceb89e7c659 -> 
  custom:AudioImporter_EditorPlatform: 3918e3fc78b5a79bad01e8451be0beb8 -> 
  custom:scripting/monoscript/fileName/EnvMapAnimator.cs: 1b4f61c17e4b7283c3ac351aacff9d26 -> 
  custom:scripting/monoscript/fileName/ShaderPropAnimator.cs: 55ce425812446482e623ff2695c94cb2 -> 
  custom:scripting/monoscript/fileName/SimpleScript.cs: 454caab0c6c050f29b39d82e1d66d0fa -> 
  custom:scripting/monoscript/fileName/SpriteMoveController.cs: f3c0d1388ca81a242766882efdbbb648 -> 
  custom:scripting/monoscript/fileName/ObjectSpin.cs: 2b96bb2079dd7fa5108d981627a28e1e -> 
  custom:scripting/monoscript/fileName/DojoMove.cs: f8c6c934a3065aa4afaead1f80b93146 -> 
  custom:scripting/monoscript/fileName/CameraController.cs: 34b6be4e23ce86dc89786916c5983296 -> 
  custom:scripting/monoscript/fileName/TMP_TextInfoDebugTool.cs: 3f1709cfb2cc628169113a35b5e9be3f -> 
  custom:framework-osx-AVFoundation: e770b220cccbd017edd2c1fefb359320 -> 
  custom:scripting/monoscript/fileName/TMP_TextSelector_A.cs: 347309a09d56e367b188a6978f75b424 -> 
  custom:video-encoder-webm-vp8: eb34c28f22e8b96e1ab97ce403110664 -> 
  custom:audio-decoder-ogg-vorbis: bf7c407c2cedff20999df2af8eb42d56 -> 
  custom:scripting/monoscript/fileName/VertexJitter.cs: d27eb5498e48714a66aece98da065133 -> 
  custom:scripting/monoscript/fileName/TextConsoleSimulator.cs: 33fc311abb20b5b0ed8f00e4d86b574e -> 
  custom:scripting/monoscript/fileName/VertexColorCycler.cs: 5f984ca91cf3609293aecc6bc5641572 -> 
  custom:scripting/monoscript/fileName/TMP_FrameRateCounter.cs: 46f655df8cb483ac5958307137b1585a -> 
  custom:scripting/monoscript/fileName/VertexShakeB.cs: a6f78c4fcda1a29a1a1c1baefedba9e7 -> 
  custom:scripting/monoscript/fileName/TMP_UiFrameRateCounter.cs: b01021aea19247f14a98ab338907956a -> 
  custom:scripting/monoscript/fileName/TMPro_InstructionOverlay.cs: b626d2270e6ebd5c4311585c18b58d8d -> 
  custom:scripting/monoscript/fileName/TMP_DigitValidator.cs: ac02af96215ae3951a3cce9e1a8c6085 -> 
  custom:audio-encoder-webm-vorbis: bf7c407c2cedff20999df2af8eb42d56 -> 
  custom:scripting/monoscript/fileName/Benchmark01_UGUI.cs: 6148cfe2627b7708298f301788144139 -> 
  custom:scripting/monoscript/fileName/MusicManager.cs: 1f7d0f3015795540ecee058a7a3ae174 -> 
  custom:scripting/precompiled-assembly-types:Assembly-CSharp: 49de858cddd16d004838cd394ae0f269 -> 6032c0c933c699fe27c13914a3aaee66
  custom:scripting/monoscript/fileName/Benchmark03.cs: 17cc87e0529ac71d909a946afb47a274 -> 
========================================================================
Received Prepare
Caller must complete domain reload
Begin MonoManager ReloadAssembly
Thread 0x16dd5f000 may have been prematurely finalized
- Loaded All Assemblies, in  0.210 seconds
Native extension for WindowsStandalone target not found
Native extension for OSXStandalone target not found
Mono: successfully reloaded assembly
- Finished resetting the current domain, in  0.615 seconds
Domain Reload Profiling: 825ms
	BeginReloadAssembly (71ms)
		ExecutionOrderSort (0ms)
		DisableScriptedObjects (3ms)
		BackupInstance (0ms)
		ReleaseScriptingObjects (0ms)
		CreateAndSetChildDomain (21ms)
	RebuildCommonClasses (21ms)
	RebuildNativeTypeToScriptingClass (8ms)
	initialDomainReloadingComplete (12ms)
	LoadAllAssembliesAndSetupDomain (98ms)
		LoadAssemblies (115ms)
		RebuildTransferFunctionScriptingTraits (0ms)
		AnalyzeDomain (9ms)
			TypeCache.Refresh (5ms)
				TypeCache.ScanAssembly (0ms)
			ScanForSourceGeneratedMonoScriptInfo (0ms)
			ResolveRequiredComponents (4ms)
	FinalizeReload (615ms)
		ReleaseScriptCaches (0ms)
		RebuildScriptCaches (0ms)
		SetupLoadedEditorAssemblies (227ms)
			LogAssemblyErrors (0ms)
			InitializePlatformSupportModulesInManaged (4ms)
			SetLoadedEditorAssemblies (3ms)
			RefreshPlugins (0ms)
			BeforeProcessingInitializeOnLoad (32ms)
			ProcessInitializeOnLoadAttributes (174ms)
			ProcessInitializeOnLoadMethodAttributes (13ms)
			AfterProcessingInitializeOnLoad (1ms)
			EditorAssembliesLoaded (0ms)
		ExecutionOrderSort2 (0ms)
		AwakeInstancesAfterBackupRestoration (3ms)
Refreshing native plugins compatible for Editor in 1.11 ms, found 3 plugins.
Preloading 0 native plugins for Editor in 0.00 ms.
Unloading 3008 Unused Serialized files (Serialized files now loaded: 0)
Unloading 25 unused Assets / (0.5 MB). Loaded Objects now: 3752.
Memory consumption went from 0.52 GB to 0.51 GB.
Total: 2.863833 ms (FindLiveObjects: 0.179792 ms CreateObjectMapping: 0.104041 ms MarkObjects: 2.305417 ms  DeleteObjects: 0.273625 ms)

Prepare: number of updated asset objects reloaded= 0
AssetImportParameters requested are different than current active one (requested -> active):
  custom:scripting/monoscript/fileName/SkewTextExample.cs: c142d02d70a129e0533975f7c2f96956 -> 
  custom:container-demuxer-ogg: 62fdf1f143b41e24485cea50d1cbac27 -> 
  custom:scripting/monoscript/fileName/TMP_TextEventHandler.cs: f5cd9d5a43bfefc8f4fec80e6de896a4 -> 
  custom:scripting/monoscript/fileName/TextMeshProFloatingText.cs: 92608fa4a6315cd0786d82205e77b697 -> 
  custom:scripting/monoscript/fileName/VertexZoom.cs: 650ab1e81d40126e3edcf737cce646e4 -> 
  custom:scripting/monoscript/fileName/PressSpaceHandler.cs: 799694d584b6dc4a89e3e3e12c299a26 -> 
  custom:scripting/monoscript/fileName/VertexShakeA.cs: 63ec564c588058369499638dd899e05b -> 
  custom:scripting/monoscript/fileName/TMP_ExampleScript_01.cs: a9d4be556104ff54e7d240529b3e01dc -> 
  custom:video-decoder-ogg-theora: a1e56fd34408186e4bbccfd4996cb3dc -> 
  custom:scripting/monoscript/fileName/TMP_TextEventCheck.cs: 13505d917eab5868c435e0c2986dadfa -> 
  custom:scripting/monoscript/fileName/TMP_TextSelector_B.cs: ba2be21a7486d37b1011342977a2e49d -> 
  custom:scripting/monoscript/fileName/Benchmark01.cs: 2d3e2cd961730ab95f139a49a673bace -> 
  custom:scripting/monoscript/fileName/NewBehaviourScript.cs: b21687ddb03d73bd9f0c1daecb9714de -> 
  custom:scripting/monoscript/fileName/Benchmark02.cs: 5640963252ce70910e726415f869ced6 -> 
  custom:scripting/monoscript/fileName/DropdownSample.cs: 0a92251794e5f10400149f96c3c59e5d -> 
  custom:scripting/monoscript/fileName/WarpTextExample.cs: 2663459c266363641981c7d17b698d7f -> 
  custom:CustomObjectIndexerAttribute: 9a22284fe3817be447336de3de66b15e -> 
  custom:container-demuxer-webm: 4f35f7cbe854078d1ac9338744f61a02 -> 
  custom:scripting/monoscript/fileName/ChatController.cs: 876d5ccae6e345dd5d9450eb0a748f16 -> 
  custom:scripting/monoscript/fileName/TextMeshSpawner.cs: 76f28e2ddb031571e6ec62b018f65fa8 -> 
  custom:scripting/monoscript/fileName/TeleType.cs: 31fa97821c4c70f157ec81d507aa6b62 -> 
  custom:scripting/monoscript/fileName/Benchmark04.cs: 32220b148620e52aa81c13a114862bf4 -> 
  custom:scripting/monoscript/fileName/TextMove.cs: fbecd3f268374313100fa014bdf91c18 -> 
  custom:container-muxer-webm: aa71ff27fc2769a1b78a27578f13a17b -> 
  custom:video-decoder-webm-vp8: 9c59270c3fd7afecdb556c50c9e8de78 -> 
  custom:scripting/monoscript/fileName/TMP_PhoneNumberValidator.cs: 7c3049f481e464c6a9a15dee56c3126f -> 
  custom:SearchIndexIgnoredProperties: e643bd26f0fe6173181afceb89e7c659 -> 
  custom:AudioImporter_EditorPlatform: 3918e3fc78b5a79bad01e8451be0beb8 -> 
  custom:scripting/monoscript/fileName/EnvMapAnimator.cs: 1b4f61c17e4b7283c3ac351aacff9d26 -> 
  custom:scripting/monoscript/fileName/ShaderPropAnimator.cs: 55ce425812446482e623ff2695c94cb2 -> 
  custom:scripting/monoscript/fileName/SimpleScript.cs: 454caab0c6c050f29b39d82e1d66d0fa -> 
  custom:scripting/monoscript/fileName/SpriteMoveController.cs: f3c0d1388ca81a242766882efdbbb648 -> 
  custom:scripting/monoscript/fileName/ObjectSpin.cs: 2b96bb2079dd7fa5108d981627a28e1e -> 
  custom:scripting/monoscript/fileName/DojoMove.cs: f8c6c934a3065aa4afaead1f80b93146 -> 
  custom:scripting/monoscript/fileName/CameraController.cs: 34b6be4e23ce86dc89786916c5983296 -> 
  custom:scripting/monoscript/fileName/TMP_TextInfoDebugTool.cs: 3f1709cfb2cc628169113a35b5e9be3f -> 
  custom:framework-osx-AVFoundation: e770b220cccbd017edd2c1fefb359320 -> 
  custom:scripting/monoscript/fileName/TMP_TextSelector_A.cs: 347309a09d56e367b188a6978f75b424 -> 
  custom:video-encoder-webm-vp8: eb34c28f22e8b96e1ab97ce403110664 -> 
  custom:audio-decoder-ogg-vorbis: bf7c407c2cedff20999df2af8eb42d56 -> 
  custom:scripting/monoscript/fileName/VertexJitter.cs: d27eb5498e48714a66aece98da065133 -> 
  custom:scripting/monoscript/fileName/TextConsoleSimulator.cs: 33fc311abb20b5b0ed8f00e4d86b574e -> 
  custom:scripting/monoscript/fileName/VertexColorCycler.cs: 5f984ca91cf3609293aecc6bc5641572 -> 
  custom:scripting/monoscript/fileName/TMP_FrameRateCounter.cs: 46f655df8cb483ac5958307137b1585a -> 
  custom:scripting/monoscript/fileName/VertexShakeB.cs: a6f78c4fcda1a29a1a1c1baefedba9e7 -> 
  custom:scripting/monoscript/fileName/TMP_UiFrameRateCounter.cs: b01021aea19247f14a98ab338907956a -> 
  custom:scripting/monoscript/fileName/TMPro_InstructionOverlay.cs: b626d2270e6ebd5c4311585c18b58d8d -> 
  custom:scripting/monoscript/fileName/TMP_DigitValidator.cs: ac02af96215ae3951a3cce9e1a8c6085 -> 
  custom:audio-encoder-webm-vorbis: bf7c407c2cedff20999df2af8eb42d56 -> 
  custom:scripting/monoscript/fileName/Benchmark01_UGUI.cs: 6148cfe2627b7708298f301788144139 -> 
  custom:scripting/monoscript/fileName/MusicManager.cs: 1f7d0f3015795540ecee058a7a3ae174 -> 
  custom:scripting/precompiled-assembly-types:Assembly-CSharp: 49de858cddd16d004838cd394ae0f269 -> 6032c0c933c699fe27c13914a3aaee66
  custom:scripting/monoscript/fileName/Benchmark03.cs: 17cc87e0529ac71d909a946afb47a274 -> 
========================================================================
Received Prepare
Caller must complete domain reload
Begin MonoManager ReloadAssembly
Thread 0x16dd5f000 may have been prematurely finalized
- Loaded All Assemblies, in  0.208 seconds
Native extension for WindowsStandalone target not found
Native extension for OSXStandalone target not found
Mono: successfully reloaded assembly
- Finished resetting the current domain, in  0.463 seconds
Domain Reload Profiling: 671ms
	BeginReloadAssembly (73ms)
		ExecutionOrderSort (0ms)
		DisableScriptedObjects (3ms)
		BackupInstance (0ms)
		ReleaseScriptingObjects (0ms)
		CreateAndSetChildDomain (23ms)
	RebuildCommonClasses (21ms)
	RebuildNativeTypeToScriptingClass (8ms)
	initialDomainReloadingComplete (12ms)
	LoadAllAssembliesAndSetupDomain (94ms)
		LoadAssemblies (111ms)
		RebuildTransferFunctionScriptingTraits (0ms)
		AnalyzeDomain (10ms)
			TypeCache.Refresh (5ms)
				TypeCache.ScanAssembly (0ms)
			ScanForSourceGeneratedMonoScriptInfo (0ms)
			ResolveRequiredComponents (4ms)
	FinalizeReload (463ms)
		ReleaseScriptCaches (0ms)
		RebuildScriptCaches (0ms)
		SetupLoadedEditorAssemblies (227ms)
			LogAssemblyErrors (0ms)
			InitializePlatformSupportModulesInManaged (4ms)
			SetLoadedEditorAssemblies (3ms)
			RefreshPlugins (0ms)
			BeforeProcessingInitializeOnLoad (32ms)
			ProcessInitializeOnLoadAttributes (172ms)
			ProcessInitializeOnLoadMethodAttributes (14ms)
			AfterProcessingInitializeOnLoad (1ms)
			EditorAssembliesLoaded (0ms)
		ExecutionOrderSort2 (0ms)
		AwakeInstancesAfterBackupRestoration (3ms)
Refreshing native plugins compatible for Editor in 0.83 ms, found 3 plugins.
Preloading 0 native plugins for Editor in 0.00 ms.
Unloading 3008 Unused Serialized files (Serialized files now loaded: 0)
Unloading 25 unused Assets / (0.6 MB). Loaded Objects now: 3755.
Memory consumption went from 0.52 GB to 0.52 GB.
Total: 2.866500 ms (FindLiveObjects: 0.133958 ms CreateObjectMapping: 0.083333 ms MarkObjects: 2.347708 ms  DeleteObjects: 0.300958 ms)

Prepare: number of updated asset objects reloaded= 0
AssetImportParameters requested are different than current active one (requested -> active):
  custom:scripting/monoscript/fileName/SkewTextExample.cs: c142d02d70a129e0533975f7c2f96956 -> 
  custom:container-demuxer-ogg: 62fdf1f143b41e24485cea50d1cbac27 -> 
  custom:scripting/monoscript/fileName/TMP_TextEventHandler.cs: f5cd9d5a43bfefc8f4fec80e6de896a4 -> 
  custom:scripting/monoscript/fileName/TextMeshProFloatingText.cs: 92608fa4a6315cd0786d82205e77b697 -> 
  custom:scripting/monoscript/fileName/VertexZoom.cs: 650ab1e81d40126e3edcf737cce646e4 -> 
  custom:scripting/monoscript/fileName/PressSpaceHandler.cs: 799694d584b6dc4a89e3e3e12c299a26 -> 
  custom:scripting/monoscript/fileName/VertexShakeA.cs: 63ec564c588058369499638dd899e05b -> 
  custom:scripting/monoscript/fileName/TMP_ExampleScript_01.cs: a9d4be556104ff54e7d240529b3e01dc -> 
  custom:video-decoder-ogg-theora: a1e56fd34408186e4bbccfd4996cb3dc -> 
  custom:scripting/monoscript/fileName/TMP_TextEventCheck.cs: 13505d917eab5868c435e0c2986dadfa -> 
  custom:scripting/monoscript/fileName/TMP_TextSelector_B.cs: ba2be21a7486d37b1011342977a2e49d -> 
  custom:scripting/monoscript/fileName/Benchmark01.cs: 2d3e2cd961730ab95f139a49a673bace -> 
  custom:scripting/monoscript/fileName/NewBehaviourScript.cs: b21687ddb03d73bd9f0c1daecb9714de -> 
  custom:scripting/monoscript/fileName/Benchmark02.cs: 5640963252ce70910e726415f869ced6 -> 
  custom:scripting/monoscript/fileName/DropdownSample.cs: 0a92251794e5f10400149f96c3c59e5d -> 
  custom:scripting/monoscript/fileName/WarpTextExample.cs: 2663459c266363641981c7d17b698d7f -> 
  custom:CustomObjectIndexerAttribute: 9a22284fe3817be447336de3de66b15e -> 
  custom:container-demuxer-webm: 4f35f7cbe854078d1ac9338744f61a02 -> 
  custom:scripting/monoscript/fileName/ChatController.cs: 876d5ccae6e345dd5d9450eb0a748f16 -> 
  custom:scripting/monoscript/fileName/TextMeshSpawner.cs: 76f28e2ddb031571e6ec62b018f65fa8 -> 
  custom:scripting/monoscript/fileName/TeleType.cs: 31fa97821c4c70f157ec81d507aa6b62 -> 
  custom:scripting/monoscript/fileName/Benchmark04.cs: 32220b148620e52aa81c13a114862bf4 -> 
  custom:scripting/monoscript/fileName/TextMove.cs: fbecd3f268374313100fa014bdf91c18 -> 
  custom:container-muxer-webm: aa71ff27fc2769a1b78a27578f13a17b -> 
  custom:video-decoder-webm-vp8: 9c59270c3fd7afecdb556c50c9e8de78 -> 
  custom:scripting/monoscript/fileName/TMP_PhoneNumberValidator.cs: 7c3049f481e464c6a9a15dee56c3126f -> 
  custom:SearchIndexIgnoredProperties: e643bd26f0fe6173181afceb89e7c659 -> 
  custom:AudioImporter_EditorPlatform: 3918e3fc78b5a79bad01e8451be0beb8 -> 
  custom:scripting/monoscript/fileName/EnvMapAnimator.cs: 1b4f61c17e4b7283c3ac351aacff9d26 -> 
  custom:scripting/monoscript/fileName/ShaderPropAnimator.cs: 55ce425812446482e623ff2695c94cb2 -> 
  custom:scripting/monoscript/fileName/SimpleScript.cs: 454caab0c6c050f29b39d82e1d66d0fa -> 
  custom:scripting/monoscript/fileName/SpriteMoveController.cs: f3c0d1388ca81a242766882efdbbb648 -> 
  custom:scripting/monoscript/fileName/ObjectSpin.cs: 2b96bb2079dd7fa5108d981627a28e1e -> 
  custom:scripting/monoscript/fileName/DojoMove.cs: f8c6c934a3065aa4afaead1f80b93146 -> 
  custom:scripting/monoscript/fileName/CameraController.cs: 34b6be4e23ce86dc89786916c5983296 -> 
  custom:scripting/monoscript/fileName/TMP_TextInfoDebugTool.cs: 3f1709cfb2cc628169113a35b5e9be3f -> 
  custom:framework-osx-AVFoundation: e770b220cccbd017edd2c1fefb359320 -> 
  custom:scripting/monoscript/fileName/TMP_TextSelector_A.cs: 347309a09d56e367b188a6978f75b424 -> 
  custom:video-encoder-webm-vp8: eb34c28f22e8b96e1ab97ce403110664 -> 
  custom:audio-decoder-ogg-vorbis: bf7c407c2cedff20999df2af8eb42d56 -> 
  custom:scripting/monoscript/fileName/VertexJitter.cs: d27eb5498e48714a66aece98da065133 -> 
  custom:scripting/monoscript/fileName/TextConsoleSimulator.cs: 33fc311abb20b5b0ed8f00e4d86b574e -> 
  custom:scripting/monoscript/fileName/VertexColorCycler.cs: 5f984ca91cf3609293aecc6bc5641572 -> 
  custom:scripting/monoscript/fileName/TMP_FrameRateCounter.cs: 46f655df8cb483ac5958307137b1585a -> 
  custom:scripting/monoscript/fileName/VertexShakeB.cs: a6f78c4fcda1a29a1a1c1baefedba9e7 -> 
  custom:scripting/monoscript/fileName/TMP_UiFrameRateCounter.cs: b01021aea19247f14a98ab338907956a -> 
  custom:scripting/monoscript/fileName/TMPro_InstructionOverlay.cs: b626d2270e6ebd5c4311585c18b58d8d -> 
  custom:scripting/monoscript/fileName/TMP_DigitValidator.cs: ac02af96215ae3951a3cce9e1a8c6085 -> 
  custom:audio-encoder-webm-vorbis: bf7c407c2cedff20999df2af8eb42d56 -> 
  custom:scripting/monoscript/fileName/Benchmark01_UGUI.cs: 6148cfe2627b7708298f301788144139 -> 
  custom:scripting/monoscript/fileName/MusicManager.cs: 1f7d0f3015795540ecee058a7a3ae174 -> 
  custom:scripting/precompiled-assembly-types:Assembly-CSharp: 49de858cddd16d004838cd394ae0f269 -> 6032c0c933c699fe27c13914a3aaee66
  custom:scripting/monoscript/fileName/Benchmark03.cs: 17cc87e0529ac71d909a946afb47a274 -> 
========================================================================
Received Prepare
Caller must complete domain reload
Begin MonoManager ReloadAssembly
Thread 0x16dd5f000 may have been prematurely finalized
- Loaded All Assemblies, in  0.224 seconds
Native extension for WindowsStandalone target not found
Native extension for OSXStandalone target not found
Mono: successfully reloaded assembly
- Finished resetting the current domain, in  0.559 seconds
Domain Reload Profiling: 783ms
	BeginReloadAssembly (72ms)
		ExecutionOrderSort (0ms)
		DisableScriptedObjects (3ms)
		BackupInstance (0ms)
		ReleaseScriptingObjects (0ms)
		CreateAndSetChildDomain (22ms)
	RebuildCommonClasses (21ms)
	RebuildNativeTypeToScriptingClass (8ms)
	initialDomainReloadingComplete (12ms)
	LoadAllAssembliesAndSetupDomain (111ms)
		LoadAssemblies (128ms)
		RebuildTransferFunctionScriptingTraits (0ms)
		AnalyzeDomain (10ms)
			TypeCache.Refresh (6ms)
				TypeCache.ScanAssembly (0ms)
			ScanForSourceGeneratedMonoScriptInfo (0ms)
			ResolveRequiredComponents (4ms)
	FinalizeReload (559ms)
		ReleaseScriptCaches (0ms)
		RebuildScriptCaches (0ms)
		SetupLoadedEditorAssemblies (203ms)
			LogAssemblyErrors (0ms)
			InitializePlatformSupportModulesInManaged (3ms)
			SetLoadedEditorAssemblies (2ms)
			RefreshPlugins (0ms)
			BeforeProcessingInitializeOnLoad (30ms)
			ProcessInitializeOnLoadAttributes (154ms)
			ProcessInitializeOnLoadMethodAttributes (12ms)
			AfterProcessingInitializeOnLoad (1ms)
			EditorAssembliesLoaded (0ms)
		ExecutionOrderSort2 (0ms)
		AwakeInstancesAfterBackupRestoration (2ms)
Refreshing native plugins compatible for Editor in 0.86 ms, found 3 plugins.
Preloading 0 native plugins for Editor in 0.00 ms.
Unloading 3008 Unused Serialized files (Serialized files now loaded: 0)
Unloading 25 unused Assets / (0.5 MB). Loaded Objects now: 3758.
Memory consumption went from 0.53 GB to 0.52 GB.
Total: 2.950583 ms (FindLiveObjects: 0.162250 ms CreateObjectMapping: 0.070500 ms MarkObjects: 2.481583 ms  DeleteObjects: 0.235833 ms)

Prepare: number of updated asset objects reloaded= 0
AssetImportParameters requested are different than current active one (requested -> active):
  custom:scripting/monoscript/fileName/SkewTextExample.cs: c142d02d70a129e0533975f7c2f96956 -> 
  custom:container-demuxer-ogg: 62fdf1f143b41e24485cea50d1cbac27 -> 
  custom:scripting/monoscript/fileName/TMP_TextEventHandler.cs: f5cd9d5a43bfefc8f4fec80e6de896a4 -> 
  custom:scripting/monoscript/fileName/TextMeshProFloatingText.cs: 92608fa4a6315cd0786d82205e77b697 -> 
  custom:scripting/monoscript/fileName/VertexZoom.cs: 650ab1e81d40126e3edcf737cce646e4 -> 
  custom:scripting/monoscript/fileName/PressSpaceHandler.cs: 799694d584b6dc4a89e3e3e12c299a26 -> 
  custom:scripting/monoscript/fileName/VertexShakeA.cs: 63ec564c588058369499638dd899e05b -> 
  custom:scripting/monoscript/fileName/TMP_ExampleScript_01.cs: a9d4be556104ff54e7d240529b3e01dc -> 
  custom:video-decoder-ogg-theora: a1e56fd34408186e4bbccfd4996cb3dc -> 
  custom:scripting/monoscript/fileName/TMP_TextEventCheck.cs: 13505d917eab5868c435e0c2986dadfa -> 
  custom:scripting/monoscript/fileName/TMP_TextSelector_B.cs: ba2be21a7486d37b1011342977a2e49d -> 
  custom:scripting/monoscript/fileName/Benchmark01.cs: 2d3e2cd961730ab95f139a49a673bace -> 
  custom:scripting/monoscript/fileName/NewBehaviourScript.cs: b21687ddb03d73bd9f0c1daecb9714de -> 
  custom:scripting/monoscript/fileName/Benchmark02.cs: 5640963252ce70910e726415f869ced6 -> 
  custom:scripting/monoscript/fileName/DropdownSample.cs: 0a92251794e5f10400149f96c3c59e5d -> 
  custom:scripting/monoscript/fileName/WarpTextExample.cs: 2663459c266363641981c7d17b698d7f -> 
  custom:CustomObjectIndexerAttribute: 9a22284fe3817be447336de3de66b15e -> 
  custom:container-demuxer-webm: 4f35f7cbe854078d1ac9338744f61a02 -> 
  custom:scripting/monoscript/fileName/ChatController.cs: 876d5ccae6e345dd5d9450eb0a748f16 -> 
  custom:scripting/monoscript/fileName/TextMeshSpawner.cs: 76f28e2ddb031571e6ec62b018f65fa8 -> 
  custom:scripting/monoscript/fileName/TeleType.cs: 31fa97821c4c70f157ec81d507aa6b62 -> 
  custom:scripting/monoscript/fileName/Benchmark04.cs: 32220b148620e52aa81c13a114862bf4 -> 
  custom:scripting/monoscript/fileName/TextMove.cs: fbecd3f268374313100fa014bdf91c18 -> 
  custom:container-muxer-webm: aa71ff27fc2769a1b78a27578f13a17b -> 
  custom:video-decoder-webm-vp8: 9c59270c3fd7afecdb556c50c9e8de78 -> 
  custom:scripting/monoscript/fileName/TMP_PhoneNumberValidator.cs: 7c3049f481e464c6a9a15dee56c3126f -> 
  custom:SearchIndexIgnoredProperties: e643bd26f0fe6173181afceb89e7c659 -> 
  custom:AudioImporter_EditorPlatform: 3918e3fc78b5a79bad01e8451be0beb8 -> 
  custom:scripting/monoscript/fileName/EnvMapAnimator.cs: 1b4f61c17e4b7283c3ac351aacff9d26 -> 
  custom:scripting/monoscript/fileName/ShaderPropAnimator.cs: 55ce425812446482e623ff2695c94cb2 -> 
  custom:scripting/monoscript/fileName/SimpleScript.cs: 454caab0c6c050f29b39d82e1d66d0fa -> 
  custom:scripting/monoscript/fileName/SpriteMoveController.cs: f3c0d1388ca81a242766882efdbbb648 -> 
  custom:scripting/monoscript/fileName/ObjectSpin.cs: 2b96bb2079dd7fa5108d981627a28e1e -> 
  custom:scripting/monoscript/fileName/DojoMove.cs: f8c6c934a3065aa4afaead1f80b93146 -> 
  custom:scripting/monoscript/fileName/CameraController.cs: 34b6be4e23ce86dc89786916c5983296 -> 
  custom:scripting/monoscript/fileName/TMP_TextInfoDebugTool.cs: 3f1709cfb2cc628169113a35b5e9be3f -> 
  custom:framework-osx-AVFoundation: e770b220cccbd017edd2c1fefb359320 -> 
  custom:scripting/monoscript/fileName/TMP_TextSelector_A.cs: 347309a09d56e367b188a6978f75b424 -> 
  custom:video-encoder-webm-vp8: eb34c28f22e8b96e1ab97ce403110664 -> 
  custom:audio-decoder-ogg-vorbis: bf7c407c2cedff20999df2af8eb42d56 -> 
  custom:scripting/monoscript/fileName/VertexJitter.cs: d27eb5498e48714a66aece98da065133 -> 
  custom:scripting/monoscript/fileName/TextConsoleSimulator.cs: 33fc311abb20b5b0ed8f00e4d86b574e -> 
  custom:scripting/monoscript/fileName/VertexColorCycler.cs: 5f984ca91cf3609293aecc6bc5641572 -> 
  custom:scripting/monoscript/fileName/TMP_FrameRateCounter.cs: 46f655df8cb483ac5958307137b1585a -> 
  custom:scripting/monoscript/fileName/VertexShakeB.cs: a6f78c4fcda1a29a1a1c1baefedba9e7 -> 
  custom:scripting/monoscript/fileName/TMP_UiFrameRateCounter.cs: b01021aea19247f14a98ab338907956a -> 
  custom:scripting/monoscript/fileName/TMPro_InstructionOverlay.cs: b626d2270e6ebd5c4311585c18b58d8d -> 
  custom:scripting/monoscript/fileName/TMP_DigitValidator.cs: ac02af96215ae3951a3cce9e1a8c6085 -> 
  custom:audio-encoder-webm-vorbis: bf7c407c2cedff20999df2af8eb42d56 -> 
  custom:scripting/monoscript/fileName/Benchmark01_UGUI.cs: 6148cfe2627b7708298f301788144139 -> 
  custom:scripting/monoscript/fileName/MusicManager.cs: 1f7d0f3015795540ecee058a7a3ae174 -> 
  custom:scripting/precompiled-assembly-types:Assembly-CSharp: 49de858cddd16d004838cd394ae0f269 -> 6032c0c933c699fe27c13914a3aaee66
  custom:scripting/monoscript/fileName/Benchmark03.cs: 17cc87e0529ac71d909a946afb47a274 -> 
========================================================================
Received Prepare
Caller must complete domain reload
Begin MonoManager ReloadAssembly
Thread 0x16dd5f000 may have been prematurely finalized
- Loaded All Assemblies, in  0.230 seconds
Native extension for WindowsStandalone target not found
Native extension for OSXStandalone target not found
Mono: successfully reloaded assembly
- Finished resetting the current domain, in  0.596 seconds
Domain Reload Profiling: 826ms
	BeginReloadAssembly (74ms)
		ExecutionOrderSort (0ms)
		DisableScriptedObjects (3ms)
		BackupInstance (0ms)
		ReleaseScriptingObjects (0ms)
		CreateAndSetChildDomain (22ms)
	RebuildCommonClasses (21ms)
	RebuildNativeTypeToScriptingClass (8ms)
	initialDomainReloadingComplete (13ms)
	LoadAllAssembliesAndSetupDomain (114ms)
		LoadAssemblies (132ms)
		RebuildTransferFunctionScriptingTraits (0ms)
		AnalyzeDomain (10ms)
			TypeCache.Refresh (6ms)
				TypeCache.ScanAssembly (0ms)
			ScanForSourceGeneratedMonoScriptInfo (0ms)
			ResolveRequiredComponents (4ms)
	FinalizeReload (596ms)
		ReleaseScriptCaches (0ms)
		RebuildScriptCaches (0ms)
		SetupLoadedEditorAssemblies (203ms)
			LogAssemblyErrors (0ms)
			InitializePlatformSupportModulesInManaged (4ms)
			SetLoadedEditorAssemblies (3ms)
			RefreshPlugins (0ms)
			BeforeProcessingInitializeOnLoad (30ms)
			ProcessInitializeOnLoadAttributes (155ms)
			ProcessInitializeOnLoadMethodAttributes (11ms)
			AfterProcessingInitializeOnLoad (1ms)
			EditorAssembliesLoaded (0ms)
		ExecutionOrderSort2 (0ms)
		AwakeInstancesAfterBackupRestoration (2ms)
Refreshing native plugins compatible for Editor in 0.81 ms, found 3 plugins.
Preloading 0 native plugins for Editor in 0.00 ms.
Unloading 3008 Unused Serialized files (Serialized files now loaded: 0)
Unloading 25 unused Assets / (0.6 MB). Loaded Objects now: 3761.
Memory consumption went from 0.53 GB to 0.53 GB.
Total: 3.210834 ms (FindLiveObjects: 0.150000 ms CreateObjectMapping: 0.072000 ms MarkObjects: 2.617875 ms  DeleteObjects: 0.370500 ms)

Prepare: number of updated asset objects reloaded= 0
AssetImportParameters requested are different than current active one (requested -> active):
  custom:scripting/monoscript/fileName/SkewTextExample.cs: c142d02d70a129e0533975f7c2f96956 -> 
  custom:container-demuxer-ogg: 62fdf1f143b41e24485cea50d1cbac27 -> 
  custom:scripting/monoscript/fileName/TMP_TextEventHandler.cs: f5cd9d5a43bfefc8f4fec80e6de896a4 -> 
  custom:scripting/monoscript/fileName/TextMeshProFloatingText.cs: 92608fa4a6315cd0786d82205e77b697 -> 
  custom:scripting/monoscript/fileName/VertexZoom.cs: 650ab1e81d40126e3edcf737cce646e4 -> 
  custom:scripting/monoscript/fileName/PressSpaceHandler.cs: 799694d584b6dc4a89e3e3e12c299a26 -> 
  custom:scripting/monoscript/fileName/VertexShakeA.cs: 63ec564c588058369499638dd899e05b -> 
  custom:scripting/monoscript/fileName/TMP_ExampleScript_01.cs: a9d4be556104ff54e7d240529b3e01dc -> 
  custom:video-decoder-ogg-theora: a1e56fd34408186e4bbccfd4996cb3dc -> 
  custom:scripting/monoscript/fileName/TMP_TextEventCheck.cs: 13505d917eab5868c435e0c2986dadfa -> 
  custom:scripting/monoscript/fileName/TMP_TextSelector_B.cs: ba2be21a7486d37b1011342977a2e49d -> 
  custom:scripting/monoscript/fileName/Benchmark01.cs: 2d3e2cd961730ab95f139a49a673bace -> 
  custom:scripting/monoscript/fileName/NewBehaviourScript.cs: b21687ddb03d73bd9f0c1daecb9714de -> 
  custom:scripting/monoscript/fileName/Benchmark02.cs: 5640963252ce70910e726415f869ced6 -> 
  custom:scripting/monoscript/fileName/DropdownSample.cs: 0a92251794e5f10400149f96c3c59e5d -> 
  custom:scripting/monoscript/fileName/WarpTextExample.cs: 2663459c266363641981c7d17b698d7f -> 
  custom:CustomObjectIndexerAttribute: 9a22284fe3817be447336de3de66b15e -> 
  custom:container-demuxer-webm: 4f35f7cbe854078d1ac9338744f61a02 -> 
  custom:scripting/monoscript/fileName/ChatController.cs: 876d5ccae6e345dd5d9450eb0a748f16 -> 
  custom:scripting/monoscript/fileName/TextMeshSpawner.cs: 76f28e2ddb031571e6ec62b018f65fa8 -> 
  custom:scripting/monoscript/fileName/TeleType.cs: 31fa97821c4c70f157ec81d507aa6b62 -> 
  custom:scripting/monoscript/fileName/Benchmark04.cs: 32220b148620e52aa81c13a114862bf4 -> 
  custom:scripting/monoscript/fileName/TextMove.cs: fbecd3f268374313100fa014bdf91c18 -> 
  custom:container-muxer-webm: aa71ff27fc2769a1b78a27578f13a17b -> 
  custom:video-decoder-webm-vp8: 9c59270c3fd7afecdb556c50c9e8de78 -> 
  custom:scripting/monoscript/fileName/TMP_PhoneNumberValidator.cs: 7c3049f481e464c6a9a15dee56c3126f -> 
  custom:SearchIndexIgnoredProperties: e643bd26f0fe6173181afceb89e7c659 -> 
  custom:AudioImporter_EditorPlatform: 3918e3fc78b5a79bad01e8451be0beb8 -> 
  custom:scripting/monoscript/fileName/EnvMapAnimator.cs: 1b4f61c17e4b7283c3ac351aacff9d26 -> 
  custom:scripting/monoscript/fileName/ShaderPropAnimator.cs: 55ce425812446482e623ff2695c94cb2 -> 
  custom:scripting/monoscript/fileName/SimpleScript.cs: 454caab0c6c050f29b39d82e1d66d0fa -> 
  custom:scripting/monoscript/fileName/SpriteMoveController.cs: f3c0d1388ca81a242766882efdbbb648 -> 
  custom:scripting/monoscript/fileName/ObjectSpin.cs: 2b96bb2079dd7fa5108d981627a28e1e -> 
  custom:scripting/monoscript/fileName/DojoMove.cs: f8c6c934a3065aa4afaead1f80b93146 -> 
  custom:scripting/monoscript/fileName/CameraController.cs: 34b6be4e23ce86dc89786916c5983296 -> 
  custom:scripting/monoscript/fileName/TMP_TextInfoDebugTool.cs: 3f1709cfb2cc628169113a35b5e9be3f -> 
  custom:framework-osx-AVFoundation: e770b220cccbd017edd2c1fefb359320 -> 
  custom:scripting/monoscript/fileName/TMP_TextSelector_A.cs: 347309a09d56e367b188a6978f75b424 -> 
  custom:video-encoder-webm-vp8: eb34c28f22e8b96e1ab97ce403110664 -> 
  custom:audio-decoder-ogg-vorbis: bf7c407c2cedff20999df2af8eb42d56 -> 
  custom:scripting/monoscript/fileName/VertexJitter.cs: d27eb5498e48714a66aece98da065133 -> 
  custom:scripting/monoscript/fileName/TextConsoleSimulator.cs: 33fc311abb20b5b0ed8f00e4d86b574e -> 
  custom:scripting/monoscript/fileName/VertexColorCycler.cs: 5f984ca91cf3609293aecc6bc5641572 -> 
  custom:scripting/monoscript/fileName/TMP_FrameRateCounter.cs: 46f655df8cb483ac5958307137b1585a -> 
  custom:scripting/monoscript/fileName/VertexShakeB.cs: a6f78c4fcda1a29a1a1c1baefedba9e7 -> 
  custom:scripting/monoscript/fileName/TMP_UiFrameRateCounter.cs: b01021aea19247f14a98ab338907956a -> 
  custom:scripting/monoscript/fileName/TMPro_InstructionOverlay.cs: b626d2270e6ebd5c4311585c18b58d8d -> 
  custom:scripting/monoscript/fileName/TMP_DigitValidator.cs: ac02af96215ae3951a3cce9e1a8c6085 -> 
  custom:audio-encoder-webm-vorbis: bf7c407c2cedff20999df2af8eb42d56 -> 
  custom:scripting/monoscript/fileName/Benchmark01_UGUI.cs: 6148cfe2627b7708298f301788144139 -> 
  custom:scripting/monoscript/fileName/MusicManager.cs: 1f7d0f3015795540ecee058a7a3ae174 -> 
  custom:scripting/precompiled-assembly-types:Assembly-CSharp: 49de858cddd16d004838cd394ae0f269 -> 6032c0c933c699fe27c13914a3aaee66
  custom:scripting/monoscript/fileName/Benchmark03.cs: 17cc87e0529ac71d909a946afb47a274 -> 
========================================================================
Received Prepare
Caller must complete domain reload
Begin MonoManager ReloadAssembly
Thread 0x16dd5f000 may have been prematurely finalized
- Loaded All Assemblies, in  0.240 seconds
Native extension for WindowsStandalone target not found
Native extension for OSXStandalone target not found
Mono: successfully reloaded assembly
- Finished resetting the current domain, in  0.593 seconds
Domain Reload Profiling: 834ms
	BeginReloadAssembly (83ms)
		ExecutionOrderSort (0ms)
		DisableScriptedObjects (3ms)
		BackupInstance (0ms)
		ReleaseScriptingObjects (0ms)
		CreateAndSetChildDomain (29ms)
	RebuildCommonClasses (22ms)
	RebuildNativeTypeToScriptingClass (8ms)
	initialDomainReloadingComplete (12ms)
	LoadAllAssembliesAndSetupDomain (115ms)
		LoadAssemblies (133ms)
		RebuildTransferFunctionScriptingTraits (0ms)
		AnalyzeDomain (11ms)
			TypeCache.Refresh (6ms)
				TypeCache.ScanAssembly (0ms)
			ScanForSourceGeneratedMonoScriptInfo (0ms)
			ResolveRequiredComponents (4ms)
	FinalizeReload (594ms)
		ReleaseScriptCaches (0ms)
		RebuildScriptCaches (0ms)
		SetupLoadedEditorAssemblies (221ms)
			LogAssemblyErrors (0ms)
			InitializePlatformSupportModulesInManaged (4ms)
			SetLoadedEditorAssemblies (3ms)
			RefreshPlugins (0ms)
			BeforeProcessingInitializeOnLoad (31ms)
			ProcessInitializeOnLoadAttributes (168ms)
			ProcessInitializeOnLoadMethodAttributes (14ms)
			AfterProcessingInitializeOnLoad (1ms)
			EditorAssembliesLoaded (0ms)
		ExecutionOrderSort2 (0ms)
		AwakeInstancesAfterBackupRestoration (3ms)
Refreshing native plugins compatible for Editor in 0.86 ms, found 3 plugins.
Preloading 0 native plugins for Editor in 0.00 ms.
Unloading 3008 Unused Serialized files (Serialized files now loaded: 0)
Unloading 25 unused Assets / (0.6 MB). Loaded Objects now: 3764.
Memory consumption went from 0.54 GB to 0.54 GB.
Total: 3.236042 ms (FindLiveObjects: 0.233334 ms CreateObjectMapping: 0.117375 ms MarkObjects: 2.550875 ms  DeleteObjects: 0.333542 ms)

Prepare: number of updated asset objects reloaded= 0
AssetImportParameters requested are different than current active one (requested -> active):
  custom:scripting/monoscript/fileName/SkewTextExample.cs: c142d02d70a129e0533975f7c2f96956 -> 
  custom:container-demuxer-ogg: 62fdf1f143b41e24485cea50d1cbac27 -> 
  custom:scripting/monoscript/fileName/TMP_TextEventHandler.cs: f5cd9d5a43bfefc8f4fec80e6de896a4 -> 
  custom:scripting/monoscript/fileName/TextMeshProFloatingText.cs: 92608fa4a6315cd0786d82205e77b697 -> 
  custom:scripting/monoscript/fileName/VertexZoom.cs: 650ab1e81d40126e3edcf737cce646e4 -> 
  custom:scripting/monoscript/fileName/PressSpaceHandler.cs: 799694d584b6dc4a89e3e3e12c299a26 -> 
  custom:scripting/monoscript/fileName/VertexShakeA.cs: 63ec564c588058369499638dd899e05b -> 
  custom:scripting/monoscript/fileName/TMP_ExampleScript_01.cs: a9d4be556104ff54e7d240529b3e01dc -> 
  custom:video-decoder-ogg-theora: a1e56fd34408186e4bbccfd4996cb3dc -> 
  custom:scripting/monoscript/fileName/TMP_TextEventCheck.cs: 13505d917eab5868c435e0c2986dadfa -> 
  custom:scripting/monoscript/fileName/TMP_TextSelector_B.cs: ba2be21a7486d37b1011342977a2e49d -> 
  custom:scripting/monoscript/fileName/Benchmark01.cs: 2d3e2cd961730ab95f139a49a673bace -> 
  custom:scripting/monoscript/fileName/NewBehaviourScript.cs: b21687ddb03d73bd9f0c1daecb9714de -> 
  custom:scripting/monoscript/fileName/Benchmark02.cs: 5640963252ce70910e726415f869ced6 -> 
  custom:scripting/monoscript/fileName/DropdownSample.cs: 0a92251794e5f10400149f96c3c59e5d -> 
  custom:scripting/monoscript/fileName/WarpTextExample.cs: 2663459c266363641981c7d17b698d7f -> 
  custom:CustomObjectIndexerAttribute: 9a22284fe3817be447336de3de66b15e -> 
  custom:container-demuxer-webm: 4f35f7cbe854078d1ac9338744f61a02 -> 
  custom:scripting/monoscript/fileName/ChatController.cs: 876d5ccae6e345dd5d9450eb0a748f16 -> 
  custom:scripting/monoscript/fileName/TextMeshSpawner.cs: 76f28e2ddb031571e6ec62b018f65fa8 -> 
  custom:scripting/monoscript/fileName/TeleType.cs: 31fa97821c4c70f157ec81d507aa6b62 -> 
  custom:scripting/monoscript/fileName/Benchmark04.cs: 32220b148620e52aa81c13a114862bf4 -> 
  custom:scripting/monoscript/fileName/TextMove.cs: fbecd3f268374313100fa014bdf91c18 -> 
  custom:container-muxer-webm: aa71ff27fc2769a1b78a27578f13a17b -> 
  custom:video-decoder-webm-vp8: 9c59270c3fd7afecdb556c50c9e8de78 -> 
  custom:scripting/monoscript/fileName/TMP_PhoneNumberValidator.cs: 7c3049f481e464c6a9a15dee56c3126f -> 
  custom:SearchIndexIgnoredProperties: e643bd26f0fe6173181afceb89e7c659 -> 
  custom:AudioImporter_EditorPlatform: 3918e3fc78b5a79bad01e8451be0beb8 -> 
  custom:scripting/monoscript/fileName/EnvMapAnimator.cs: 1b4f61c17e4b7283c3ac351aacff9d26 -> 
  custom:scripting/monoscript/fileName/ShaderPropAnimator.cs: 55ce425812446482e623ff2695c94cb2 -> 
  custom:scripting/monoscript/fileName/SimpleScript.cs: 454caab0c6c050f29b39d82e1d66d0fa -> 
  custom:scripting/monoscript/fileName/SpriteMoveController.cs: f3c0d1388ca81a242766882efdbbb648 -> 
  custom:scripting/monoscript/fileName/ObjectSpin.cs: 2b96bb2079dd7fa5108d981627a28e1e -> 
  custom:scripting/monoscript/fileName/DojoMove.cs: f8c6c934a3065aa4afaead1f80b93146 -> 
  custom:scripting/monoscript/fileName/CameraController.cs: 34b6be4e23ce86dc89786916c5983296 -> 
  custom:scripting/monoscript/fileName/TMP_TextInfoDebugTool.cs: 3f1709cfb2cc628169113a35b5e9be3f -> 
  custom:framework-osx-AVFoundation: e770b220cccbd017edd2c1fefb359320 -> 
  custom:scripting/monoscript/fileName/TMP_TextSelector_A.cs: 347309a09d56e367b188a6978f75b424 -> 
  custom:video-encoder-webm-vp8: eb34c28f22e8b96e1ab97ce403110664 -> 
  custom:audio-decoder-ogg-vorbis: bf7c407c2cedff20999df2af8eb42d56 -> 
  custom:scripting/monoscript/fileName/VertexJitter.cs: d27eb5498e48714a66aece98da065133 -> 
  custom:scripting/monoscript/fileName/TextConsoleSimulator.cs: 33fc311abb20b5b0ed8f00e4d86b574e -> 
  custom:scripting/monoscript/fileName/VertexColorCycler.cs: 5f984ca91cf3609293aecc6bc5641572 -> 
  custom:scripting/monoscript/fileName/TMP_FrameRateCounter.cs: 46f655df8cb483ac5958307137b1585a -> 
  custom:scripting/monoscript/fileName/VertexShakeB.cs: a6f78c4fcda1a29a1a1c1baefedba9e7 -> 
  custom:scripting/monoscript/fileName/TMP_UiFrameRateCounter.cs: b01021aea19247f14a98ab338907956a -> 
  custom:scripting/monoscript/fileName/TMPro_InstructionOverlay.cs: b626d2270e6ebd5c4311585c18b58d8d -> 
  custom:scripting/monoscript/fileName/TMP_DigitValidator.cs: ac02af96215ae3951a3cce9e1a8c6085 -> 
  custom:audio-encoder-webm-vorbis: bf7c407c2cedff20999df2af8eb42d56 -> 
  custom:scripting/monoscript/fileName/Benchmark01_UGUI.cs: 6148cfe2627b7708298f301788144139 -> 
  custom:scripting/monoscript/fileName/MusicManager.cs: 1f7d0f3015795540ecee058a7a3ae174 -> 
  custom:scripting/precompiled-assembly-types:Assembly-CSharp: 49de858cddd16d004838cd394ae0f269 -> 6032c0c933c699fe27c13914a3aaee66
  custom:scripting/monoscript/fileName/Benchmark03.cs: 17cc87e0529ac71d909a946afb47a274 -> 
========================================================================
Received Prepare
Caller must complete domain reload
Begin MonoManager ReloadAssembly
Thread 0x16dd5f000 may have been prematurely finalized
- Loaded All Assemblies, in  0.245 seconds
Native extension for WindowsStandalone target not found
Native extension for OSXStandalone target not found
Mono: successfully reloaded assembly
- Finished resetting the current domain, in  0.606 seconds
Domain Reload Profiling: 852ms
	BeginReloadAssembly (73ms)
		ExecutionOrderSort (0ms)
		DisableScriptedObjects (3ms)
		BackupInstance (0ms)
		ReleaseScriptingObjects (0ms)
		CreateAndSetChildDomain (22ms)
	RebuildCommonClasses (21ms)
	RebuildNativeTypeToScriptingClass (8ms)
	initialDomainReloadingComplete (13ms)
	LoadAllAssembliesAndSetupDomain (131ms)
		LoadAssemblies (142ms)
		RebuildTransferFunctionScriptingTraits (0ms)
		AnalyzeDomain (16ms)
			TypeCache.Refresh (8ms)
				TypeCache.ScanAssembly (1ms)
			ScanForSourceGeneratedMonoScriptInfo (4ms)
			ResolveRequiredComponents (3ms)
	FinalizeReload (607ms)
		ReleaseScriptCaches (0ms)
		RebuildScriptCaches (0ms)
		SetupLoadedEditorAssemblies (204ms)
			LogAssemblyErrors (0ms)
			InitializePlatformSupportModulesInManaged (4ms)
			SetLoadedEditorAssemblies (3ms)
			RefreshPlugins (0ms)
			BeforeProcessingInitializeOnLoad (30ms)
			ProcessInitializeOnLoadAttributes (155ms)
			ProcessInitializeOnLoadMethodAttributes (12ms)
			AfterProcessingInitializeOnLoad (1ms)
			EditorAssembliesLoaded (0ms)
		ExecutionOrderSort2 (0ms)
		AwakeInstancesAfterBackupRestoration (2ms)
Refreshing native plugins compatible for Editor in 0.74 ms, found 3 plugins.
Preloading 0 native plugins for Editor in 0.00 ms.
Unloading 3008 Unused Serialized files (Serialized files now loaded: 0)
Unloading 25 unused Assets / (0.6 MB). Loaded Objects now: 3767.
Memory consumption went from 0.54 GB to 0.54 GB.
Total: 2.400000 ms (FindLiveObjects: 0.133833 ms CreateObjectMapping: 0.058333 ms MarkObjects: 1.998625 ms  DeleteObjects: 0.208750 ms)

Prepare: number of updated asset objects reloaded= 0
AssetImportParameters requested are different than current active one (requested -> active):
  custom:scripting/monoscript/fileName/SkewTextExample.cs: c142d02d70a129e0533975f7c2f96956 -> 
  custom:container-demuxer-ogg: 62fdf1f143b41e24485cea50d1cbac27 -> 
  custom:scripting/monoscript/fileName/TMP_TextEventHandler.cs: f5cd9d5a43bfefc8f4fec80e6de896a4 -> 
  custom:scripting/monoscript/fileName/TextMeshProFloatingText.cs: 92608fa4a6315cd0786d82205e77b697 -> 
  custom:scripting/monoscript/fileName/VertexZoom.cs: 650ab1e81d40126e3edcf737cce646e4 -> 
  custom:scripting/monoscript/fileName/PressSpaceHandler.cs: 799694d584b6dc4a89e3e3e12c299a26 -> 
  custom:scripting/monoscript/fileName/VertexShakeA.cs: 63ec564c588058369499638dd899e05b -> 
  custom:scripting/monoscript/fileName/TMP_ExampleScript_01.cs: a9d4be556104ff54e7d240529b3e01dc -> 
  custom:video-decoder-ogg-theora: a1e56fd34408186e4bbccfd4996cb3dc -> 
  custom:scripting/monoscript/fileName/TMP_TextEventCheck.cs: 13505d917eab5868c435e0c2986dadfa -> 
  custom:scripting/monoscript/fileName/TMP_TextSelector_B.cs: ba2be21a7486d37b1011342977a2e49d -> 
  custom:scripting/monoscript/fileName/Benchmark01.cs: 2d3e2cd961730ab95f139a49a673bace -> 
  custom:scripting/monoscript/fileName/NewBehaviourScript.cs: b21687ddb03d73bd9f0c1daecb9714de -> 
  custom:scripting/monoscript/fileName/Benchmark02.cs: 5640963252ce70910e726415f869ced6 -> 
  custom:scripting/monoscript/fileName/DropdownSample.cs: 0a92251794e5f10400149f96c3c59e5d -> 
  custom:scripting/monoscript/fileName/WarpTextExample.cs: 2663459c266363641981c7d17b698d7f -> 
  custom:CustomObjectIndexerAttribute: 9a22284fe3817be447336de3de66b15e -> 
  custom:container-demuxer-webm: 4f35f7cbe854078d1ac9338744f61a02 -> 
  custom:scripting/monoscript/fileName/ChatController.cs: 876d5ccae6e345dd5d9450eb0a748f16 -> 
  custom:scripting/monoscript/fileName/TextMeshSpawner.cs: 76f28e2ddb031571e6ec62b018f65fa8 -> 
  custom:scripting/monoscript/fileName/TeleType.cs: 31fa97821c4c70f157ec81d507aa6b62 -> 
  custom:scripting/monoscript/fileName/Benchmark04.cs: 32220b148620e52aa81c13a114862bf4 -> 
  custom:scripting/monoscript/fileName/TextMove.cs: fbecd3f268374313100fa014bdf91c18 -> 
  custom:container-muxer-webm: aa71ff27fc2769a1b78a27578f13a17b -> 
  custom:video-decoder-webm-vp8: 9c59270c3fd7afecdb556c50c9e8de78 -> 
  custom:scripting/monoscript/fileName/TMP_PhoneNumberValidator.cs: 7c3049f481e464c6a9a15dee56c3126f -> 
  custom:SearchIndexIgnoredProperties: e643bd26f0fe6173181afceb89e7c659 -> 
  custom:AudioImporter_EditorPlatform: 3918e3fc78b5a79bad01e8451be0beb8 -> 
  custom:scripting/monoscript/fileName/EnvMapAnimator.cs: 1b4f61c17e4b7283c3ac351aacff9d26 -> 
  custom:scripting/monoscript/fileName/ShaderPropAnimator.cs: 55ce425812446482e623ff2695c94cb2 -> 
  custom:scripting/monoscript/fileName/SimpleScript.cs: 454caab0c6c050f29b39d82e1d66d0fa -> 
  custom:scripting/monoscript/fileName/SpriteMoveController.cs: f3c0d1388ca81a242766882efdbbb648 -> 
  custom:scripting/monoscript/fileName/ObjectSpin.cs: 2b96bb2079dd7fa5108d981627a28e1e -> 
  custom:scripting/monoscript/fileName/DojoMove.cs: f8c6c934a3065aa4afaead1f80b93146 -> 
  custom:scripting/monoscript/fileName/CameraController.cs: 34b6be4e23ce86dc89786916c5983296 -> 
  custom:scripting/monoscript/fileName/TMP_TextInfoDebugTool.cs: 3f1709cfb2cc628169113a35b5e9be3f -> 
  custom:framework-osx-AVFoundation: e770b220cccbd017edd2c1fefb359320 -> 
  custom:scripting/monoscript/fileName/TMP_TextSelector_A.cs: 347309a09d56e367b188a6978f75b424 -> 
  custom:video-encoder-webm-vp8: eb34c28f22e8b96e1ab97ce403110664 -> 
  custom:audio-decoder-ogg-vorbis: bf7c407c2cedff20999df2af8eb42d56 -> 
  custom:scripting/monoscript/fileName/VertexJitter.cs: d27eb5498e48714a66aece98da065133 -> 
  custom:scripting/monoscript/fileName/TextConsoleSimulator.cs: 33fc311abb20b5b0ed8f00e4d86b574e -> 
  custom:scripting/monoscript/fileName/VertexColorCycler.cs: 5f984ca91cf3609293aecc6bc5641572 -> 
  custom:scripting/monoscript/fileName/TMP_FrameRateCounter.cs: 46f655df8cb483ac5958307137b1585a -> 
  custom:scripting/monoscript/fileName/VertexShakeB.cs: a6f78c4fcda1a29a1a1c1baefedba9e7 -> 
  custom:scripting/monoscript/fileName/TMP_UiFrameRateCounter.cs: b01021aea19247f14a98ab338907956a -> 
  custom:scripting/monoscript/fileName/TMPro_InstructionOverlay.cs: b626d2270e6ebd5c4311585c18b58d8d -> 
  custom:scripting/monoscript/fileName/TMP_DigitValidator.cs: ac02af96215ae3951a3cce9e1a8c6085 -> 
  custom:audio-encoder-webm-vorbis: bf7c407c2cedff20999df2af8eb42d56 -> 
  custom:scripting/monoscript/fileName/Benchmark01_UGUI.cs: 6148cfe2627b7708298f301788144139 -> 
  custom:scripting/monoscript/fileName/MusicManager.cs: 1f7d0f3015795540ecee058a7a3ae174 -> 
  custom:scripting/precompiled-assembly-types:Assembly-CSharp: 49de858cddd16d004838cd394ae0f269 -> 6032c0c933c699fe27c13914a3aaee66
  custom:scripting/monoscript/fileName/Benchmark03.cs: 17cc87e0529ac71d909a946afb47a274 -> 
========================================================================
Received Import Request.
  Time since last request: 466.560631 seconds.
  path: Assets/Scenes/Introduction/IntroScripts/DojoMove.cs
  artifactKey: Guid(7a46d27e105ef4a61858a0b83b7cd4f1) Importer(815301076,1909f56bfc062723c751e8b465ee728b)
Start importing Assets/Scenes/Introduction/IntroScripts/DojoMove.cs using Guid(7a46d27e105ef4a61858a0b83b7cd4f1) Importer(815301076,1909f56bfc062723c751e8b465ee728b) [PhysX] Initialized MultithreadedTaskDispatcher with 8 workers.
 -> (artifact id: 'c0971f404405684df6888c19b31e52f0') in 0.000979 seconds
Number of updated asset objects reloaded before import = 0
Number of asset objects unloaded after import = 0
========================================================================
Received Prepare
Caller must complete domain reload
Begin MonoManager ReloadAssembly
Thread 0x16dd5f000 may have been prematurely finalized
- Loaded All Assemblies, in  0.236 seconds
Native extension for WindowsStandalone target not found
Native extension for OSXStandalone target not found
Mono: successfully reloaded assembly
- Finished resetting the current domain, in  0.551 seconds
Domain Reload Profiling: 787ms
	BeginReloadAssembly (77ms)
		ExecutionOrderSort (0ms)
		DisableScriptedObjects (3ms)
		BackupInstance (0ms)
		ReleaseScriptingObjects (0ms)
		CreateAndSetChildDomain (25ms)
	RebuildCommonClasses (22ms)
	RebuildNativeTypeToScriptingClass (8ms)
	initialDomainReloadingComplete (14ms)
	LoadAllAssembliesAndSetupDomain (116ms)
		LoadAssemblies (128ms)
		RebuildTransferFunctionScriptingTraits (0ms)
		AnalyzeDomain (16ms)
			TypeCache.Refresh (8ms)
				TypeCache.ScanAssembly (1ms)
			ScanForSourceGeneratedMonoScriptInfo (4ms)
			ResolveRequiredComponents (3ms)
	FinalizeReload (551ms)
		ReleaseScriptCaches (0ms)
		RebuildScriptCaches (0ms)
		SetupLoadedEditorAssemblies (198ms)
			LogAssemblyErrors (0ms)
			InitializePlatformSupportModulesInManaged (4ms)
			SetLoadedEditorAssemblies (2ms)
			RefreshPlugins (0ms)
			BeforeProcessingInitializeOnLoad (29ms)
			ProcessInitializeOnLoadAttributes (150ms)
			ProcessInitializeOnLoadMethodAttributes (12ms)
			AfterProcessingInitializeOnLoad (1ms)
			EditorAssembliesLoaded (0ms)
		ExecutionOrderSort2 (0ms)
		AwakeInstancesAfterBackupRestoration (2ms)
Refreshing native plugins compatible for Editor in 0.74 ms, found 3 plugins.
Preloading 0 native plugins for Editor in 0.00 ms.
Unloading 3007 Unused Serialized files (Serialized files now loaded: 0)
Unloading 25 unused Assets / (0.5 MB). Loaded Objects now: 3770.
Memory consumption went from 0.54 GB to 0.54 GB.
Total: 2.464875 ms (FindLiveObjects: 0.129250 ms CreateObjectMapping: 0.049417 ms MarkObjects: 1.965917 ms  DeleteObjects: 0.319500 ms)

Prepare: number of updated asset objects reloaded= 0
AssetImportParameters requested are different than current active one (requested -> active):
  custom:scripting/monoscript/fileName/SkewTextExample.cs: c142d02d70a129e0533975f7c2f96956 -> 
  custom:container-demuxer-ogg: 62fdf1f143b41e24485cea50d1cbac27 -> 
  custom:scripting/monoscript/fileName/TMP_TextEventHandler.cs: f5cd9d5a43bfefc8f4fec80e6de896a4 -> 
  custom:scripting/monoscript/fileName/TextMeshProFloatingText.cs: 92608fa4a6315cd0786d82205e77b697 -> 
  custom:scripting/monoscript/fileName/VertexZoom.cs: 650ab1e81d40126e3edcf737cce646e4 -> 
  custom:scripting/monoscript/fileName/PressSpaceHandler.cs: 799694d584b6dc4a89e3e3e12c299a26 -> 
  custom:scripting/monoscript/fileName/VertexShakeA.cs: 63ec564c588058369499638dd899e05b -> 
  custom:scripting/monoscript/fileName/TMP_ExampleScript_01.cs: a9d4be556104ff54e7d240529b3e01dc -> 
  custom:video-decoder-ogg-theora: a1e56fd34408186e4bbccfd4996cb3dc -> 
  custom:scripting/monoscript/fileName/TMP_TextEventCheck.cs: 13505d917eab5868c435e0c2986dadfa -> 
  custom:scripting/monoscript/fileName/TMP_TextSelector_B.cs: ba2be21a7486d37b1011342977a2e49d -> 
  custom:scripting/monoscript/fileName/Benchmark01.cs: 2d3e2cd961730ab95f139a49a673bace -> 
  custom:scripting/monoscript/fileName/NewBehaviourScript.cs: b21687ddb03d73bd9f0c1daecb9714de -> 
  custom:scripting/monoscript/fileName/Benchmark02.cs: 5640963252ce70910e726415f869ced6 -> 
  custom:scripting/monoscript/fileName/DropdownSample.cs: 0a92251794e5f10400149f96c3c59e5d -> 
  custom:scripting/monoscript/fileName/WarpTextExample.cs: 2663459c266363641981c7d17b698d7f -> 
  custom:CustomObjectIndexerAttribute: 9a22284fe3817be447336de3de66b15e -> 
  custom:container-demuxer-webm: 4f35f7cbe854078d1ac9338744f61a02 -> 
  custom:scripting/monoscript/fileName/ChatController.cs: 876d5ccae6e345dd5d9450eb0a748f16 -> 
  custom:scripting/monoscript/fileName/TextMeshSpawner.cs: 76f28e2ddb031571e6ec62b018f65fa8 -> 
  custom:scripting/monoscript/fileName/TeleType.cs: 31fa97821c4c70f157ec81d507aa6b62 -> 
  custom:scripting/monoscript/fileName/Benchmark04.cs: 32220b148620e52aa81c13a114862bf4 -> 
  custom:scripting/monoscript/fileName/TextMove.cs: fbecd3f268374313100fa014bdf91c18 -> 
  custom:container-muxer-webm: aa71ff27fc2769a1b78a27578f13a17b -> 
  custom:video-decoder-webm-vp8: 9c59270c3fd7afecdb556c50c9e8de78 -> 
  custom:scripting/monoscript/fileName/TMP_PhoneNumberValidator.cs: 7c3049f481e464c6a9a15dee56c3126f -> 
  custom:SearchIndexIgnoredProperties: e643bd26f0fe6173181afceb89e7c659 -> 
  custom:AudioImporter_EditorPlatform: 3918e3fc78b5a79bad01e8451be0beb8 -> 
  custom:scripting/monoscript/fileName/EnvMapAnimator.cs: 1b4f61c17e4b7283c3ac351aacff9d26 -> 
  custom:scripting/monoscript/fileName/ShaderPropAnimator.cs: 55ce425812446482e623ff2695c94cb2 -> 
  custom:scripting/monoscript/fileName/SimpleScript.cs: 454caab0c6c050f29b39d82e1d66d0fa -> 
  custom:scripting/monoscript/fileName/SpriteMoveController.cs: f3c0d1388ca81a242766882efdbbb648 -> 
  custom:scripting/monoscript/fileName/ObjectSpin.cs: 2b96bb2079dd7fa5108d981627a28e1e -> 
  custom:scripting/monoscript/fileName/DojoMove.cs: f8c6c934a3065aa4afaead1f80b93146 -> 
  custom:scripting/monoscript/fileName/CameraController.cs: 34b6be4e23ce86dc89786916c5983296 -> 
  custom:scripting/monoscript/fileName/TMP_TextInfoDebugTool.cs: 3f1709cfb2cc628169113a35b5e9be3f -> 
  custom:framework-osx-AVFoundation: e770b220cccbd017edd2c1fefb359320 -> 
  custom:scripting/monoscript/fileName/TMP_TextSelector_A.cs: 347309a09d56e367b188a6978f75b424 -> 
  custom:video-encoder-webm-vp8: eb34c28f22e8b96e1ab97ce403110664 -> 
  custom:audio-decoder-ogg-vorbis: bf7c407c2cedff20999df2af8eb42d56 -> 
  custom:scripting/monoscript/fileName/VertexJitter.cs: d27eb5498e48714a66aece98da065133 -> 
  custom:scripting/monoscript/fileName/TextConsoleSimulator.cs: 33fc311abb20b5b0ed8f00e4d86b574e -> 
  custom:scripting/monoscript/fileName/VertexColorCycler.cs: 5f984ca91cf3609293aecc6bc5641572 -> 
  custom:scripting/monoscript/fileName/TMP_FrameRateCounter.cs: 46f655df8cb483ac5958307137b1585a -> 
  custom:scripting/monoscript/fileName/VertexShakeB.cs: a6f78c4fcda1a29a1a1c1baefedba9e7 -> 
  custom:scripting/monoscript/fileName/TMP_UiFrameRateCounter.cs: b01021aea19247f14a98ab338907956a -> 
  custom:scripting/monoscript/fileName/TMPro_InstructionOverlay.cs: b626d2270e6ebd5c4311585c18b58d8d -> 
  custom:scripting/monoscript/fileName/TMP_DigitValidator.cs: ac02af96215ae3951a3cce9e1a8c6085 -> 
  custom:audio-encoder-webm-vorbis: bf7c407c2cedff20999df2af8eb42d56 -> 
  custom:scripting/monoscript/fileName/Benchmark01_UGUI.cs: 6148cfe2627b7708298f301788144139 -> 
  custom:scripting/monoscript/fileName/MusicManager.cs: 1f7d0f3015795540ecee058a7a3ae174 -> 
  custom:scripting/precompiled-assembly-types:Assembly-CSharp: 49de858cddd16d004838cd394ae0f269 -> 6032c0c933c699fe27c13914a3aaee66
  custom:scripting/monoscript/fileName/Benchmark03.cs: 17cc87e0529ac71d909a946afb47a274 -> 
========================================================================
Received Import Request.
  Time since last request: 27.820340 seconds.
  path: Assets/Scenes/Introduction/IntroScripts/MusicManager.cs
  artifactKey: Guid(43a9527afa3b248319a8f09180d8f3a8) Importer(815301076,1909f56bfc062723c751e8b465ee728b)
Start importing Assets/Scenes/Introduction/IntroScripts/MusicManager.cs using Guid(43a9527afa3b248319a8f09180d8f3a8) Importer(815301076,1909f56bfc062723c751e8b465ee728b) [PhysX] Initialized MultithreadedTaskDispatcher with 8 workers.
 -> (artifact id: '16d81e88f3616ed6af11cbf8aef83a12') in 0.000872 seconds
Number of updated asset objects reloaded before import = 0
Number of asset objects unloaded after import = 0
========================================================================
Received Prepare
Caller must complete domain reload
Begin MonoManager ReloadAssembly
Thread 0x16dd5f000 may have been prematurely finalized
- Loaded All Assemblies, in  0.230 seconds
Native extension for WindowsStandalone target not found
Native extension for OSXStandalone target not found
Mono: successfully reloaded assembly
- Finished resetting the current domain, in  0.553 seconds
Domain Reload Profiling: 784ms
	BeginReloadAssembly (74ms)
		ExecutionOrderSort (0ms)
		DisableScriptedObjects (3ms)
		BackupInstance (0ms)
		ReleaseScriptingObjects (0ms)
		CreateAndSetChildDomain (23ms)
	RebuildCommonClasses (21ms)
	RebuildNativeTypeToScriptingClass (8ms)
	initialDomainReloadingComplete (12ms)
	LoadAllAssembliesAndSetupDomain (116ms)
		LoadAssemblies (127ms)
		RebuildTransferFunctionScriptingTraits (0ms)
		AnalyzeDomain (16ms)
			TypeCache.Refresh (8ms)
				TypeCache.ScanAssembly (1ms)
			ScanForSourceGeneratedMonoScriptInfo (4ms)
			ResolveRequiredComponents (3ms)
	FinalizeReload (553ms)
		ReleaseScriptCaches (0ms)
		RebuildScriptCaches (0ms)
		SetupLoadedEditorAssemblies (196ms)
			LogAssemblyErrors (0ms)
			InitializePlatformSupportModulesInManaged (3ms)
			SetLoadedEditorAssemblies (2ms)
			RefreshPlugins (0ms)
			BeforeProcessingInitializeOnLoad (28ms)
			ProcessInitializeOnLoadAttributes (150ms)
			ProcessInitializeOnLoadMethodAttributes (12ms)
			AfterProcessingInitializeOnLoad (1ms)
			EditorAssembliesLoaded (0ms)
		ExecutionOrderSort2 (0ms)
		AwakeInstancesAfterBackupRestoration (2ms)
Refreshing native plugins compatible for Editor in 0.81 ms, found 3 plugins.
Preloading 0 native plugins for Editor in 0.00 ms.
Unloading 3007 Unused Serialized files (Serialized files now loaded: 0)
Unloading 25 unused Assets / (0.6 MB). Loaded Objects now: 3773.
Memory consumption went from 0.55 GB to 0.55 GB.
Total: 2.617916 ms (FindLiveObjects: 0.143292 ms CreateObjectMapping: 0.065541 ms MarkObjects: 2.173750 ms  DeleteObjects: 0.234708 ms)

Prepare: number of updated asset objects reloaded= 0
AssetImportParameters requested are different than current active one (requested -> active):
  custom:scripting/monoscript/fileName/SkewTextExample.cs: c142d02d70a129e0533975f7c2f96956 -> 
  custom:container-demuxer-ogg: 62fdf1f143b41e24485cea50d1cbac27 -> 
  custom:scripting/monoscript/fileName/TMP_TextEventHandler.cs: f5cd9d5a43bfefc8f4fec80e6de896a4 -> 
  custom:scripting/monoscript/fileName/TextMeshProFloatingText.cs: 92608fa4a6315cd0786d82205e77b697 -> 
  custom:scripting/monoscript/fileName/VertexZoom.cs: 650ab1e81d40126e3edcf737cce646e4 -> 
  custom:scripting/monoscript/fileName/PressSpaceHandler.cs: 799694d584b6dc4a89e3e3e12c299a26 -> 
  custom:scripting/monoscript/fileName/VertexShakeA.cs: 63ec564c588058369499638dd899e05b -> 
  custom:scripting/monoscript/fileName/TMP_ExampleScript_01.cs: a9d4be556104ff54e7d240529b3e01dc -> 
  custom:video-decoder-ogg-theora: a1e56fd34408186e4bbccfd4996cb3dc -> 
  custom:scripting/monoscript/fileName/TMP_TextEventCheck.cs: 13505d917eab5868c435e0c2986dadfa -> 
  custom:scripting/monoscript/fileName/TMP_TextSelector_B.cs: ba2be21a7486d37b1011342977a2e49d -> 
  custom:scripting/monoscript/fileName/Benchmark01.cs: 2d3e2cd961730ab95f139a49a673bace -> 
  custom:scripting/monoscript/fileName/NewBehaviourScript.cs: b21687ddb03d73bd9f0c1daecb9714de -> 
  custom:scripting/monoscript/fileName/Benchmark02.cs: 5640963252ce70910e726415f869ced6 -> 
  custom:scripting/monoscript/fileName/DropdownSample.cs: 0a92251794e5f10400149f96c3c59e5d -> 
  custom:scripting/monoscript/fileName/WarpTextExample.cs: 2663459c266363641981c7d17b698d7f -> 
  custom:CustomObjectIndexerAttribute: 9a22284fe3817be447336de3de66b15e -> 
  custom:container-demuxer-webm: 4f35f7cbe854078d1ac9338744f61a02 -> 
  custom:scripting/monoscript/fileName/ChatController.cs: 876d5ccae6e345dd5d9450eb0a748f16 -> 
  custom:scripting/monoscript/fileName/TextMeshSpawner.cs: 76f28e2ddb031571e6ec62b018f65fa8 -> 
  custom:scripting/monoscript/fileName/TeleType.cs: 31fa97821c4c70f157ec81d507aa6b62 -> 
  custom:scripting/monoscript/fileName/Benchmark04.cs: 32220b148620e52aa81c13a114862bf4 -> 
  custom:scripting/monoscript/fileName/TextMove.cs: fbecd3f268374313100fa014bdf91c18 -> 
  custom:container-muxer-webm: aa71ff27fc2769a1b78a27578f13a17b -> 
  custom:video-decoder-webm-vp8: 9c59270c3fd7afecdb556c50c9e8de78 -> 
  custom:scripting/monoscript/fileName/TMP_PhoneNumberValidator.cs: 7c3049f481e464c6a9a15dee56c3126f -> 
  custom:SearchIndexIgnoredProperties: e643bd26f0fe6173181afceb89e7c659 -> 
  custom:AudioImporter_EditorPlatform: 3918e3fc78b5a79bad01e8451be0beb8 -> 
  custom:scripting/monoscript/fileName/EnvMapAnimator.cs: 1b4f61c17e4b7283c3ac351aacff9d26 -> 
  custom:scripting/monoscript/fileName/ShaderPropAnimator.cs: 55ce425812446482e623ff2695c94cb2 -> 
  custom:scripting/monoscript/fileName/SimpleScript.cs: 454caab0c6c050f29b39d82e1d66d0fa -> 
  custom:scripting/monoscript/fileName/SpriteMoveController.cs: f3c0d1388ca81a242766882efdbbb648 -> 
  custom:scripting/monoscript/fileName/ObjectSpin.cs: 2b96bb2079dd7fa5108d981627a28e1e -> 
  custom:scripting/monoscript/fileName/DojoMove.cs: f8c6c934a3065aa4afaead1f80b93146 -> 
  custom:scripting/monoscript/fileName/CameraController.cs: 34b6be4e23ce86dc89786916c5983296 -> 
  custom:scripting/monoscript/fileName/TMP_TextInfoDebugTool.cs: 3f1709cfb2cc628169113a35b5e9be3f -> 
  custom:framework-osx-AVFoundation: e770b220cccbd017edd2c1fefb359320 -> 
  custom:scripting/monoscript/fileName/TMP_TextSelector_A.cs: 347309a09d56e367b188a6978f75b424 -> 
  custom:video-encoder-webm-vp8: eb34c28f22e8b96e1ab97ce403110664 -> 
  custom:audio-decoder-ogg-vorbis: bf7c407c2cedff20999df2af8eb42d56 -> 
  custom:scripting/monoscript/fileName/VertexJitter.cs: d27eb5498e48714a66aece98da065133 -> 
  custom:scripting/monoscript/fileName/TextConsoleSimulator.cs: 33fc311abb20b5b0ed8f00e4d86b574e -> 
  custom:scripting/monoscript/fileName/VertexColorCycler.cs: 5f984ca91cf3609293aecc6bc5641572 -> 
  custom:scripting/monoscript/fileName/TMP_FrameRateCounter.cs: 46f655df8cb483ac5958307137b1585a -> 
  custom:scripting/monoscript/fileName/VertexShakeB.cs: a6f78c4fcda1a29a1a1c1baefedba9e7 -> 
  custom:scripting/monoscript/fileName/TMP_UiFrameRateCounter.cs: b01021aea19247f14a98ab338907956a -> 
  custom:scripting/monoscript/fileName/TMPro_InstructionOverlay.cs: b626d2270e6ebd5c4311585c18b58d8d -> 
  custom:scripting/monoscript/fileName/TMP_DigitValidator.cs: ac02af96215ae3951a3cce9e1a8c6085 -> 
  custom:audio-encoder-webm-vorbis: bf7c407c2cedff20999df2af8eb42d56 -> 
  custom:scripting/monoscript/fileName/Benchmark01_UGUI.cs: 6148cfe2627b7708298f301788144139 -> 
  custom:scripting/monoscript/fileName/MusicManager.cs: 1f7d0f3015795540ecee058a7a3ae174 -> 
  custom:scripting/precompiled-assembly-types:Assembly-CSharp: 49de858cddd16d004838cd394ae0f269 -> 6032c0c933c699fe27c13914a3aaee66
  custom:scripting/monoscript/fileName/Benchmark03.cs: 17cc87e0529ac71d909a946afb47a274 -> 
========================================================================
Received Prepare
Caller must complete domain reload
Begin MonoManager ReloadAssembly
Thread 0x16dd5f000 may have been prematurely finalized
- Loaded All Assemblies, in  0.224 seconds
Native extension for WindowsStandalone target not found
Native extension for OSXStandalone target not found
Mono: successfully reloaded assembly
- Finished resetting the current domain, in  0.550 seconds
Domain Reload Profiling: 774ms
	BeginReloadAssembly (74ms)
		ExecutionOrderSort (0ms)
		DisableScriptedObjects (3ms)
		BackupInstance (0ms)
		ReleaseScriptingObjects (0ms)
		CreateAndSetChildDomain (23ms)
	RebuildCommonClasses (22ms)
	RebuildNativeTypeToScriptingClass (8ms)
	initialDomainReloadingComplete (12ms)
	LoadAllAssembliesAndSetupDomain (106ms)
		LoadAssemblies (119ms)
		RebuildTransferFunctionScriptingTraits (0ms)
		AnalyzeDomain (15ms)
			TypeCache.Refresh (7ms)
				TypeCache.ScanAssembly (1ms)
			ScanForSourceGeneratedMonoScriptInfo (4ms)
			ResolveRequiredComponents (3ms)
	FinalizeReload (550ms)
		ReleaseScriptCaches (0ms)
		RebuildScriptCaches (0ms)
		SetupLoadedEditorAssemblies (195ms)
			LogAssemblyErrors (0ms)
			InitializePlatformSupportModulesInManaged (3ms)
			SetLoadedEditorAssemblies (2ms)
			RefreshPlugins (0ms)
			BeforeProcessingInitializeOnLoad (28ms)
			ProcessInitializeOnLoadAttributes (149ms)
			ProcessInitializeOnLoadMethodAttributes (12ms)
			AfterProcessingInitializeOnLoad (1ms)
			EditorAssembliesLoaded (0ms)
		ExecutionOrderSort2 (0ms)
		AwakeInstancesAfterBackupRestoration (2ms)
Refreshing native plugins compatible for Editor in 0.72 ms, found 3 plugins.
Preloading 0 native plugins for Editor in 0.00 ms.
Unloading 3008 Unused Serialized files (Serialized files now loaded: 0)
Unloading 25 unused Assets / (0.5 MB). Loaded Objects now: 3776.
Memory consumption went from 0.56 GB to 0.55 GB.
Total: 2.458125 ms (FindLiveObjects: 0.133959 ms CreateObjectMapping: 0.049458 ms MarkObjects: 2.073291 ms  DeleteObjects: 0.200791 ms)

Prepare: number of updated asset objects reloaded= 0
AssetImportParameters requested are different than current active one (requested -> active):
  custom:scripting/monoscript/fileName/SkewTextExample.cs: c142d02d70a129e0533975f7c2f96956 -> 
  custom:container-demuxer-ogg: 62fdf1f143b41e24485cea50d1cbac27 -> 
  custom:scripting/monoscript/fileName/TMP_TextEventHandler.cs: f5cd9d5a43bfefc8f4fec80e6de896a4 -> 
  custom:scripting/monoscript/fileName/TextMeshProFloatingText.cs: 92608fa4a6315cd0786d82205e77b697 -> 
  custom:scripting/monoscript/fileName/VertexZoom.cs: 650ab1e81d40126e3edcf737cce646e4 -> 
  custom:scripting/monoscript/fileName/PressSpaceHandler.cs: 799694d584b6dc4a89e3e3e12c299a26 -> 
  custom:scripting/monoscript/fileName/VertexShakeA.cs: 63ec564c588058369499638dd899e05b -> 
  custom:scripting/monoscript/fileName/TMP_ExampleScript_01.cs: a9d4be556104ff54e7d240529b3e01dc -> 
  custom:video-decoder-ogg-theora: a1e56fd34408186e4bbccfd4996cb3dc -> 
  custom:scripting/monoscript/fileName/TMP_TextEventCheck.cs: 13505d917eab5868c435e0c2986dadfa -> 
  custom:scripting/monoscript/fileName/TMP_TextSelector_B.cs: ba2be21a7486d37b1011342977a2e49d -> 
  custom:scripting/monoscript/fileName/Benchmark01.cs: 2d3e2cd961730ab95f139a49a673bace -> 
  custom:scripting/monoscript/fileName/NewBehaviourScript.cs: b21687ddb03d73bd9f0c1daecb9714de -> 
  custom:scripting/monoscript/fileName/Benchmark02.cs: 5640963252ce70910e726415f869ced6 -> 
  custom:scripting/monoscript/fileName/DropdownSample.cs: 0a92251794e5f10400149f96c3c59e5d -> 
  custom:scripting/monoscript/fileName/WarpTextExample.cs: 2663459c266363641981c7d17b698d7f -> 
  custom:CustomObjectIndexerAttribute: 9a22284fe3817be447336de3de66b15e -> 
  custom:container-demuxer-webm: 4f35f7cbe854078d1ac9338744f61a02 -> 
  custom:scripting/monoscript/fileName/ChatController.cs: 876d5ccae6e345dd5d9450eb0a748f16 -> 
  custom:scripting/monoscript/fileName/TextMeshSpawner.cs: 76f28e2ddb031571e6ec62b018f65fa8 -> 
  custom:scripting/monoscript/fileName/TeleType.cs: 31fa97821c4c70f157ec81d507aa6b62 -> 
  custom:scripting/monoscript/fileName/Benchmark04.cs: 32220b148620e52aa81c13a114862bf4 -> 
  custom:scripting/monoscript/fileName/TextMove.cs: fbecd3f268374313100fa014bdf91c18 -> 
  custom:container-muxer-webm: aa71ff27fc2769a1b78a27578f13a17b -> 
  custom:video-decoder-webm-vp8: 9c59270c3fd7afecdb556c50c9e8de78 -> 
  custom:scripting/monoscript/fileName/TMP_PhoneNumberValidator.cs: 7c3049f481e464c6a9a15dee56c3126f -> 
  custom:SearchIndexIgnoredProperties: e643bd26f0fe6173181afceb89e7c659 -> 
  custom:AudioImporter_EditorPlatform: 3918e3fc78b5a79bad01e8451be0beb8 -> 
  custom:scripting/monoscript/fileName/EnvMapAnimator.cs: 1b4f61c17e4b7283c3ac351aacff9d26 -> 
  custom:scripting/monoscript/fileName/ShaderPropAnimator.cs: 55ce425812446482e623ff2695c94cb2 -> 
  custom:scripting/monoscript/fileName/SimpleScript.cs: 454caab0c6c050f29b39d82e1d66d0fa -> 
  custom:scripting/monoscript/fileName/SpriteMoveController.cs: f3c0d1388ca81a242766882efdbbb648 -> 
  custom:scripting/monoscript/fileName/ObjectSpin.cs: 2b96bb2079dd7fa5108d981627a28e1e -> 
  custom:scripting/monoscript/fileName/DojoMove.cs: f8c6c934a3065aa4afaead1f80b93146 -> 
  custom:scripting/monoscript/fileName/CameraController.cs: 34b6be4e23ce86dc89786916c5983296 -> 
  custom:scripting/monoscript/fileName/TMP_TextInfoDebugTool.cs: 3f1709cfb2cc628169113a35b5e9be3f -> 
  custom:framework-osx-AVFoundation: e770b220cccbd017edd2c1fefb359320 -> 
  custom:scripting/monoscript/fileName/TMP_TextSelector_A.cs: 347309a09d56e367b188a6978f75b424 -> 
  custom:video-encoder-webm-vp8: eb34c28f22e8b96e1ab97ce403110664 -> 
  custom:audio-decoder-ogg-vorbis: bf7c407c2cedff20999df2af8eb42d56 -> 
  custom:scripting/monoscript/fileName/VertexJitter.cs: d27eb5498e48714a66aece98da065133 -> 
  custom:scripting/monoscript/fileName/TextConsoleSimulator.cs: 33fc311abb20b5b0ed8f00e4d86b574e -> 
  custom:scripting/monoscript/fileName/VertexColorCycler.cs: 5f984ca91cf3609293aecc6bc5641572 -> 
  custom:scripting/monoscript/fileName/TMP_FrameRateCounter.cs: 46f655df8cb483ac5958307137b1585a -> 
  custom:scripting/monoscript/fileName/VertexShakeB.cs: a6f78c4fcda1a29a1a1c1baefedba9e7 -> 
  custom:scripting/monoscript/fileName/TMP_UiFrameRateCounter.cs: b01021aea19247f14a98ab338907956a -> 
  custom:scripting/monoscript/fileName/TMPro_InstructionOverlay.cs: b626d2270e6ebd5c4311585c18b58d8d -> 
  custom:scripting/monoscript/fileName/TMP_DigitValidator.cs: ac02af96215ae3951a3cce9e1a8c6085 -> 
  custom:audio-encoder-webm-vorbis: bf7c407c2cedff20999df2af8eb42d56 -> 
  custom:scripting/monoscript/fileName/Benchmark01_UGUI.cs: 6148cfe2627b7708298f301788144139 -> 
  custom:scripting/monoscript/fileName/MusicManager.cs: 1f7d0f3015795540ecee058a7a3ae174 -> 
  custom:scripting/precompiled-assembly-types:Assembly-CSharp: 49de858cddd16d004838cd394ae0f269 -> 6032c0c933c699fe27c13914a3aaee66
  custom:scripting/monoscript/fileName/Benchmark03.cs: 17cc87e0529ac71d909a946afb47a274 -> 
========================================================================
Received Prepare
Caller must complete domain reload
Begin MonoManager ReloadAssembly
Thread 0x16dd5f000 may have been prematurely finalized
- Loaded All Assemblies, in  0.231 seconds
Native extension for WindowsStandalone target not found
Native extension for OSXStandalone target not found
Mono: successfully reloaded assembly
- Finished resetting the current domain, in  0.565 seconds
Domain Reload Profiling: 796ms
	BeginReloadAssembly (75ms)
		ExecutionOrderSort (0ms)
		DisableScriptedObjects (3ms)
		BackupInstance (0ms)
		ReleaseScriptingObjects (0ms)
		CreateAndSetChildDomain (22ms)
	RebuildCommonClasses (25ms)
	RebuildNativeTypeToScriptingClass (8ms)
	initialDomainReloadingComplete (13ms)
	LoadAllAssembliesAndSetupDomain (110ms)
		LoadAssemblies (123ms)
		RebuildTransferFunctionScriptingTraits (0ms)
		AnalyzeDomain (16ms)
			TypeCache.Refresh (8ms)
				TypeCache.ScanAssembly (1ms)
			ScanForSourceGeneratedMonoScriptInfo (4ms)
			ResolveRequiredComponents (4ms)
	FinalizeReload (565ms)
		ReleaseScriptCaches (0ms)
		RebuildScriptCaches (0ms)
		SetupLoadedEditorAssemblies (197ms)
			LogAssemblyErrors (0ms)
			InitializePlatformSupportModulesInManaged (3ms)
			SetLoadedEditorAssemblies (2ms)
			RefreshPlugins (0ms)
			BeforeProcessingInitializeOnLoad (28ms)
			ProcessInitializeOnLoadAttributes (150ms)
			ProcessInitializeOnLoadMethodAttributes (12ms)
			AfterProcessingInitializeOnLoad (1ms)
			EditorAssembliesLoaded (0ms)
		ExecutionOrderSort2 (0ms)
		AwakeInstancesAfterBackupRestoration (2ms)
Refreshing native plugins compatible for Editor in 0.75 ms, found 3 plugins.
Preloading 0 native plugins for Editor in 0.00 ms.
Unloading 3008 Unused Serialized files (Serialized files now loaded: 0)
Unloading 25 unused Assets / (0.6 MB). Loaded Objects now: 3779.
Memory consumption went from 0.56 GB to 0.56 GB.
Total: 2.363208 ms (FindLiveObjects: 0.134791 ms CreateObjectMapping: 0.048542 ms MarkObjects: 1.981041 ms  DeleteObjects: 0.198292 ms)

Prepare: number of updated asset objects reloaded= 0
AssetImportParameters requested are different than current active one (requested -> active):
  custom:scripting/monoscript/fileName/SkewTextExample.cs: c142d02d70a129e0533975f7c2f96956 -> 
  custom:container-demuxer-ogg: 62fdf1f143b41e24485cea50d1cbac27 -> 
  custom:scripting/monoscript/fileName/TMP_TextEventHandler.cs: f5cd9d5a43bfefc8f4fec80e6de896a4 -> 
  custom:scripting/monoscript/fileName/TextMeshProFloatingText.cs: 92608fa4a6315cd0786d82205e77b697 -> 
  custom:scripting/monoscript/fileName/VertexZoom.cs: 650ab1e81d40126e3edcf737cce646e4 -> 
  custom:scripting/monoscript/fileName/PressSpaceHandler.cs: 799694d584b6dc4a89e3e3e12c299a26 -> 
  custom:scripting/monoscript/fileName/VertexShakeA.cs: 63ec564c588058369499638dd899e05b -> 
  custom:scripting/monoscript/fileName/TMP_ExampleScript_01.cs: a9d4be556104ff54e7d240529b3e01dc -> 
  custom:video-decoder-ogg-theora: a1e56fd34408186e4bbccfd4996cb3dc -> 
  custom:scripting/monoscript/fileName/TMP_TextEventCheck.cs: 13505d917eab5868c435e0c2986dadfa -> 
  custom:scripting/monoscript/fileName/TMP_TextSelector_B.cs: ba2be21a7486d37b1011342977a2e49d -> 
  custom:scripting/monoscript/fileName/Benchmark01.cs: 2d3e2cd961730ab95f139a49a673bace -> 
  custom:scripting/monoscript/fileName/NewBehaviourScript.cs: b21687ddb03d73bd9f0c1daecb9714de -> 
  custom:scripting/monoscript/fileName/Benchmark02.cs: 5640963252ce70910e726415f869ced6 -> 
  custom:scripting/monoscript/fileName/DropdownSample.cs: 0a92251794e5f10400149f96c3c59e5d -> 
  custom:scripting/monoscript/fileName/WarpTextExample.cs: 2663459c266363641981c7d17b698d7f -> 
  custom:CustomObjectIndexerAttribute: 9a22284fe3817be447336de3de66b15e -> 
  custom:container-demuxer-webm: 4f35f7cbe854078d1ac9338744f61a02 -> 
  custom:scripting/monoscript/fileName/ChatController.cs: 876d5ccae6e345dd5d9450eb0a748f16 -> 
  custom:scripting/monoscript/fileName/TextMeshSpawner.cs: 76f28e2ddb031571e6ec62b018f65fa8 -> 
  custom:scripting/monoscript/fileName/TeleType.cs: 31fa97821c4c70f157ec81d507aa6b62 -> 
  custom:scripting/monoscript/fileName/Benchmark04.cs: 32220b148620e52aa81c13a114862bf4 -> 
  custom:scripting/monoscript/fileName/TextMove.cs: fbecd3f268374313100fa014bdf91c18 -> 
  custom:container-muxer-webm: aa71ff27fc2769a1b78a27578f13a17b -> 
  custom:video-decoder-webm-vp8: 9c59270c3fd7afecdb556c50c9e8de78 -> 
  custom:scripting/monoscript/fileName/TMP_PhoneNumberValidator.cs: 7c3049f481e464c6a9a15dee56c3126f -> 
  custom:SearchIndexIgnoredProperties: e643bd26f0fe6173181afceb89e7c659 -> 
  custom:AudioImporter_EditorPlatform: 3918e3fc78b5a79bad01e8451be0beb8 -> 
  custom:scripting/monoscript/fileName/EnvMapAnimator.cs: 1b4f61c17e4b7283c3ac351aacff9d26 -> 
  custom:scripting/monoscript/fileName/ShaderPropAnimator.cs: 55ce425812446482e623ff2695c94cb2 -> 
  custom:scripting/monoscript/fileName/SimpleScript.cs: 454caab0c6c050f29b39d82e1d66d0fa -> 
  custom:scripting/monoscript/fileName/SpriteMoveController.cs: f3c0d1388ca81a242766882efdbbb648 -> 
  custom:scripting/monoscript/fileName/ObjectSpin.cs: 2b96bb2079dd7fa5108d981627a28e1e -> 
  custom:scripting/monoscript/fileName/DojoMove.cs: f8c6c934a3065aa4afaead1f80b93146 -> 
  custom:scripting/monoscript/fileName/CameraController.cs: 34b6be4e23ce86dc89786916c5983296 -> 
  custom:scripting/monoscript/fileName/TMP_TextInfoDebugTool.cs: 3f1709cfb2cc628169113a35b5e9be3f -> 
  custom:framework-osx-AVFoundation: e770b220cccbd017edd2c1fefb359320 -> 
  custom:scripting/monoscript/fileName/TMP_TextSelector_A.cs: 347309a09d56e367b188a6978f75b424 -> 
  custom:video-encoder-webm-vp8: eb34c28f22e8b96e1ab97ce403110664 -> 
  custom:audio-decoder-ogg-vorbis: bf7c407c2cedff20999df2af8eb42d56 -> 
  custom:scripting/monoscript/fileName/VertexJitter.cs: d27eb5498e48714a66aece98da065133 -> 
  custom:scripting/monoscript/fileName/TextConsoleSimulator.cs: 33fc311abb20b5b0ed8f00e4d86b574e -> 
  custom:scripting/monoscript/fileName/VertexColorCycler.cs: 5f984ca91cf3609293aecc6bc5641572 -> 
  custom:scripting/monoscript/fileName/TMP_FrameRateCounter.cs: 46f655df8cb483ac5958307137b1585a -> 
  custom:scripting/monoscript/fileName/VertexShakeB.cs: a6f78c4fcda1a29a1a1c1baefedba9e7 -> 
  custom:scripting/monoscript/fileName/TMP_UiFrameRateCounter.cs: b01021aea19247f14a98ab338907956a -> 
  custom:scripting/monoscript/fileName/TMPro_InstructionOverlay.cs: b626d2270e6ebd5c4311585c18b58d8d -> 
  custom:scripting/monoscript/fileName/TMP_DigitValidator.cs: ac02af96215ae3951a3cce9e1a8c6085 -> 
  custom:audio-encoder-webm-vorbis: bf7c407c2cedff20999df2af8eb42d56 -> 
  custom:scripting/monoscript/fileName/Benchmark01_UGUI.cs: 6148cfe2627b7708298f301788144139 -> 
  custom:scripting/monoscript/fileName/MusicManager.cs: 1f7d0f3015795540ecee058a7a3ae174 -> 
  custom:scripting/precompiled-assembly-types:Assembly-CSharp: 49de858cddd16d004838cd394ae0f269 -> 6032c0c933c699fe27c13914a3aaee66
  custom:scripting/monoscript/fileName/Benchmark03.cs: 17cc87e0529ac71d909a946afb47a274 -> 
========================================================================
Received Prepare
Caller must complete domain reload
Begin MonoManager ReloadAssembly
Thread 0x16dd5f000 may have been prematurely finalized
- Loaded All Assemblies, in  0.210 seconds
Native extension for WindowsStandalone target not found
Native extension for OSXStandalone target not found
Mono: successfully reloaded assembly
- Finished resetting the current domain, in  0.349 seconds
Domain Reload Profiling: 560ms
	BeginReloadAssembly (72ms)
		ExecutionOrderSort (0ms)
		DisableScriptedObjects (3ms)
		BackupInstance (0ms)
		ReleaseScriptingObjects (0ms)
		CreateAndSetChildDomain (22ms)
	RebuildCommonClasses (21ms)
	RebuildNativeTypeToScriptingClass (8ms)
	initialDomainReloadingComplete (12ms)
	LoadAllAssembliesAndSetupDomain (98ms)
		LoadAssemblies (115ms)
		RebuildTransferFunctionScriptingTraits (0ms)
		AnalyzeDomain (10ms)
			TypeCache.Refresh (6ms)
				TypeCache.ScanAssembly (0ms)
			ScanForSourceGeneratedMonoScriptInfo (0ms)
			ResolveRequiredComponents (4ms)
	FinalizeReload (350ms)
		ReleaseScriptCaches (0ms)
		RebuildScriptCaches (0ms)
		SetupLoadedEditorAssemblies (205ms)
			LogAssemblyErrors (0ms)
			InitializePlatformSupportModulesInManaged (4ms)
			SetLoadedEditorAssemblies (2ms)
			RefreshPlugins (0ms)
			BeforeProcessingInitializeOnLoad (29ms)
			ProcessInitializeOnLoadAttributes (158ms)
			ProcessInitializeOnLoadMethodAttributes (12ms)
			AfterProcessingInitializeOnLoad (1ms)
			EditorAssembliesLoaded (0ms)
		ExecutionOrderSort2 (0ms)
		AwakeInstancesAfterBackupRestoration (2ms)
Refreshing native plugins compatible for Editor in 0.88 ms, found 3 plugins.
Preloading 0 native plugins for Editor in 0.00 ms.
Unloading 3008 Unused Serialized files (Serialized files now loaded: 0)
Unloading 25 unused Assets / (0.5 MB). Loaded Objects now: 3782.
Memory consumption went from 0.57 GB to 0.57 GB.
Total: 3.067083 ms (FindLiveObjects: 0.150625 ms CreateObjectMapping: 0.057625 ms MarkObjects: 2.504792 ms  DeleteObjects: 0.353541 ms)

Prepare: number of updated asset objects reloaded= 0
AssetImportParameters requested are different than current active one (requested -> active):
  custom:scripting/monoscript/fileName/SkewTextExample.cs: c142d02d70a129e0533975f7c2f96956 -> 
  custom:container-demuxer-ogg: 62fdf1f143b41e24485cea50d1cbac27 -> 
  custom:scripting/monoscript/fileName/TMP_TextEventHandler.cs: f5cd9d5a43bfefc8f4fec80e6de896a4 -> 
  custom:scripting/monoscript/fileName/TextMeshProFloatingText.cs: 92608fa4a6315cd0786d82205e77b697 -> 
  custom:scripting/monoscript/fileName/VertexZoom.cs: 650ab1e81d40126e3edcf737cce646e4 -> 
  custom:scripting/monoscript/fileName/PressSpaceHandler.cs: 799694d584b6dc4a89e3e3e12c299a26 -> 
  custom:scripting/monoscript/fileName/VertexShakeA.cs: 63ec564c588058369499638dd899e05b -> 
  custom:scripting/monoscript/fileName/TMP_ExampleScript_01.cs: a9d4be556104ff54e7d240529b3e01dc -> 
  custom:video-decoder-ogg-theora: a1e56fd34408186e4bbccfd4996cb3dc -> 
  custom:scripting/monoscript/fileName/TMP_TextEventCheck.cs: 13505d917eab5868c435e0c2986dadfa -> 
  custom:scripting/monoscript/fileName/TMP_TextSelector_B.cs: ba2be21a7486d37b1011342977a2e49d -> 
  custom:scripting/monoscript/fileName/Benchmark01.cs: 2d3e2cd961730ab95f139a49a673bace -> 
  custom:scripting/monoscript/fileName/NewBehaviourScript.cs: b21687ddb03d73bd9f0c1daecb9714de -> 
  custom:scripting/monoscript/fileName/Benchmark02.cs: 5640963252ce70910e726415f869ced6 -> 
  custom:scripting/monoscript/fileName/DropdownSample.cs: 0a92251794e5f10400149f96c3c59e5d -> 
  custom:scripting/monoscript/fileName/WarpTextExample.cs: 2663459c266363641981c7d17b698d7f -> 
  custom:CustomObjectIndexerAttribute: 9a22284fe3817be447336de3de66b15e -> 
  custom:container-demuxer-webm: 4f35f7cbe854078d1ac9338744f61a02 -> 
  custom:scripting/monoscript/fileName/ChatController.cs: 876d5ccae6e345dd5d9450eb0a748f16 -> 
  custom:scripting/monoscript/fileName/TextMeshSpawner.cs: 76f28e2ddb031571e6ec62b018f65fa8 -> 
  custom:scripting/monoscript/fileName/TeleType.cs: 31fa97821c4c70f157ec81d507aa6b62 -> 
  custom:scripting/monoscript/fileName/Benchmark04.cs: 32220b148620e52aa81c13a114862bf4 -> 
  custom:scripting/monoscript/fileName/TextMove.cs: fbecd3f268374313100fa014bdf91c18 -> 
  custom:container-muxer-webm: aa71ff27fc2769a1b78a27578f13a17b -> 
  custom:video-decoder-webm-vp8: 9c59270c3fd7afecdb556c50c9e8de78 -> 
  custom:scripting/monoscript/fileName/TMP_PhoneNumberValidator.cs: 7c3049f481e464c6a9a15dee56c3126f -> 
  custom:SearchIndexIgnoredProperties: e643bd26f0fe6173181afceb89e7c659 -> 
  custom:AudioImporter_EditorPlatform: 3918e3fc78b5a79bad01e8451be0beb8 -> 
  custom:scripting/monoscript/fileName/EnvMapAnimator.cs: 1b4f61c17e4b7283c3ac351aacff9d26 -> 
  custom:scripting/monoscript/fileName/ShaderPropAnimator.cs: 55ce425812446482e623ff2695c94cb2 -> 
  custom:scripting/monoscript/fileName/SimpleScript.cs: 454caab0c6c050f29b39d82e1d66d0fa -> 
  custom:scripting/monoscript/fileName/SpriteMoveController.cs: f3c0d1388ca81a242766882efdbbb648 -> 
  custom:scripting/monoscript/fileName/ObjectSpin.cs: 2b96bb2079dd7fa5108d981627a28e1e -> 
  custom:scripting/monoscript/fileName/DojoMove.cs: f8c6c934a3065aa4afaead1f80b93146 -> 
  custom:scripting/monoscript/fileName/CameraController.cs: 34b6be4e23ce86dc89786916c5983296 -> 
  custom:scripting/monoscript/fileName/TMP_TextInfoDebugTool.cs: 3f1709cfb2cc628169113a35b5e9be3f -> 
  custom:framework-osx-AVFoundation: e770b220cccbd017edd2c1fefb359320 -> 
  custom:scripting/monoscript/fileName/TMP_TextSelector_A.cs: 347309a09d56e367b188a6978f75b424 -> 
  custom:video-encoder-webm-vp8: eb34c28f22e8b96e1ab97ce403110664 -> 
  custom:audio-decoder-ogg-vorbis: bf7c407c2cedff20999df2af8eb42d56 -> 
  custom:scripting/monoscript/fileName/VertexJitter.cs: d27eb5498e48714a66aece98da065133 -> 
  custom:scripting/monoscript/fileName/TextConsoleSimulator.cs: 33fc311abb20b5b0ed8f00e4d86b574e -> 
  custom:scripting/monoscript/fileName/VertexColorCycler.cs: 5f984ca91cf3609293aecc6bc5641572 -> 
  custom:scripting/monoscript/fileName/TMP_FrameRateCounter.cs: 46f655df8cb483ac5958307137b1585a -> 
  custom:scripting/monoscript/fileName/VertexShakeB.cs: a6f78c4fcda1a29a1a1c1baefedba9e7 -> 
  custom:scripting/monoscript/fileName/TMP_UiFrameRateCounter.cs: b01021aea19247f14a98ab338907956a -> 
  custom:scripting/monoscript/fileName/TMPro_InstructionOverlay.cs: b626d2270e6ebd5c4311585c18b58d8d -> 
  custom:scripting/monoscript/fileName/TMP_DigitValidator.cs: ac02af96215ae3951a3cce9e1a8c6085 -> 
  custom:audio-encoder-webm-vorbis: bf7c407c2cedff20999df2af8eb42d56 -> 
  custom:scripting/monoscript/fileName/Benchmark01_UGUI.cs: 6148cfe2627b7708298f301788144139 -> 
  custom:scripting/monoscript/fileName/MusicManager.cs: 1f7d0f3015795540ecee058a7a3ae174 -> 
  custom:scripting/precompiled-assembly-types:Assembly-CSharp: 49de858cddd16d004838cd394ae0f269 -> 6032c0c933c699fe27c13914a3aaee66
  custom:scripting/monoscript/fileName/Benchmark03.cs: 17cc87e0529ac71d909a946afb47a274 -> 
