# MagicaVoxel @ Ephtracy

# group
o 

# material
mtllib caramogus.mtl
usemtl palette

# normals
vn -1 0 0
vn 1 0 0
vn 0 0 1
vn 0 0 -1
vn 0 -1 0
vn 0 1 0

# texcoords
vt 0.0214844 0.5
vt 0.169922 0.5
vt 0.591797 0.5
vt 0.857422 0.5
vt 0.974609 0.5
vt 0.994141 0.5

# verts
v -2.6 0.8 5.2
v -2.6 0.8 4.1
v -2.6 0.8 2.5
v -2.6 0.8 -1.9
v -2.6 0.8 -3.5
v -2.6 0.8 -5.2
v -2.6 0.9 5.3
v -2.6 0.9 5.2
v -2.6 0.9 -5.2
v -2.6 0.9 -5.3
v -2.6 1 4.1
v -2.6 1 4
v -2.6 1 2.6
v -2.6 1 2.5
v -2.6 1 -1.9
v -2.6 1 -2
v -2.6 1 -3.4
v -2.6 1 -3.5
v -2.6 1.2 4
v -2.6 1.2 3.9
v -2.6 1.2 2.7
v -2.6 1.2 2.6
v -2.6 1.2 -2
v -2.6 1.2 -2.1
v -2.6 1.2 -3.3
v -2.6 1.2 -3.4
v -2.6 1.3 2.8
v -2.6 1.3 2.7
v -2.6 1.3 -3.2
v -2.6 1.3 -3.3
v -2.6 1.4 3.9
v -2.6 1.4 3.8
v -2.6 1.4 -2.1
v -2.6 1.4 -2.2
v -2.6 1.5 3.8
v -2.6 1.5 3.6
v -2.6 1.5 3
v -2.6 1.5 2.8
v -2.6 1.5 -2.2
v -2.6 1.5 -2.4
v -2.6 1.5 -3
v -2.6 1.5 -3.2
v -2.6 1.6 3.6
v -2.6 1.6 3
v -2.6 1.6 -2.4
v -2.6 1.6 -3
v -2.6 2 1.3
v -2.6 2 0.8
v -2.6 2 -1.3
v -2.6 2 -1.8
v -2.6 2.1 1.3
v -2.6 2.1 0.8
v -2.6 2.1 -1.3
v -2.6 2.1 -1.8
v -2.6 2.1 -3.6
v -2.6 2.1 -5.3
v -2.6 2.3 3.2
v -2.6 2.3 -1.9
v -2.6 2.3 -3.5
v -2.6 2.3 -3.6
v -2.6 2.4 3.2
v -2.6 2.4 3.1
v -2.6 2.4 2.9
v -2.6 2.4 0.5
v -2.6 2.4 0.0999999
v -2.6 2.4 -1.8
v -2.6 2.4 -1.9
v -2.6 2.4 -2
v -2.6 2.4 -3.4
v -2.6 2.4 -3.5
v -2.6 2.5 5.3
v -2.6 2.5 5.2
v -2.6 2.5 3.1
v -2.6 2.5 3
v -2.6 2.5 2.9
v -2.6 2.5 2.8
v -2.6 2.5 -3.3
v -2.6 2.5 -3.4
v -2.6 2.6 5.2
v -2.6 2.6 3
v -2.6 2.6 2.9
v -2.6 2.6 2.8
v -2.6 2.6 2.7
v -2.6 2.6 -3.2
v -2.6 2.6 -3.3
v -2.6 2.7 3
v -2.6 2.7 2.9
v -2.6 2.7 2.8
v -2.6 2.7 2.7
v -2.6 2.7 2.6
v -2.6 2.7 -3.1
v -2.6 2.7 -3.2
v -2.6 2.8 2.9
v -2.6 2.8 2.8
v -2.6 2.8 2.7
v -2.6 2.8 2.6
v -2.6 2.8 2.5
v -2.6 2.8 -3
v -2.6 2.8 -3.1
v -2.6 2.9 2.8
v -2.6 2.9 2.7
v -2.6 2.9 2.6
v -2.6 2.9 2.5
v -2.6 2.9 2.4
v -2.6 2.9 -2.9
v -2.6 2.9 -3
v -2.6 3 2.7
v -2.6 3 2.6
v -2.6 3 2.5
v -2.6 3 2.4
v -2.6 3 2.3
v -2.6 3 -2.8
v -2.6 3 -2.9
v -2.6 3.1 2.6
v -2.6 3.1 2.5
v -2.6 3.1 2.4
v -2.6 3.1 2.3
v -2.6 3.1 2.2
v -2.6 3.1 -2.7
v -2.6 3.1 -2.8
v -2.6 3.2 2.5
v -2.6 3.2 2.4
v -2.6 3.2 2.3
v -2.6 3.2 2.2
v -2.6 3.2 2.1
v -2.6 3.2 -2.6
v -2.6 3.2 -2.7
v -2.6 3.3 2.4
v -2.6 3.3 2.3
v -2.6 3.3 2.2
v -2.6 3.3 2.1
v -2.6 3.3 2
v -2.6 3.3 -2.5
v -2.6 3.3 -2.6
v -2.6 3.4 2.3
v -2.6 3.4 2.2
v -2.6 3.4 2.1
v -2.6 3.4 2
v -2.6 3.4 1.9
v -2.6 3.4 -2.4
v -2.6 3.4 -2.5
v -2.6 3.5 2.2
v -2.6 3.5 2.1
v -2.6 3.5 2
v -2.6 3.5 1.9
v -2.6 3.5 1.8
v -2.6 3.5 -2.3
v -2.6 3.5 -2.4
v -2.6 3.6 2.1
v -2.6 3.6 2
v -2.6 3.6 1.9
v -2.6 3.6 1.8
v -2.6 3.6 1.7
v -2.6 3.6 -2.2
v -2.6 3.6 -2.3
v -2.6 3.7 2
v -2.6 3.7 1.9
v -2.6 3.7 1.8
v -2.6 3.7 1.7
v -2.6 3.7 0.5
v -2.6 3.7 0.0999999
v -2.6 3.7 -1.8
v -2.6 3.7 -1.9
v -2.6 3.7 -2
v -2.6 3.7 -2.1
v -2.6 3.7 -2.2
v -2.6 3.8 1.9
v -2.6 3.8 1.8
v -2.6 3.8 -1.9
v -2.6 3.8 -2
v -2.6 3.8 -2.1
v -2.6 3.9 1.8
v -2.6 3.9 -2
v -2.5 0 3.8
v -2.5 0 2.8
v -2.5 0 -2.2
v -2.5 0 -3.2
v -2.5 0.1 3.9
v -2.5 0.1 3.8
v -2.5 0.1 2.8
v -2.5 0.1 2.7
v -2.5 0.1 -2.1
v -2.5 0.1 -2.2
v -2.5 0.1 -3.2
v -2.5 0.1 -3.3
v -2.5 0.2 4
v -2.5 0.2 3.9
v -2.5 0.2 2.7
v -2.5 0.2 2.6
v -2.5 0.2 -2
v -2.5 0.2 -2.1
v -2.5 0.2 -3.3
v -2.5 0.2 -3.4
v -2.5 0.3 4.1
v -2.5 0.3 4
v -2.5 0.3 3.7
v -2.5 0.3 2.9
v -2.5 0.3 2.6
v -2.5 0.3 2.5
v -2.5 0.3 -1.9
v -2.5 0.3 -2
v -2.5 0.3 -2.3
v -2.5 0.3 -3.1
v -2.5 0.3 -3.4
v -2.5 0.3 -3.5
v -2.5 0.4 4.2
v -2.5 0.4 4.1
v -2.5 0.4 3.8
v -2.5 0.4 3.7
v -2.5 0.4 2.9
v -2.5 0.4 2.8
v -2.5 0.4 2.5
v -2.5 0.4 2.4
v -2.5 0.4 -1.8
v -2.5 0.4 -1.9
v -2.5 0.4 -2.2
v -2.5 0.4 -2.3
v -2.5 0.4 -3.1
v -2.5 0.4 -3.2
v -2.5 0.4 -3.5
v -2.5 0.4 -3.6
v -2.5 0.5 3.9
v -2.5 0.5 3.8
v -2.5 0.5 2.8
v -2.5 0.5 2.7
v -2.5 0.5 -2.1
v -2.5 0.5 -2.2
v -2.5 0.5 -3.2
v -2.5 0.5 -3.3
v -2.5 0.8 4.2
v -2.5 0.8 4.1
v -2.5 0.8 2.5
v -2.5 0.8 2.4
v -2.5 0.8 -1.8
v -2.5 0.8 -1.9
v -2.5 0.8 -3.5
v -2.5 0.8 -3.6
v -2.5 1 4.1
v -2.5 1 4
v -2.5 1 2.6
v -2.5 1 2.5
v -2.5 1 -1.9
v -2.5 1 -2
v -2.5 1 -3.4
v -2.5 1 -3.5
v -2.5 1.2 4
v -2.5 1.2 3.9
v -2.5 1.2 3.8
v -2.5 1.2 2.8
v -2.5 1.2 2.7
v -2.5 1.2 2.6
v -2.5 1.2 -2
v -2.5 1.2 -2.1
v -2.5 1.2 -2.2
v -2.5 1.2 -3.2
v -2.5 1.2 -3.3
v -2.5 1.2 -3.4
v -2.5 1.3 3.8
v -2.5 1.3 3.7
v -2.5 1.3 2.9
v -2.5 1.3 2.8
v -2.5 1.3 2.7
v -2.5 1.3 -2.2
v -2.5 1.3 -2.3
v -2.5 1.3 -3.1
v -2.5 1.3 -3.2
v -2.5 1.3 -3.3
v -2.5 1.4 3.9
v -2.5 1.4 3.8
v -2.5 1.4 3.7
v -2.5 1.4 2.9
v -2.5 1.4 -2.1
v -2.5 1.4 -2.2
v -2.5 1.4 -2.3
v -2.5 1.4 -3.1
v -2.5 1.5 3.8
v -2.5 1.5 3.6
v -2.5 1.5 3
v -2.5 1.5 2.8
v -2.5 1.5 -2.2
v -2.5 1.5 -2.4
v -2.5 1.5 -3
v -2.5 1.5 -3.2
v -2.5 1.6 3.6
v -2.5 1.6 3
v -2.5 1.6 -2.4
v -2.5 1.6 -3
v -2.5 2.1 -3.6
v -2.5 2.1 -5.2
v -2.5 2.2 -3.6
v -2.5 2.2 -5.2
v -2.3 0.3 3.7
v -2.3 0.3 3.6
v -2.3 0.3 3.4
v -2.3 0.3 3.2
v -2.3 0.3 3
v -2.3 0.3 2.9
v -2.3 0.3 -2.3
v -2.3 0.3 -2.4
v -2.3 0.3 -2.6
v -2.3 0.3 -2.8
v -2.3 0.3 -3
v -2.3 0.3 -3.1
v -2.3 0.4 3.8
v -2.3 0.4 3.7
v -2.3 0.4 3.6
v -2.3 0.4 3.5
v -2.3 0.4 3.1
v -2.3 0.4 3
v -2.3 0.4 2.9
v -2.3 0.4 2.8
v -2.3 0.4 -2.2
v -2.3 0.4 -2.3
v -2.3 0.4 -2.4
v -2.3 0.4 -2.5
v -2.3 0.4 -2.9
v -2.3 0.4 -3
v -2.3 0.4 -3.1
v -2.3 0.4 -3.2
v -2.3 0.5 3.9
v -2.3 0.5 3.8
v -2.3 0.5 2.8
v -2.3 0.5 2.7
v -2.3 0.5 -2.1
v -2.3 0.5 -2.2
v -2.3 0.5 -3.2
v -2.3 0.5 -3.3
v -2.3 0.6 3.9
v -2.3 0.6 3.8
v -2.3 0.6 3.5
v -2.3 0.6 3.4
v -2.3 0.6 3.2
v -2.3 0.6 3.1
v -2.3 0.6 2.8
v -2.3 0.6 2.7
v -2.3 0.6 -2.1
v -2.3 0.6 -2.2
v -2.3 0.6 -2.5
v -2.3 0.6 -2.6
v -2.3 0.6 -2.8
v -2.3 0.6 -2.9
v -2.3 0.6 -3.2
v -2.3 0.6 -3.3
v -2.3 0.7 3.8
v -2.3 0.7 3.7
v -2.3 0.7 3.4
v -2.3 0.7 3.2
v -2.3 0.7 2.9
v -2.3 0.7 2.8
v -2.3 0.7 -2.2
v -2.3 0.7 -2.3
v -2.3 0.7 -2.6
v -2.3 0.7 -2.8
v -2.3 0.7 -3.1
v -2.3 0.7 -3.2
v -2.3 0.8 3.9
v -2.3 0.8 3.7
v -2.3 0.8 3.5
v -2.3 0.8 3.1
v -2.3 0.8 2.9
v -2.3 0.8 2.7
v -2.3 0.8 -2.1
v -2.3 0.8 -2.3
v -2.3 0.8 -2.5
v -2.3 0.8 -2.9
v -2.3 0.8 -3.1
v -2.3 0.8 -3.3
v -2.3 0.9 3.9
v -2.3 0.9 3.7
v -2.3 0.9 3.5
v -2.3 0.9 3.1
v -2.3 0.9 2.9
v -2.3 0.9 2.7
v -2.3 0.9 -2.1
v -2.3 0.9 -2.3
v -2.3 0.9 -2.5
v -2.3 0.9 -2.9
v -2.3 0.9 -3.1
v -2.3 0.9 -3.3
v -2.3 1 3.8
v -2.3 1 3.7
v -2.3 1 3.4
v -2.3 1 3.2
v -2.3 1 2.9
v -2.3 1 2.8
v -2.3 1 -2.2
v -2.3 1 -2.3
v -2.3 1 -2.6
v -2.3 1 -2.8
v -2.3 1 -3.1
v -2.3 1 -3.2
v -2.3 1.1 3.9
v -2.3 1.1 3.8
v -2.3 1.1 3.5
v -2.3 1.1 3.4
v -2.3 1.1 3.2
v -2.3 1.1 3.1
v -2.3 1.1 2.8
v -2.3 1.1 2.7
v -2.3 1.1 -2.1
v -2.3 1.1 -2.2
v -2.3 1.1 -2.5
v -2.3 1.1 -2.6
v -2.3 1.1 -2.8
v -2.3 1.1 -2.9
v -2.3 1.1 -3.2
v -2.3 1.1 -3.3
v -2.3 1.2 3.9
v -2.3 1.2 3.8
v -2.3 1.2 2.8
v -2.3 1.2 2.7
v -2.3 1.2 -2.1
v -2.3 1.2 -2.2
v -2.3 1.2 -3.2
v -2.3 1.2 -3.3
v -2.3 1.3 3.8
v -2.3 1.3 3.7
v -2.3 1.3 3.6
v -2.3 1.3 3.5
v -2.3 1.3 3.1
v -2.3 1.3 3
v -2.3 1.3 2.9
v -2.3 1.3 2.8
v -2.3 1.3 -2.2
v -2.3 1.3 -2.3
v -2.3 1.3 -2.4
v -2.3 1.3 -2.5
v -2.3 1.3 -2.9
v -2.3 1.3 -3
v -2.3 1.3 -3.1
v -2.3 1.3 -3.2
v -2.3 1.4 3.7
v -2.3 1.4 3.6
v -2.3 1.4 3.4
v -2.3 1.4 3.2
v -2.3 1.4 3
v -2.3 1.4 2.9
v -2.3 1.4 -2.3
v -2.3 1.4 -2.4
v -2.3 1.4 -2.6
v -2.3 1.4 -2.8
v -2.3 1.4 -3
v -2.3 1.4 -3.1
v -1.5 0.8 3.9
v -1.5 0.8 2.7
v -1.5 0.8 -2.1
v -1.5 0.8 -3.3
v -1.5 1.2 3.9
v -1.5 1.2 3.8
v -1.5 1.2 2.8
v -1.5 1.2 2.7
v -1.5 1.2 -2.1
v -1.5 1.2 -2.2
v -1.5 1.2 -3.2
v -1.5 1.2 -3.3
v -1.5 1.3 3.8
v -1.5 1.3 3.7
v -1.5 1.3 2.9
v -1.5 1.3 2.8
v -1.5 1.3 -2.2
v -1.5 1.3 -2.3
v -1.5 1.3 -3.1
v -1.5 1.3 -3.2
v -1.5 1.4 3.7
v -1.5 1.4 2.9
v -1.5 1.4 -2.3
v -1.5 1.4 -3.1
v 1.5 0 3.8
v 1.5 0 2.8
v 1.5 0 -2.2
v 1.5 0 -3.2
v 1.5 0.1 3.9
v 1.5 0.1 3.8
v 1.5 0.1 2.8
v 1.5 0.1 2.7
v 1.5 0.1 -2.1
v 1.5 0.1 -2.2
v 1.5 0.1 -3.2
v 1.5 0.1 -3.3
v 1.5 0.2 4
v 1.5 0.2 3.9
v 1.5 0.2 2.7
v 1.5 0.2 2.6
v 1.5 0.2 -2
v 1.5 0.2 -2.1
v 1.5 0.2 -3.3
v 1.5 0.2 -3.4
v 1.5 0.3 4.1
v 1.5 0.3 4
v 1.5 0.3 3.7
v 1.5 0.3 2.9
v 1.5 0.3 2.6
v 1.5 0.3 2.5
v 1.5 0.3 -1.9
v 1.5 0.3 -2
v 1.5 0.3 -2.3
v 1.5 0.3 -3.1
v 1.5 0.3 -3.4
v 1.5 0.3 -3.5
v 1.5 0.4 4.2
v 1.5 0.4 4.1
v 1.5 0.4 3.8
v 1.5 0.4 3.7
v 1.5 0.4 2.9
v 1.5 0.4 2.8
v 1.5 0.4 2.5
v 1.5 0.4 2.4
v 1.5 0.4 -1.8
v 1.5 0.4 -1.9
v 1.5 0.4 -2.2
v 1.5 0.4 -2.3
v 1.5 0.4 -3.1
v 1.5 0.4 -3.2
v 1.5 0.4 -3.5
v 1.5 0.4 -3.6
v 1.5 0.5 3.9
v 1.5 0.5 3.8
v 1.5 0.5 2.8
v 1.5 0.5 2.7
v 1.5 0.5 -2.1
v 1.5 0.5 -2.2
v 1.5 0.5 -3.2
v 1.5 0.5 -3.3
v 1.5 0.8 4.2
v 1.5 0.8 3.9
v 1.5 0.8 2.7
v 1.5 0.8 2.4
v 1.5 0.8 -1.8
v 1.5 0.8 -2.1
v 1.5 0.8 -3.3
v 1.5 0.8 -3.6
v 1.7 0.3 3.7
v 1.7 0.3 3.6
v 1.7 0.3 3.4
v 1.7 0.3 3.2
v 1.7 0.3 3
v 1.7 0.3 2.9
v 1.7 0.3 -2.3
v 1.7 0.3 -2.4
v 1.7 0.3 -2.6
v 1.7 0.3 -2.8
v 1.7 0.3 -3
v 1.7 0.3 -3.1
v 1.7 0.4 3.8
v 1.7 0.4 3.7
v 1.7 0.4 3.6
v 1.7 0.4 3.5
v 1.7 0.4 3.1
v 1.7 0.4 3
v 1.7 0.4 2.9
v 1.7 0.4 2.8
v 1.7 0.4 -2.2
v 1.7 0.4 -2.3
v 1.7 0.4 -2.4
v 1.7 0.4 -2.5
v 1.7 0.4 -2.9
v 1.7 0.4 -3
v 1.7 0.4 -3.1
v 1.7 0.4 -3.2
v 1.7 0.5 3.9
v 1.7 0.5 3.8
v 1.7 0.5 2.8
v 1.7 0.5 2.7
v 1.7 0.5 -2.1
v 1.7 0.5 -2.2
v 1.7 0.5 -3.2
v 1.7 0.5 -3.3
v 1.7 0.6 3.9
v 1.7 0.6 3.8
v 1.7 0.6 3.5
v 1.7 0.6 3.4
v 1.7 0.6 3.2
v 1.7 0.6 3.1
v 1.7 0.6 2.8
v 1.7 0.6 2.7
v 1.7 0.6 -2.1
v 1.7 0.6 -2.2
v 1.7 0.6 -2.5
v 1.7 0.6 -2.6
v 1.7 0.6 -2.8
v 1.7 0.6 -2.9
v 1.7 0.6 -3.2
v 1.7 0.6 -3.3
v 1.7 0.7 3.8
v 1.7 0.7 3.7
v 1.7 0.7 3.4
v 1.7 0.7 3.2
v 1.7 0.7 2.9
v 1.7 0.7 2.8
v 1.7 0.7 -2.2
v 1.7 0.7 -2.3
v 1.7 0.7 -2.6
v 1.7 0.7 -2.8
v 1.7 0.7 -3.1
v 1.7 0.7 -3.2
v 1.7 0.8 3.9
v 1.7 0.8 3.7
v 1.7 0.8 3.5
v 1.7 0.8 3.1
v 1.7 0.8 2.9
v 1.7 0.8 2.7
v 1.7 0.8 -2.1
v 1.7 0.8 -2.3
v 1.7 0.8 -2.5
v 1.7 0.8 -2.9
v 1.7 0.8 -3.1
v 1.7 0.8 -3.3
v 1.7 0.9 3.9
v 1.7 0.9 3.7
v 1.7 0.9 3.5
v 1.7 0.9 3.1
v 1.7 0.9 2.9
v 1.7 0.9 2.7
v 1.7 0.9 -2.1
v 1.7 0.9 -2.3
v 1.7 0.9 -2.5
v 1.7 0.9 -2.9
v 1.7 0.9 -3.1
v 1.7 0.9 -3.3
v 1.7 1 3.8
v 1.7 1 3.7
v 1.7 1 3.4
v 1.7 1 3.2
v 1.7 1 2.9
v 1.7 1 2.8
v 1.7 1 -2.2
v 1.7 1 -2.3
v 1.7 1 -2.6
v 1.7 1 -2.8
v 1.7 1 -3.1
v 1.7 1 -3.2
v 1.7 1.1 3.9
v 1.7 1.1 3.8
v 1.7 1.1 3.5
v 1.7 1.1 3.4
v 1.7 1.1 3.2
v 1.7 1.1 3.1
v 1.7 1.1 2.8
v 1.7 1.1 2.7
v 1.7 1.1 -2.1
v 1.7 1.1 -2.2
v 1.7 1.1 -2.5
v 1.7 1.1 -2.6
v 1.7 1.1 -2.8
v 1.7 1.1 -2.9
v 1.7 1.1 -3.2
v 1.7 1.1 -3.3
v 1.7 1.2 3.9
v 1.7 1.2 3.8
v 1.7 1.2 2.8
v 1.7 1.2 2.7
v 1.7 1.2 -2.1
v 1.7 1.2 -2.2
v 1.7 1.2 -3.2
v 1.7 1.2 -3.3
v 1.7 1.3 3.8
v 1.7 1.3 3.7
v 1.7 1.3 3.6
v 1.7 1.3 3.5
v 1.7 1.3 3.1
v 1.7 1.3 3
v 1.7 1.3 2.9
v 1.7 1.3 2.8
v 1.7 1.3 -2.2
v 1.7 1.3 -2.3
v 1.7 1.3 -2.4
v 1.7 1.3 -2.5
v 1.7 1.3 -2.9
v 1.7 1.3 -3
v 1.7 1.3 -3.1
v 1.7 1.3 -3.2
v 1.7 1.4 3.7
v 1.7 1.4 3.6
v 1.7 1.4 3.4
v 1.7 1.4 3.2
v 1.7 1.4 3
v 1.7 1.4 2.9
v 1.7 1.4 -2.3
v 1.7 1.4 -2.4
v 1.7 1.4 -2.6
v 1.7 1.4 -2.8
v 1.7 1.4 -3
v 1.7 1.4 -3.1
v 2.5 0.8 2.8
v 2.5 0.8 2.7
v 2.5 1.2 2.8
v 2.5 1.2 2.7
v -1.7 0.3 3.7
v -1.7 0.3 3.6
v -1.7 0.3 3.4
v -1.7 0.3 3.2
v -1.7 0.3 3
v -1.7 0.3 2.9
v -1.7 0.3 -2.3
v -1.7 0.3 -2.4
v -1.7 0.3 -2.6
v -1.7 0.3 -2.8
v -1.7 0.3 -3
v -1.7 0.3 -3.1
v -1.7 0.4 3.8
v -1.7 0.4 3.7
v -1.7 0.4 3.6
v -1.7 0.4 3.5
v -1.7 0.4 3.1
v -1.7 0.4 3
v -1.7 0.4 2.9
v -1.7 0.4 2.8
v -1.7 0.4 -2.2
v -1.7 0.4 -2.3
v -1.7 0.4 -2.4
v -1.7 0.4 -2.5
v -1.7 0.4 -2.9
v -1.7 0.4 -3
v -1.7 0.4 -3.1
v -1.7 0.4 -3.2
v -1.7 0.5 3.9
v -1.7 0.5 3.8
v -1.7 0.5 2.8
v -1.7 0.5 2.7
v -1.7 0.5 -2.1
v -1.7 0.5 -2.2
v -1.7 0.5 -3.2
v -1.7 0.5 -3.3
v -1.7 0.6 3.9
v -1.7 0.6 3.8
v -1.7 0.6 3.5
v -1.7 0.6 3.4
v -1.7 0.6 3.2
v -1.7 0.6 3.1
v -1.7 0.6 2.8
v -1.7 0.6 2.7
v -1.7 0.6 -2.1
v -1.7 0.6 -2.2
v -1.7 0.6 -2.5
v -1.7 0.6 -2.6
v -1.7 0.6 -2.8
v -1.7 0.6 -2.9
v -1.7 0.6 -3.2
v -1.7 0.6 -3.3
v -1.7 0.7 3.8
v -1.7 0.7 3.7
v -1.7 0.7 3.4
v -1.7 0.7 3.2
v -1.7 0.7 2.9
v -1.7 0.7 2.8
v -1.7 0.7 -2.2
v -1.7 0.7 -2.3
v -1.7 0.7 -2.6
v -1.7 0.7 -2.8
v -1.7 0.7 -3.1
v -1.7 0.7 -3.2
v -1.7 0.8 3.9
v -1.7 0.8 3.7
v -1.7 0.8 3.5
v -1.7 0.8 3.1
v -1.7 0.8 2.9
v -1.7 0.8 2.7
v -1.7 0.8 -2.1
v -1.7 0.8 -2.3
v -1.7 0.8 -2.5
v -1.7 0.8 -2.9
v -1.7 0.8 -3.1
v -1.7 0.8 -3.3
v -1.7 0.9 3.9
v -1.7 0.9 3.7
v -1.7 0.9 3.5
v -1.7 0.9 3.1
v -1.7 0.9 2.9
v -1.7 0.9 2.7
v -1.7 0.9 -2.1
v -1.7 0.9 -2.3
v -1.7 0.9 -2.5
v -1.7 0.9 -2.9
v -1.7 0.9 -3.1
v -1.7 0.9 -3.3
v -1.7 1 3.8
v -1.7 1 3.7
v -1.7 1 3.4
v -1.7 1 3.2
v -1.7 1 2.9
v -1.7 1 2.8
v -1.7 1 -2.2
v -1.7 1 -2.3
v -1.7 1 -2.6
v -1.7 1 -2.8
v -1.7 1 -3.1
v -1.7 1 -3.2
v -1.7 1.1 3.9
v -1.7 1.1 3.8
v -1.7 1.1 3.5
v -1.7 1.1 3.4
v -1.7 1.1 3.2
v -1.7 1.1 3.1
v -1.7 1.1 2.8
v -1.7 1.1 2.7
v -1.7 1.1 -2.1
v -1.7 1.1 -2.2
v -1.7 1.1 -2.5
v -1.7 1.1 -2.6
v -1.7 1.1 -2.8
v -1.7 1.1 -2.9
v -1.7 1.1 -3.2
v -1.7 1.1 -3.3
v -1.7 1.2 3.9
v -1.7 1.2 3.8
v -1.7 1.2 2.8
v -1.7 1.2 2.7
v -1.7 1.2 -2.1
v -1.7 1.2 -2.2
v -1.7 1.2 -3.2
v -1.7 1.2 -3.3
v -1.7 1.3 3.8
v -1.7 1.3 3.7
v -1.7 1.3 3.6
v -1.7 1.3 3.5
v -1.7 1.3 3.1
v -1.7 1.3 3
v -1.7 1.3 2.9
v -1.7 1.3 2.8
v -1.7 1.3 -2.2
v -1.7 1.3 -2.3
v -1.7 1.3 -2.4
v -1.7 1.3 -2.5
v -1.7 1.3 -2.9
v -1.7 1.3 -3
v -1.7 1.3 -3.1
v -1.7 1.3 -3.2
v -1.7 1.4 3.7
v -1.7 1.4 3.6
v -1.7 1.4 3.4
v -1.7 1.4 3.2
v -1.7 1.4 3
v -1.7 1.4 2.9
v -1.7 1.4 -2.3
v -1.7 1.4 -2.4
v -1.7 1.4 -2.6
v -1.7 1.4 -2.8
v -1.7 1.4 -3
v -1.7 1.4 -3.1
v -1.5 0 3.8
v -1.5 0 2.8
v -1.5 0 -2.2
v -1.5 0 -3.2
v -1.5 0.1 3.9
v -1.5 0.1 3.8
v -1.5 0.1 2.8
v -1.5 0.1 2.7
v -1.5 0.1 -2.1
v -1.5 0.1 -2.2
v -1.5 0.1 -3.2
v -1.5 0.1 -3.3
v -1.5 0.2 4
v -1.5 0.2 3.9
v -1.5 0.2 2.7
v -1.5 0.2 2.6
v -1.5 0.2 -2
v -1.5 0.2 -2.1
v -1.5 0.2 -3.3
v -1.5 0.2 -3.4
v -1.5 0.3 4.1
v -1.5 0.3 4
v -1.5 0.3 3.7
v -1.5 0.3 2.9
v -1.5 0.3 2.6
v -1.5 0.3 2.5
v -1.5 0.3 -1.9
v -1.5 0.3 -2
v -1.5 0.3 -2.3
v -1.5 0.3 -3.1
v -1.5 0.3 -3.4
v -1.5 0.3 -3.5
v -1.5 0.4 4.2
v -1.5 0.4 4.1
v -1.5 0.4 3.8
v -1.5 0.4 3.7
v -1.5 0.4 2.9
v -1.5 0.4 2.8
v -1.5 0.4 2.5
v -1.5 0.4 2.4
v -1.5 0.4 -1.8
v -1.5 0.4 -1.9
v -1.5 0.4 -2.2
v -1.5 0.4 -2.3
v -1.5 0.4 -3.1
v -1.5 0.4 -3.2
v -1.5 0.4 -3.5
v -1.5 0.4 -3.6
v -1.5 0.5 3.9
v -1.5 0.5 3.8
v -1.5 0.5 2.8
v -1.5 0.5 2.7
v -1.5 0.5 -2.1
v -1.5 0.5 -2.2
v -1.5 0.5 -3.2
v -1.5 0.5 -3.3
v -1.5 0.8 4.2
v -1.5 0.8 3.9
v -1.5 0.8 2.7
v -1.5 0.8 2.4
v -1.5 0.8 -1.8
v -1.5 0.8 -2.1
v -1.5 0.8 -3.3
v -1.5 0.8 -3.6
v 1.5 0.8 3.9
v 1.5 0.8 2.7
v 1.5 0.8 -2.1
v 1.5 0.8 -3.3
v 1.5 1.2 3.9
v 1.5 1.2 3.8
v 1.5 1.2 2.8
v 1.5 1.2 2.7
v 1.5 1.2 -2.1
v 1.5 1.2 -2.2
v 1.5 1.2 -3.2
v 1.5 1.2 -3.3
v 1.5 1.3 3.8
v 1.5 1.3 3.7
v 1.5 1.3 2.9
v 1.5 1.3 2.8
v 1.5 1.3 -2.2
v 1.5 1.3 -2.3
v 1.5 1.3 -3.1
v 1.5 1.3 -3.2
v 1.5 1.4 3.7
v 1.5 1.4 2.9
v 1.5 1.4 -2.3
v 1.5 1.4 -3.1
v 2.3 0.3 3.7
v 2.3 0.3 3.6
v 2.3 0.3 3.4
v 2.3 0.3 3.2
v 2.3 0.3 3
v 2.3 0.3 2.9
v 2.3 0.3 -2.3
v 2.3 0.3 -2.4
v 2.3 0.3 -2.6
v 2.3 0.3 -2.8
v 2.3 0.3 -3
v 2.3 0.3 -3.1
v 2.3 0.4 3.8
v 2.3 0.4 3.7
v 2.3 0.4 3.6
v 2.3 0.4 3.5
v 2.3 0.4 3.1
v 2.3 0.4 3
v 2.3 0.4 2.9
v 2.3 0.4 2.8
v 2.3 0.4 -2.2
v 2.3 0.4 -2.3
v 2.3 0.4 -2.4
v 2.3 0.4 -2.5
v 2.3 0.4 -2.9
v 2.3 0.4 -3
v 2.3 0.4 -3.1
v 2.3 0.4 -3.2
v 2.3 0.5 3.9
v 2.3 0.5 3.8
v 2.3 0.5 2.8
v 2.3 0.5 2.7
v 2.3 0.5 -2.1
v 2.3 0.5 -2.2
v 2.3 0.5 -3.2
v 2.3 0.5 -3.3
v 2.3 0.6 3.9
v 2.3 0.6 3.8
v 2.3 0.6 3.5
v 2.3 0.6 3.4
v 2.3 0.6 3.2
v 2.3 0.6 3.1
v 2.3 0.6 2.8
v 2.3 0.6 2.7
v 2.3 0.6 -2.1
v 2.3 0.6 -2.2
v 2.3 0.6 -2.5
v 2.3 0.6 -2.6
v 2.3 0.6 -2.8
v 2.3 0.6 -2.9
v 2.3 0.6 -3.2
v 2.3 0.6 -3.3
v 2.3 0.7 3.8
v 2.3 0.7 3.7
v 2.3 0.7 3.4
v 2.3 0.7 3.2
v 2.3 0.7 2.9
v 2.3 0.7 2.8
v 2.3 0.7 -2.2
v 2.3 0.7 -2.3
v 2.3 0.7 -2.6
v 2.3 0.7 -2.8
v 2.3 0.7 -3.1
v 2.3 0.7 -3.2
v 2.3 0.8 3.9
v 2.3 0.8 3.7
v 2.3 0.8 3.5
v 2.3 0.8 3.1
v 2.3 0.8 2.9
v 2.3 0.8 2.7
v 2.3 0.8 -2.1
v 2.3 0.8 -2.3
v 2.3 0.8 -2.5
v 2.3 0.8 -2.9
v 2.3 0.8 -3.1
v 2.3 0.8 -3.3
v 2.3 0.9 3.9
v 2.3 0.9 3.7
v 2.3 0.9 3.5
v 2.3 0.9 3.1
v 2.3 0.9 2.9
v 2.3 0.9 2.7
v 2.3 0.9 -2.1
v 2.3 0.9 -2.3
v 2.3 0.9 -2.5
v 2.3 0.9 -2.9
v 2.3 0.9 -3.1
v 2.3 0.9 -3.3
v 2.3 1 3.8
v 2.3 1 3.7
v 2.3 1 3.4
v 2.3 1 3.2
v 2.3 1 2.9
v 2.3 1 2.8
v 2.3 1 -2.2
v 2.3 1 -2.3
v 2.3 1 -2.6
v 2.3 1 -2.8
v 2.3 1 -3.1
v 2.3 1 -3.2
v 2.3 1.1 3.9
v 2.3 1.1 3.8
v 2.3 1.1 3.5
v 2.3 1.1 3.4
v 2.3 1.1 3.2
v 2.3 1.1 3.1
v 2.3 1.1 2.8
v 2.3 1.1 2.7
v 2.3 1.1 -2.1
v 2.3 1.1 -2.2
v 2.3 1.1 -2.5
v 2.3 1.1 -2.6
v 2.3 1.1 -2.8
v 2.3 1.1 -2.9
v 2.3 1.1 -3.2
v 2.3 1.1 -3.3
v 2.3 1.2 3.9
v 2.3 1.2 3.8
v 2.3 1.2 2.8
v 2.3 1.2 2.7
v 2.3 1.2 -2.1
v 2.3 1.2 -2.2
v 2.3 1.2 -3.2
v 2.3 1.2 -3.3
v 2.3 1.3 3.8
v 2.3 1.3 3.7
v 2.3 1.3 3.6
v 2.3 1.3 3.5
v 2.3 1.3 3.1
v 2.3 1.3 3
v 2.3 1.3 2.9
v 2.3 1.3 2.8
v 2.3 1.3 -2.2
v 2.3 1.3 -2.3
v 2.3 1.3 -2.4
v 2.3 1.3 -2.5
v 2.3 1.3 -2.9
v 2.3 1.3 -3
v 2.3 1.3 -3.1
v 2.3 1.3 -3.2
v 2.3 1.4 3.7
v 2.3 1.4 3.6
v 2.3 1.4 3.4
v 2.3 1.4 3.2
v 2.3 1.4 3
v 2.3 1.4 2.9
v 2.3 1.4 -2.3
v 2.3 1.4 -2.4
v 2.3 1.4 -2.6
v 2.3 1.4 -2.8
v 2.3 1.4 -3
v 2.3 1.4 -3.1
v 2.5 0 3.8
v 2.5 0 2.8
v 2.5 0 -2.2
v 2.5 0 -3.2
v 2.5 0.1 3.9
v 2.5 0.1 3.8
v 2.5 0.1 2.8
v 2.5 0.1 2.7
v 2.5 0.1 -2.1
v 2.5 0.1 -2.2
v 2.5 0.1 -3.2
v 2.5 0.1 -3.3
v 2.5 0.2 4
v 2.5 0.2 3.9
v 2.5 0.2 2.7
v 2.5 0.2 2.6
v 2.5 0.2 -2
v 2.5 0.2 -2.1
v 2.5 0.2 -3.3
v 2.5 0.2 -3.4
v 2.5 0.3 4.1
v 2.5 0.3 4
v 2.5 0.3 3.7
v 2.5 0.3 2.9
v 2.5 0.3 2.6
v 2.5 0.3 2.5
v 2.5 0.3 -1.9
v 2.5 0.3 -2
v 2.5 0.3 -2.3
v 2.5 0.3 -3.1
v 2.5 0.3 -3.4
v 2.5 0.3 -3.5
v 2.5 0.4 4.2
v 2.5 0.4 4.1
v 2.5 0.4 3.8
v 2.5 0.4 3.7
v 2.5 0.4 2.9
v 2.5 0.4 2.8
v 2.5 0.4 2.5
v 2.5 0.4 2.4
v 2.5 0.4 -1.8
v 2.5 0.4 -1.9
v 2.5 0.4 -2.2
v 2.5 0.4 -2.3
v 2.5 0.4 -3.1
v 2.5 0.4 -3.2
v 2.5 0.4 -3.5
v 2.5 0.4 -3.6
v 2.5 0.5 3.9
v 2.5 0.5 3.8
v 2.5 0.5 2.8
v 2.5 0.5 2.7
v 2.5 0.5 -2.1
v 2.5 0.5 -2.2
v 2.5 0.5 -3.2
v 2.5 0.5 -3.3
v 2.5 0.8 4.2
v 2.5 0.8 4.1
v 2.5 0.8 2.7
v 2.5 0.8 2.4
v 2.5 0.8 -1.8
v 2.5 0.8 -1.9
v 2.5 0.8 -3.5
v 2.5 0.8 -3.6
v 2.5 1 4.1
v 2.5 1 4
v 2.5 1 -1.9
v 2.5 1 -2
v 2.5 1 -3.4
v 2.5 1 -3.5
v 2.5 1.2 4
v 2.5 1.2 3.9
v 2.5 1.2 3.8
v 2.5 1.2 -2
v 2.5 1.2 -2.1
v 2.5 1.2 -2.2
v 2.5 1.2 -3.2
v 2.5 1.2 -3.3
v 2.5 1.2 -3.4
v 2.5 1.3 3.8
v 2.5 1.3 3.7
v 2.5 1.3 2.9
v 2.5 1.3 2.8
v 2.5 1.3 -2.2
v 2.5 1.3 -2.3
v 2.5 1.3 -3.1
v 2.5 1.3 -3.2
v 2.5 1.3 -3.3
v 2.5 1.4 3.9
v 2.5 1.4 3.8
v 2.5 1.4 3.7
v 2.5 1.4 2.9
v 2.5 1.4 -2.1
v 2.5 1.4 -2.2
v 2.5 1.4 -2.3
v 2.5 1.4 -3.1
v 2.5 1.5 3.8
v 2.5 1.5 3.6
v 2.5 1.5 3
v 2.5 1.5 2.8
v 2.5 1.5 -2.2
v 2.5 1.5 -2.4
v 2.5 1.5 -3
v 2.5 1.5 -3.2
v 2.5 1.6 3.6
v 2.5 1.6 3
v 2.5 1.6 -2.4
v 2.5 1.6 -3
v 2.6 0.8 5.2
v 2.6 0.8 4.3
v 2.6 0.8 2.8
v 2.6 0.8 2.5
v 2.6 0.8 -3.5
v 2.6 0.8 -5.2
v 2.6 0.9 5.3
v 2.6 0.9 5.2
v 2.6 0.9 4.3
v 2.6 0.9 2.8
v 2.6 0.9 2.5
v 2.6 0.9 -3.5
v 2.6 0.9 -5.2
v 2.6 0.9 -5.3
v 2.6 2.1 -3.6
v 2.6 2.1 -5.2
v 2.6 2.1 -5.3
v 2.6 2.2 -3.6
v 2.6 2.2 -5.2
v 2.6 2.5 5.3
v 2.6 2.5 5.2
v 2.6 2.5 4.3
v 2.6 2.6 5.2
v 2.6 2.6 4.3
v 2.7 0.8 4.3
v 2.7 0.8 4.1
v 2.7 0.8 2.5
v 2.7 0.8 0.5
v 2.7 0.8 0.0999999
v 2.7 0.8 -1.9
v 2.7 0.9 5.2
v 2.7 0.9 4.3
v 2.7 0.9 2.8
v 2.7 0.9 2.5
v 2.7 0.9 -3.5
v 2.7 0.9 -5.2
v 2.7 1 4.1
v 2.7 1 4
v 2.7 1 -1.9
v 2.7 1 -2
v 2.7 1 -3.4
v 2.7 1 -3.5
v 2.7 1.2 4
v 2.7 1.2 3.9
v 2.7 1.2 -2
v 2.7 1.2 -2.1
v 2.7 1.2 -3.3
v 2.7 1.2 -3.4
v 2.7 1.3 -3.2
v 2.7 1.3 -3.3
v 2.7 1.4 3.9
v 2.7 1.4 3.8
v 2.7 1.4 -2.1
v 2.7 1.4 -2.2
v 2.7 1.5 3.8
v 2.7 1.5 3.6
v 2.7 1.5 3
v 2.7 1.5 2.8
v 2.7 1.5 -2.2
v 2.7 1.5 -2.4
v 2.7 1.5 -3
v 2.7 1.5 -3.2
v 2.7 1.6 3.6
v 2.7 1.6 3
v 2.7 1.6 -2.4
v 2.7 1.6 -3
v 2.7 2 1.3
v 2.7 2 0.8
v 2.7 2 -1.3
v 2.7 2 -1.8
v 2.7 2.1 1.3
v 2.7 2.1 0.8
v 2.7 2.1 -1.3
v 2.7 2.1 -1.8
v 2.7 2.1 -3.6
v 2.7 2.1 -5.2
v 2.7 2.3 3.2
v 2.7 2.3 0.5
v 2.7 2.3 0.0999999
v 2.7 2.3 -1.9
v 2.7 2.3 -3.5
v 2.7 2.3 -3.6
v 2.7 2.4 3.2
v 2.7 2.4 3.1
v 2.7 2.4 2.9
v 2.7 2.4 0.5
v 2.7 2.4 0.0999999
v 2.7 2.4 -1.8
v 2.7 2.4 -1.9
v 2.7 2.4 -2
v 2.7 2.4 -3.4
v 2.7 2.4 -3.5
v 2.7 2.5 5.2
v 2.7 2.5 4.3
v 2.7 2.5 3.1
v 2.7 2.5 3
v 2.7 2.5 2.9
v 2.7 2.5 2.8
v 2.7 2.5 -3.3
v 2.7 2.5 -3.4
v 2.7 2.6 4.3
v 2.7 2.6 3
v 2.7 2.6 2.9
v 2.7 2.6 2.8
v 2.7 2.6 2.7
v 2.7 2.6 -3.2
v 2.7 2.6 -3.3
v 2.7 2.7 3
v 2.7 2.7 2.9
v 2.7 2.7 2.8
v 2.7 2.7 2.7
v 2.7 2.7 2.6
v 2.7 2.7 -3.1
v 2.7 2.7 -3.2
v 2.7 2.8 2.9
v 2.7 2.8 2.8
v 2.7 2.8 2.7
v 2.7 2.8 2.6
v 2.7 2.8 2.5
v 2.7 2.8 -3
v 2.7 2.8 -3.1
v 2.7 2.9 2.8
v 2.7 2.9 2.7
v 2.7 2.9 2.6
v 2.7 2.9 2.5
v 2.7 2.9 2.4
v 2.7 2.9 -2.9
v 2.7 2.9 -3
v 2.7 3 2.7
v 2.7 3 2.6
v 2.7 3 2.5
v 2.7 3 2.4
v 2.7 3 2.3
v 2.7 3 -2.8
v 2.7 3 -2.9
v 2.7 3.1 2.6
v 2.7 3.1 2.5
v 2.7 3.1 2.4
v 2.7 3.1 2.3
v 2.7 3.1 2.2
v 2.7 3.1 -2.7
v 2.7 3.1 -2.8
v 2.7 3.2 2.5
v 2.7 3.2 2.4
v 2.7 3.2 2.3
v 2.7 3.2 2.2
v 2.7 3.2 2.1
v 2.7 3.2 -2.6
v 2.7 3.2 -2.7
v 2.7 3.3 2.4
v 2.7 3.3 2.3
v 2.7 3.3 2.2
v 2.7 3.3 2.1
v 2.7 3.3 2
v 2.7 3.3 -2.5
v 2.7 3.3 -2.6
v 2.7 3.4 2.3
v 2.7 3.4 2.2
v 2.7 3.4 2.1
v 2.7 3.4 2
v 2.7 3.4 1.9
v 2.7 3.4 -2.4
v 2.7 3.4 -2.5
v 2.7 3.5 2.2
v 2.7 3.5 2.1
v 2.7 3.5 2
v 2.7 3.5 1.9
v 2.7 3.5 1.8
v 2.7 3.5 -2.3
v 2.7 3.5 -2.4
v 2.7 3.6 2.1
v 2.7 3.6 2
v 2.7 3.6 1.9
v 2.7 3.6 1.8
v 2.7 3.6 1.7
v 2.7 3.6 -2.2
v 2.7 3.6 -2.3
v 2.7 3.7 2
v 2.7 3.7 1.9
v 2.7 3.7 1.8
v 2.7 3.7 1.7
v 2.7 3.7 0.5
v 2.7 3.7 0.0999999
v 2.7 3.7 -1.8
v 2.7 3.7 -1.9
v 2.7 3.7 -2
v 2.7 3.7 -2.1
v 2.7 3.7 -2.2
v 2.7 3.8 1.9
v 2.7 3.8 1.8
v 2.7 3.8 -1.9
v 2.7 3.8 -2
v 2.7 3.8 -2.1
v 2.7 3.9 1.8
v 2.7 3.9 -2
v -2.6 0.9 5.3
v -2.6 2.5 5.3
v -2.5 2.3 5.3
v -2.5 2.5 5.3
v -2.4 2.2 5.3
v -2.4 2.3 5.3
v -2.4 2.4 5.3
v -2.4 2.5 5.3
v -1.6 2.2 5.3
v -1.6 2.3 5.3
v -1.6 2.4 5.3
v -1.6 2.5 5.3
v -1.5 2.3 5.3
v -1.5 2.5 5.3
v 1.4 2.3 5.3
v 1.4 2.5 5.3
v 1.5 2.2 5.3
v 1.5 2.3 5.3
v 1.5 2.4 5.3
v 1.5 2.5 5.3
v 2.3 2.2 5.3
v 2.3 2.3 5.3
v 2.3 2.4 5.3
v 2.3 2.5 5.3
v 2.4 2.3 5.3
v 2.4 2.5 5.3
v 2.6 0.9 5.3
v 2.6 2.5 5.3
v -2.6 0.8 5.2
v -2.6 0.9 5.2
v -2.6 2.5 5.2
v -2.6 2.6 5.2
v -2.5 2.5 5.2
v -2.5 2.6 5.2
v -2.4 2.5 5.2
v -2.4 2.6 5.2
v -1.6 2.5 5.2
v -1.6 2.6 5.2
v -1.5 2.5 5.2
v -1.5 2.6 5.2
v 1.4 2.5 5.2
v 1.4 2.6 5.2
v 1.5 2.5 5.2
v 1.5 2.6 5.2
v 2.3 2.5 5.2
v 2.3 2.6 5.2
v 2.4 2.5 5.2
v 2.4 2.6 5.2
v 2.6 0.8 5.2
v 2.6 0.9 5.2
v 2.6 2.5 5.2
v 2.6 2.6 5.2
v 2.7 0.9 5.2
v 2.7 2.5 5.2
v 2.6 0.8 4.3
v 2.6 0.9 4.3
v 2.6 2.5 4.3
v 2.6 2.6 4.3
v 2.7 0.8 4.3
v 2.7 0.9 4.3
v 2.7 2.5 4.3
v 2.7 2.6 4.3
v -2.5 0.4 4.2
v -2.5 0.8 4.2
v -1.5 0.4 4.2
v -1.5 0.8 4.2
v 1.5 0.4 4.2
v 1.5 0.8 4.2
v 2.5 0.4 4.2
v 2.5 0.8 4.2
v -2.5 0.3 4.1
v -2.5 0.4 4.1
v -1.5 0.3 4.1
v -1.5 0.4 4.1
v 1.5 0.3 4.1
v 1.5 0.4 4.1
v 2.5 0.3 4.1
v 2.5 0.4 4.1
v -2.5 0.2 4
v -2.5 0.3 4
v -1.5 0.2 4
v -1.5 0.3 4
v 1.5 0.2 4
v 1.5 0.3 4
v 2.5 0.2 4
v 2.5 0.3 4
v -2.5 0.1 3.9
v -2.5 0.2 3.9
v -1.5 0.1 3.9
v -1.5 0.2 3.9
v 1.5 0.1 3.9
v 1.5 0.2 3.9
v 2.5 0.1 3.9
v 2.5 0.2 3.9
v -2.5 0 3.8
v -2.5 0.1 3.8
v -2.3 0.6 3.8
v -2.3 0.7 3.8
v -2.3 1 3.8
v -2.3 1.1 3.8
v -1.7 0.6 3.8
v -1.7 0.7 3.8
v -1.7 1 3.8
v -1.7 1.1 3.8
v -1.5 0 3.8
v -1.5 0.1 3.8
v 1.5 0 3.8
v 1.5 0.1 3.8
v 1.7 0.6 3.8
v 1.7 0.7 3.8
v 1.7 1 3.8
v 1.7 1.1 3.8
v 2.3 0.6 3.8
v 2.3 0.7 3.8
v 2.3 1 3.8
v 2.3 1.1 3.8
v 2.5 0 3.8
v 2.5 0.1 3.8
v -2.3 0.7 3.7
v -2.3 0.8 3.7
v -2.3 0.9 3.7
v -2.3 1 3.7
v -1.7 0.7 3.7
v -1.7 0.8 3.7
v -1.7 0.9 3.7
v -1.7 1 3.7
v 1.7 0.7 3.7
v 1.7 0.8 3.7
v 1.7 0.9 3.7
v 1.7 1 3.7
v 2.3 0.7 3.7
v 2.3 0.8 3.7
v 2.3 0.9 3.7
v 2.3 1 3.7
v -2.3 0.8 3.5
v -2.3 0.9 3.5
v -1.7 0.8 3.5
v -1.7 0.9 3.5
v 1.7 0.8 3.5
v 1.7 0.9 3.5
v 2.3 0.8 3.5
v 2.3 0.9 3.5
v -2.3 0.3 3.4
v -2.3 0.6 3.4
v -2.3 1.1 3.4
v -2.3 1.4 3.4
v -1.7 0.3 3.4
v -1.7 0.6 3.4
v -1.7 1.1 3.4
v -1.7 1.4 3.4
v 1.7 0.3 3.4
v 1.7 0.6 3.4
v 1.7 1.1 3.4
v 1.7 1.4 3.4
v 2.3 0.3 3.4
v 2.3 0.6 3.4
v 2.3 1.1 3.4
v 2.3 1.4 3.4
v -2.3 0.6 3.2
v -2.3 0.7 3.2
v -2.3 1 3.2
v -2.3 1.1 3.2
v -1.7 0.6 3.2
v -1.7 0.7 3.2
v -1.7 1 3.2
v -1.7 1.1 3.2
v 1.7 0.6 3.2
v 1.7 0.7 3.2
v 1.7 1 3.2
v 1.7 1.1 3.2
v 2.3 0.6 3.2
v 2.3 0.7 3.2
v 2.3 1 3.2
v 2.3 1.1 3.2
v -2.3 0.4 3.1
v -2.3 0.6 3.1
v -2.3 1.1 3.1
v -2.3 1.3 3.1
v -1.7 0.4 3.1
v -1.7 0.6 3.1
v -1.7 1.1 3.1
v -1.7 1.3 3.1
v 1.7 0.4 3.1
v 1.7 0.6 3.1
v 1.7 1.1 3.1
v 1.7 1.3 3.1
v 2.3 0.4 3.1
v 2.3 0.6 3.1
v 2.3 1.1 3.1
v 2.3 1.3 3.1
v -2.6 1.5 3
v -2.6 1.6 3
v -2.6 2.6 3
v -2.6 2.7 3
v -2.5 1.5 3
v -2.5 1.6 3
v -2.5 2.6 3
v -2.5 2.7 3
v -2.4 2.6 3
v -2.3 0.3 3
v -2.3 0.4 3
v -2.3 1.3 3
v -2.3 1.4 3
v -1.7 0.3 3
v -1.7 0.4 3
v -1.7 1.3 3
v -1.7 1.4 3
v 1.7 0.3 3
v 1.7 0.4 3
v 1.7 1.3 3
v 1.7 1.4 3
v 2.3 0.3 3
v 2.3 0.4 3
v 2.3 1.3 3
v 2.3 1.4 3
v 2.5 1.5 3
v 2.5 1.6 3
v 2.5 2.6 3
v 2.6 2.6 3
v 2.6 2.7 3
v 2.7 1.5 3
v 2.7 1.6 3
v 2.7 2.6 3
v 2.7 2.7 3
v -2.6 2.7 2.9
v -2.6 2.8 2.9
v -2.5 0.3 2.9
v -2.5 0.4 2.9
v -2.5 1.3 2.9
v -2.5 1.4 2.9
v -2.5 2.7 2.9
v -2.5 2.8 2.9
v -2.3 0.3 2.9
v -2.3 0.4 2.9
v -2.3 0.8 2.9
v -2.3 0.9 2.9
v -2.3 1.3 2.9
v -2.3 1.4 2.9
v -2.3 2.7 2.9
v -2.3 2.8 2.9
v -1.7 0.3 2.9
v -1.7 0.4 2.9
v -1.7 0.8 2.9
v -1.7 0.9 2.9
v -1.7 1.3 2.9
v -1.7 1.4 2.9
v -1.5 0.3 2.9
v -1.5 0.4 2.9
v -1.5 1.3 2.9
v -1.5 1.4 2.9
v 1.5 0.3 2.9
v 1.5 0.4 2.9
v 1.5 1.3 2.9
v 1.5 1.4 2.9
v 1.7 0.3 2.9
v 1.7 0.4 2.9
v 1.7 0.8 2.9
v 1.7 0.9 2.9
v 1.7 1.3 2.9
v 1.7 1.4 2.9
v 2.3 0.3 2.9
v 2.3 0.4 2.9
v 2.3 0.8 2.9
v 2.3 0.9 2.9
v 2.3 1.3 2.9
v 2.3 1.4 2.9
v 2.4 2.7 2.9
v 2.4 2.8 2.9
v 2.5 0.3 2.9
v 2.5 0.4 2.9
v 2.5 1.3 2.9
v 2.5 1.4 2.9
v 2.6 2.7 2.9
v 2.6 2.8 2.9
v 2.7 2.7 2.9
v 2.7 2.8 2.9
v -2.6 1.3 2.8
v -2.6 1.5 2.8
v -2.6 2.8 2.8
v -2.6 2.9 2.8
v -2.5 0.4 2.8
v -2.5 0.5 2.8
v -2.5 1.2 2.8
v -2.5 1.3 2.8
v -2.5 1.5 2.8
v -2.5 2.8 2.8
v -2.5 2.9 2.8
v -2.3 0.4 2.8
v -2.3 0.5 2.8
v -2.3 1.2 2.8
v -2.3 1.3 2.8
v -2.3 2.8 2.8
v -2.3 2.9 2.8
v -1.7 0.4 2.8
v -1.7 0.5 2.8
v -1.7 1.2 2.8
v -1.7 1.3 2.8
v -1.5 0.4 2.8
v -1.5 0.5 2.8
v -1.5 1.2 2.8
v -1.5 1.3 2.8
v 1.5 0.4 2.8
v 1.5 0.5 2.8
v 1.5 1.2 2.8
v 1.5 1.3 2.8
v 1.7 0.4 2.8
v 1.7 0.5 2.8
v 1.7 1.2 2.8
v 1.7 1.3 2.8
v 2.3 0.4 2.8
v 2.3 0.5 2.8
v 2.3 1.2 2.8
v 2.3 1.3 2.8
v 2.4 2.8 2.8
v 2.4 2.9 2.8
v 2.5 0.4 2.8
v 2.5 0.5 2.8
v 2.5 0.8 2.8
v 2.5 1.2 2.8
v 2.5 1.3 2.8
v 2.5 1.5 2.8
v 2.6 0.8 2.8
v 2.6 0.9 2.8
v 2.6 2.8 2.8
v 2.6 2.9 2.8
v 2.7 0.9 2.8
v 2.7 1.5 2.8
v 2.7 2.8 2.8
v 2.7 2.9 2.8
v -2.6 1.2 2.7
v -2.6 1.3 2.7
v -2.6 2.9 2.7
v -2.6 3 2.7
v -2.5 0.5 2.7
v -2.5 1.2 2.7
v -2.5 1.3 2.7
v -2.5 2.9 2.7
v -2.5 3 2.7
v -2.3 0.5 2.7
v -2.3 0.6 2.7
v -2.3 0.8 2.7
v -2.3 0.9 2.7
v -2.3 1.1 2.7
v -2.3 1.2 2.7
v -2.3 2.9 2.7
v -2.3 3 2.7
v -1.7 0.5 2.7
v -1.7 0.6 2.7
v -1.7 0.8 2.7
v -1.7 0.9 2.7
v -1.7 1.1 2.7
v -1.7 1.2 2.7
v -1.5 0.5 2.7
v -1.5 0.8 2.7
v -1.5 1.2 2.7
v 1.5 0.5 2.7
v 1.5 0.8 2.7
v 1.5 1.2 2.7
v 1.7 0.5 2.7
v 1.7 0.6 2.7
v 1.7 0.8 2.7
v 1.7 0.9 2.7
v 1.7 1.1 2.7
v 1.7 1.2 2.7
v 2.3 0.5 2.7
v 2.3 0.6 2.7
v 2.3 0.8 2.7
v 2.3 0.9 2.7
v 2.3 1.1 2.7
v 2.3 1.2 2.7
v 2.4 2.9 2.7
v 2.4 3 2.7
v 2.5 0.5 2.7
v 2.5 0.8 2.7
v 2.5 1.2 2.7
v 2.6 2.9 2.7
v 2.6 3 2.7
v 2.7 2.9 2.7
v 2.7 3 2.7
v -2.6 1 2.6
v -2.6 1.2 2.6
v -2.6 3 2.6
v -2.6 3.1 2.6
v -2.5 1 2.6
v -2.5 1.2 2.6
v -2.5 3 2.6
v -2.5 3.1 2.6
v -2.3 3 2.6
v -2.3 3.1 2.6
v 2.4 3 2.6
v 2.4 3.1 2.6
v 2.6 3 2.6
v 2.6 3.1 2.6
v 2.7 3 2.6
v 2.7 3.1 2.6
v -2.6 0.8 2.5
v -2.6 1 2.5
v -2.6 3.1 2.5
v -2.6 3.2 2.5
v -2.5 0.8 2.5
v -2.5 1 2.5
v -2.5 3.1 2.5
v -2.5 3.2 2.5
v -2.3 3.1 2.5
v -2.3 3.2 2.5
v 2.4 3.1 2.5
v 2.4 3.2 2.5
v 2.6 0.8 2.5
v 2.6 0.9 2.5
v 2.6 3.1 2.5
v 2.6 3.2 2.5
v 2.7 0.8 2.5
v 2.7 0.9 2.5
v 2.7 3.1 2.5
v 2.7 3.2 2.5
v -2.6 3.2 2.4
v -2.6 3.3 2.4
v -2.5 3.2 2.4
v -2.5 3.3 2.4
v -2.3 3.2 2.4
v -2.3 3.3 2.4
v 2.4 3.2 2.4
v 2.4 3.3 2.4
v 2.6 3.2 2.4
v 2.6 3.3 2.4
v 2.7 3.2 2.4
v 2.7 3.3 2.4
v -2.6 3.3 2.3
v -2.6 3.4 2.3
v -2.5 3.3 2.3
v -2.5 3.4 2.3
v -2.3 3.3 2.3
v -2.3 3.4 2.3
v 2.4 3.3 2.3
v 2.4 3.4 2.3
v 2.6 3.3 2.3
v 2.6 3.4 2.3
v 2.7 3.3 2.3
v 2.7 3.4 2.3
v -2.6 3.4 2.2
v -2.6 3.5 2.2
v -2.5 3.4 2.2
v -2.5 3.5 2.2
v -2.3 3.4 2.2
v -2.3 3.5 2.2
v 2.4 3.4 2.2
v 2.4 3.5 2.2
v 2.6 3.4 2.2
v 2.6 3.5 2.2
v 2.7 3.4 2.2
v 2.7 3.5 2.2
v -2.6 3.5 2.1
v -2.6 3.6 2.1
v -2.5 3.5 2.1
v -2.5 3.6 2.1
v -2.3 3.5 2.1
v -2.3 3.6 2.1
v 2.4 3.5 2.1
v 2.4 3.6 2.1
v 2.6 3.5 2.1
v 2.6 3.6 2.1
v 2.7 3.5 2.1
v 2.7 3.6 2.1
v -2.6 3.6 2
v -2.6 3.7 2
v -2.5 3.6 2
v -2.5 3.7 2
v -2.3 3.6 2
v -2.3 3.7 2
v 2.4 3.6 2
v 2.4 3.7 2
v 2.6 3.6 2
v 2.6 3.7 2
v 2.7 3.6 2
v 2.7 3.7 2
v -2.6 3.7 1.9
v -2.6 3.8 1.9
v -2.5 3.7 1.9
v -2.5 3.8 1.9
v -2.3 3.7 1.9
v -2.3 3.8 1.9
v 2.4 3.7 1.9
v 2.4 3.8 1.9
v 2.6 3.7 1.9
v 2.6 3.8 1.9
v 2.7 3.7 1.9
v 2.7 3.8 1.9
v -2.6 3.8 1.8
v -2.6 3.9 1.8
v -2.5 3.8 1.8
v -2.5 3.9 1.8
v -2.3 3.8 1.8
v 2.4 3.8 1.8
v 2.6 3.8 1.8
v 2.6 3.9 1.8
v 2.7 3.8 1.8
v 2.7 3.9 1.8
v -2.5 0.4 -1.8
v -2.5 0.8 -1.8
v -1.5 0.4 -1.8
v -1.5 0.8 -1.8
v 1.5 0.4 -1.8
v 1.5 0.8 -1.8
v 2.5 0.4 -1.8
v 2.5 0.8 -1.8
v -2.5 0.3 -1.9
v -2.5 0.4 -1.9
v -1.5 0.3 -1.9
v -1.5 0.4 -1.9
v 1.5 0.3 -1.9
v 1.5 0.4 -1.9
v 2.5 0.3 -1.9
v 2.5 0.4 -1.9
v -2.5 0.2 -2
v -2.5 0.3 -2
v -1.5 0.2 -2
v -1.5 0.3 -2
v 1.5 0.2 -2
v 1.5 0.3 -2
v 2.5 0.2 -2
v 2.5 0.3 -2
v -2.5 0.1 -2.1
v -2.5 0.2 -2.1
v -1.5 0.1 -2.1
v -1.5 0.2 -2.1
v 1.5 0.1 -2.1
v 1.5 0.2 -2.1
v 2.5 0.1 -2.1
v 2.5 0.2 -2.1
v -2.5 0 -2.2
v -2.5 0.1 -2.2
v -2.3 0.6 -2.2
v -2.3 0.7 -2.2
v -2.3 1 -2.2
v -2.3 1.1 -2.2
v -1.7 0.6 -2.2
v -1.7 0.7 -2.2
v -1.7 1 -2.2
v -1.7 1.1 -2.2
v -1.5 0 -2.2
v -1.5 0.1 -2.2
v 1.5 0 -2.2
v 1.5 0.1 -2.2
v 1.7 0.6 -2.2
v 1.7 0.7 -2.2
v 1.7 1 -2.2
v 1.7 1.1 -2.2
v 2.3 0.6 -2.2
v 2.3 0.7 -2.2
v 2.3 1 -2.2
v 2.3 1.1 -2.2
v 2.5 0 -2.2
v 2.5 0.1 -2.2
v -2.3 0.7 -2.3
v -2.3 0.8 -2.3
v -2.3 0.9 -2.3
v -2.3 1 -2.3
v -1.7 0.7 -2.3
v -1.7 0.8 -2.3
v -1.7 0.9 -2.3
v -1.7 1 -2.3
v 1.7 0.7 -2.3
v 1.7 0.8 -2.3
v 1.7 0.9 -2.3
v 1.7 1 -2.3
v 2.3 0.7 -2.3
v 2.3 0.8 -2.3
v 2.3 0.9 -2.3
v 2.3 1 -2.3
v -2.3 0.8 -2.5
v -2.3 0.9 -2.5
v -1.7 0.8 -2.5
v -1.7 0.9 -2.5
v 1.7 0.8 -2.5
v 1.7 0.9 -2.5
v 2.3 0.8 -2.5
v 2.3 0.9 -2.5
v -2.3 0.3 -2.6
v -2.3 0.6 -2.6
v -2.3 1.1 -2.6
v -2.3 1.4 -2.6
v -1.7 0.3 -2.6
v -1.7 0.6 -2.6
v -1.7 1.1 -2.6
v -1.7 1.4 -2.6
v 1.7 0.3 -2.6
v 1.7 0.6 -2.6
v 1.7 1.1 -2.6
v 1.7 1.4 -2.6
v 2.3 0.3 -2.6
v 2.3 0.6 -2.6
v 2.3 1.1 -2.6
v 2.3 1.4 -2.6
v -2.3 0.6 -2.8
v -2.3 0.7 -2.8
v -2.3 1 -2.8
v -2.3 1.1 -2.8
v -1.7 0.6 -2.8
v -1.7 0.7 -2.8
v -1.7 1 -2.8
v -1.7 1.1 -2.8
v 1.7 0.6 -2.8
v 1.7 0.7 -2.8
v 1.7 1 -2.8
v 1.7 1.1 -2.8
v 2.3 0.6 -2.8
v 2.3 0.7 -2.8
v 2.3 1 -2.8
v 2.3 1.1 -2.8
v -2.3 0.4 -2.9
v -2.3 0.6 -2.9
v -2.3 1.1 -2.9
v -2.3 1.3 -2.9
v -1.7 0.4 -2.9
v -1.7 0.6 -2.9
v -1.7 1.1 -2.9
v -1.7 1.3 -2.9
v 1.7 0.4 -2.9
v 1.7 0.6 -2.9
v 1.7 1.1 -2.9
v 1.7 1.3 -2.9
v 2.3 0.4 -2.9
v 2.3 0.6 -2.9
v 2.3 1.1 -2.9
v 2.3 1.3 -2.9
v -2.6 1.5 -3
v -2.6 1.6 -3
v -2.5 1.5 -3
v -2.5 1.6 -3
v -2.3 0.3 -3
v -2.3 0.4 -3
v -2.3 1.3 -3
v -2.3 1.4 -3
v -1.7 0.3 -3
v -1.7 0.4 -3
v -1.7 1.3 -3
v -1.7 1.4 -3
v 1.7 0.3 -3
v 1.7 0.4 -3
v 1.7 1.3 -3
v 1.7 1.4 -3
v 2.3 0.3 -3
v 2.3 0.4 -3
v 2.3 1.3 -3
v 2.3 1.4 -3
v 2.5 1.5 -3
v 2.5 1.6 -3
v 2.7 1.5 -3
v 2.7 1.6 -3
v -2.5 0.3 -3.1
v -2.5 0.4 -3.1
v -2.5 1.3 -3.1
v -2.5 1.4 -3.1
v -2.3 0.3 -3.1
v -2.3 0.4 -3.1
v -2.3 0.8 -3.1
v -2.3 0.9 -3.1
v -2.3 1.3 -3.1
v -2.3 1.4 -3.1
v -1.7 0.3 -3.1
v -1.7 0.4 -3.1
v -1.7 0.8 -3.1
v -1.7 0.9 -3.1
v -1.7 1.3 -3.1
v -1.7 1.4 -3.1
v -1.5 0.3 -3.1
v -1.5 0.4 -3.1
v -1.5 1.3 -3.1
v -1.5 1.4 -3.1
v 1.5 0.3 -3.1
v 1.5 0.4 -3.1
v 1.5 1.3 -3.1
v 1.5 1.4 -3.1
v 1.7 0.3 -3.1
v 1.7 0.4 -3.1
v 1.7 0.8 -3.1
v 1.7 0.9 -3.1
v 1.7 1.3 -3.1
v 1.7 1.4 -3.1
v 2.3 0.3 -3.1
v 2.3 0.4 -3.1
v 2.3 0.8 -3.1
v 2.3 0.9 -3.1
v 2.3 1.3 -3.1
v 2.3 1.4 -3.1
v 2.5 0.3 -3.1
v 2.5 0.4 -3.1
v 2.5 1.3 -3.1
v 2.5 1.4 -3.1
v -2.6 1.3 -3.2
v -2.6 1.5 -3.2
v -2.5 0.4 -3.2
v -2.5 0.5 -3.2
v -2.5 1.2 -3.2
v -2.5 1.3 -3.2
v -2.5 1.5 -3.2
v -2.3 0.4 -3.2
v -2.3 0.5 -3.2
v -2.3 1.2 -3.2
v -2.3 1.3 -3.2
v -1.7 0.4 -3.2
v -1.7 0.5 -3.2
v -1.7 1.2 -3.2
v -1.7 1.3 -3.2
v -1.5 0.4 -3.2
v -1.5 0.5 -3.2
v -1.5 1.2 -3.2
v -1.5 1.3 -3.2
v 1.5 0.4 -3.2
v 1.5 0.5 -3.2
v 1.5 1.2 -3.2
v 1.5 1.3 -3.2
v 1.7 0.4 -3.2
v 1.7 0.5 -3.2
v 1.7 1.2 -3.2
v 1.7 1.3 -3.2
v 2.3 0.4 -3.2
v 2.3 0.5 -3.2
v 2.3 1.2 -3.2
v 2.3 1.3 -3.2
v 2.5 0.4 -3.2
v 2.5 0.5 -3.2
v 2.5 1.2 -3.2
v 2.5 1.3 -3.2
v 2.5 1.5 -3.2
v 2.7 1.3 -3.2
v 2.7 1.5 -3.2
v -2.6 1.2 -3.3
v -2.6 1.3 -3.3
v -2.5 0.5 -3.3
v -2.5 1.2 -3.3
v -2.5 1.3 -3.3
v -2.3 0.5 -3.3
v -2.3 0.6 -3.3
v -2.3 0.8 -3.3
v -2.3 0.9 -3.3
v -2.3 1.1 -3.3
v -2.3 1.2 -3.3
v -1.7 0.5 -3.3
v -1.7 0.6 -3.3
v -1.7 0.8 -3.3
v -1.7 0.9 -3.3
v -1.7 1.1 -3.3
v -1.7 1.2 -3.3
v -1.5 0.5 -3.3
v -1.5 0.8 -3.3
v -1.5 1.2 -3.3
v 1.5 0.5 -3.3
v 1.5 0.8 -3.3
v 1.5 1.2 -3.3
v 1.7 0.5 -3.3
v 1.7 0.6 -3.3
v 1.7 0.8 -3.3
v 1.7 0.9 -3.3
v 1.7 1.1 -3.3
v 1.7 1.2 -3.3
v 2.3 0.5 -3.3
v 2.3 0.6 -3.3
v 2.3 0.8 -3.3
v 2.3 0.9 -3.3
v 2.3 1.1 -3.3
v 2.3 1.2 -3.3
v 2.5 0.5 -3.3
v 2.5 1.2 -3.3
v 2.5 1.3 -3.3
v 2.7 1.2 -3.3
v 2.7 1.3 -3.3
v -2.6 1 -3.4
v -2.6 1.2 -3.4
v -2.5 1 -3.4
v -2.5 1.2 -3.4
v 2.5 1 -3.4
v 2.5 1.2 -3.4
v 2.7 1 -3.4
v 2.7 1.2 -3.4
v -2.6 0.8 -3.5
v -2.6 1 -3.5
v -2.5 0.8 -3.5
v -2.5 1 -3.5
v 2.5 0.8 -3.5
v 2.5 1 -3.5
v 2.6 0.8 -3.5
v 2.6 0.9 -3.5
v 2.7 0.9 -3.5
v 2.7 1 -3.5
v -2.6 0.8 4.1
v -2.6 1 4.1
v -2.5 0.8 4.1
v -2.5 1 4.1
v 2.5 0.8 4.1
v 2.5 1 4.1
v 2.7 0.8 4.1
v 2.7 1 4.1
v -2.6 1 4
v -2.6 1.2 4
v -2.5 1 4
v -2.5 1.2 4
v 2.5 1 4
v 2.5 1.2 4
v 2.7 1 4
v 2.7 1.2 4
v -2.6 1.2 3.9
v -2.6 1.4 3.9
v -2.5 0.5 3.9
v -2.5 1.2 3.9
v -2.5 1.4 3.9
v -2.3 0.5 3.9
v -2.3 0.6 3.9
v -2.3 0.8 3.9
v -2.3 0.9 3.9
v -2.3 1.1 3.9
v -2.3 1.2 3.9
v -1.7 0.5 3.9
v -1.7 0.6 3.9
v -1.7 0.8 3.9
v -1.7 0.9 3.9
v -1.7 1.1 3.9
v -1.7 1.2 3.9
v -1.5 0.5 3.9
v -1.5 0.8 3.9
v -1.5 1.2 3.9
v 1.5 0.5 3.9
v 1.5 0.8 3.9
v 1.5 1.2 3.9
v 1.7 0.5 3.9
v 1.7 0.6 3.9
v 1.7 0.8 3.9
v 1.7 0.9 3.9
v 1.7 1.1 3.9
v 1.7 1.2 3.9
v 2.3 0.5 3.9
v 2.3 0.6 3.9
v 2.3 0.8 3.9
v 2.3 0.9 3.9
v 2.3 1.1 3.9
v 2.3 1.2 3.9
v 2.5 0.5 3.9
v 2.5 1.2 3.9
v 2.5 1.4 3.9
v 2.7 1.2 3.9
v 2.7 1.4 3.9
v -2.6 1.4 3.8
v -2.6 1.5 3.8
v -2.5 0.4 3.8
v -2.5 0.5 3.8
v -2.5 1.2 3.8
v -2.5 1.3 3.8
v -2.5 1.4 3.8
v -2.5 1.5 3.8
v -2.3 0.4 3.8
v -2.3 0.5 3.8
v -2.3 1.2 3.8
v -2.3 1.3 3.8
v -1.7 0.4 3.8
v -1.7 0.5 3.8
v -1.7 1.2 3.8
v -1.7 1.3 3.8
v -1.5 0.4 3.8
v -1.5 0.5 3.8
v -1.5 1.2 3.8
v -1.5 1.3 3.8
v 1.5 0.4 3.8
v 1.5 0.5 3.8
v 1.5 1.2 3.8
v 1.5 1.3 3.8
v 1.7 0.4 3.8
v 1.7 0.5 3.8
v 1.7 1.2 3.8
v 1.7 1.3 3.8
v 2.3 0.4 3.8
v 2.3 0.5 3.8
v 2.3 1.2 3.8
v 2.3 1.3 3.8
v 2.5 0.4 3.8
v 2.5 0.5 3.8
v 2.5 1.2 3.8
v 2.5 1.3 3.8
v 2.5 1.4 3.8
v 2.5 1.5 3.8
v 2.7 1.4 3.8
v 2.7 1.5 3.8
v -2.5 0.3 3.7
v -2.5 0.4 3.7
v -2.5 1.3 3.7
v -2.5 1.4 3.7
v -2.3 0.3 3.7
v -2.3 0.4 3.7
v -2.3 0.8 3.7
v -2.3 0.9 3.7
v -2.3 1.3 3.7
v -2.3 1.4 3.7
v -1.7 0.3 3.7
v -1.7 0.4 3.7
v -1.7 0.8 3.7
v -1.7 0.9 3.7
v -1.7 1.3 3.7
v -1.7 1.4 3.7
v -1.5 0.3 3.7
v -1.5 0.4 3.7
v -1.5 1.3 3.7
v -1.5 1.4 3.7
v 1.5 0.3 3.7
v 1.5 0.4 3.7
v 1.5 1.3 3.7
v 1.5 1.4 3.7
v 1.7 0.3 3.7
v 1.7 0.4 3.7
v 1.7 0.8 3.7
v 1.7 0.9 3.7
v 1.7 1.3 3.7
v 1.7 1.4 3.7
v 2.3 0.3 3.7
v 2.3 0.4 3.7
v 2.3 0.8 3.7
v 2.3 0.9 3.7
v 2.3 1.3 3.7
v 2.3 1.4 3.7
v 2.5 0.3 3.7
v 2.5 0.4 3.7
v 2.5 1.3 3.7
v 2.5 1.4 3.7
v -2.6 1.5 3.6
v -2.6 1.6 3.6
v -2.5 1.5 3.6
v -2.5 1.6 3.6
v -2.3 0.3 3.6
v -2.3 0.4 3.6
v -2.3 1.3 3.6
v -2.3 1.4 3.6
v -1.7 0.3 3.6
v -1.7 0.4 3.6
v -1.7 1.3 3.6
v -1.7 1.4 3.6
v 1.7 0.3 3.6
v 1.7 0.4 3.6
v 1.7 1.3 3.6
v 1.7 1.4 3.6
v 2.3 0.3 3.6
v 2.3 0.4 3.6
v 2.3 1.3 3.6
v 2.3 1.4 3.6
v 2.5 1.5 3.6
v 2.5 1.6 3.6
v 2.7 1.5 3.6
v 2.7 1.6 3.6
v -2.3 0.4 3.5
v -2.3 0.6 3.5
v -2.3 1.1 3.5
v -2.3 1.3 3.5
v -1.7 0.4 3.5
v -1.7 0.6 3.5
v -1.7 1.1 3.5
v -1.7 1.3 3.5
v 1.7 0.4 3.5
v 1.7 0.6 3.5
v 1.7 1.1 3.5
v 1.7 1.3 3.5
v 2.3 0.4 3.5
v 2.3 0.6 3.5
v 2.3 1.1 3.5
v 2.3 1.3 3.5
v -2.3 0.6 3.4
v -2.3 0.7 3.4
v -2.3 1 3.4
v -2.3 1.1 3.4
v -1.7 0.6 3.4
v -1.7 0.7 3.4
v -1.7 1 3.4
v -1.7 1.1 3.4
v 1.7 0.6 3.4
v 1.7 0.7 3.4
v 1.7 1 3.4
v 1.7 1.1 3.4
v 2.3 0.6 3.4
v 2.3 0.7 3.4
v 2.3 1 3.4
v 2.3 1.1 3.4
v -2.3 0.3 3.2
v -2.3 0.6 3.2
v -2.3 1.1 3.2
v -2.3 1.4 3.2
v -1.7 0.3 3.2
v -1.7 0.6 3.2
v -1.7 1.1 3.2
v -1.7 1.4 3.2
v 1.7 0.3 3.2
v 1.7 0.6 3.2
v 1.7 1.1 3.2
v 1.7 1.4 3.2
v 2.3 0.3 3.2
v 2.3 0.6 3.2
v 2.3 1.1 3.2
v 2.3 1.4 3.2
v -2.3 0.8 3.1
v -2.3 0.9 3.1
v -1.7 0.8 3.1
v -1.7 0.9 3.1
v 1.7 0.8 3.1
v 1.7 0.9 3.1
v 2.3 0.8 3.1
v 2.3 0.9 3.1
v -2.3 0.7 2.9
v -2.3 0.8 2.9
v -2.3 0.9 2.9
v -2.3 1 2.9
v -1.7 0.7 2.9
v -1.7 0.8 2.9
v -1.7 0.9 2.9
v -1.7 1 2.9
v 1.7 0.7 2.9
v 1.7 0.8 2.9
v 1.7 0.9 2.9
v 1.7 1 2.9
v 2.3 0.7 2.9
v 2.3 0.8 2.9
v 2.3 0.9 2.9
v 2.3 1 2.9
v -2.5 0 2.8
v -2.5 0.1 2.8
v -2.3 0.6 2.8
v -2.3 0.7 2.8
v -2.3 1 2.8
v -2.3 1.1 2.8
v -1.7 0.6 2.8
v -1.7 0.7 2.8
v -1.7 1 2.8
v -1.7 1.1 2.8
v -1.5 0 2.8
v -1.5 0.1 2.8
v 1.5 0 2.8
v 1.5 0.1 2.8
v 1.7 0.6 2.8
v 1.7 0.7 2.8
v 1.7 1 2.8
v 1.7 1.1 2.8
v 2.3 0.6 2.8
v 2.3 0.7 2.8
v 2.3 1 2.8
v 2.3 1.1 2.8
v 2.5 0 2.8
v 2.5 0.1 2.8
v -2.5 0.1 2.7
v -2.5 0.2 2.7
v -1.5 0.1 2.7
v -1.5 0.2 2.7
v 1.5 0.1 2.7
v 1.5 0.2 2.7
v 2.5 0.1 2.7
v 2.5 0.2 2.7
v -2.5 0.2 2.6
v -2.5 0.3 2.6
v -1.5 0.2 2.6
v -1.5 0.3 2.6
v 1.5 0.2 2.6
v 1.5 0.3 2.6
v 2.5 0.2 2.6
v 2.5 0.3 2.6
v -2.5 0.3 2.5
v -2.5 0.4 2.5
v -1.5 0.3 2.5
v -1.5 0.4 2.5
v 1.5 0.3 2.5
v 1.5 0.4 2.5
v 2.5 0.3 2.5
v 2.5 0.4 2.5
v -2.5 0.4 2.4
v -2.5 0.8 2.4
v -1.5 0.4 2.4
v -1.5 0.8 2.4
v 1.5 0.4 2.4
v 1.5 0.8 2.4
v 2.5 0.4 2.4
v 2.5 0.8 2.4
v -2.6 0.8 -1.9
v -2.6 1 -1.9
v -2.5 0.8 -1.9
v -2.5 1 -1.9
v 2.5 0.8 -1.9
v 2.5 1 -1.9
v 2.7 0.8 -1.9
v 2.7 1 -1.9
v -2.6 1 -2
v -2.6 1.2 -2
v -2.6 3.8 -2
v -2.6 3.9 -2
v -2.5 1 -2
v -2.5 1.2 -2
v -2.4 3.8 -2
v -2.3 3.8 -2
v -2.3 3.9 -2
v 2.4 3.8 -2
v 2.4 3.9 -2
v 2.5 1 -2
v 2.5 1.2 -2
v 2.5 3.8 -2
v 2.7 1 -2
v 2.7 1.2 -2
v 2.7 3.8 -2
v 2.7 3.9 -2
v -2.6 1.2 -2.1
v -2.6 1.4 -2.1
v -2.6 3.7 -2.1
v -2.6 3.8 -2.1
v -2.5 0.5 -2.1
v -2.5 1.2 -2.1
v -2.5 1.4 -2.1
v -2.4 3.7 -2.1
v -2.4 3.8 -2.1
v -2.3 0.5 -2.1
v -2.3 0.6 -2.1
v -2.3 0.8 -2.1
v -2.3 0.9 -2.1
v -2.3 1.1 -2.1
v -2.3 1.2 -2.1
v -2.2 3.7 -2.1
v -1.7 0.5 -2.1
v -1.7 0.6 -2.1
v -1.7 0.8 -2.1
v -1.7 0.9 -2.1
v -1.7 1.1 -2.1
v -1.7 1.2 -2.1
v -1.5 0.5 -2.1
v -1.5 0.8 -2.1
v -1.5 1.2 -2.1
v 1.5 0.5 -2.1
v 1.5 0.8 -2.1
v 1.5 1.2 -2.1
v 1.7 0.5 -2.1
v 1.7 0.6 -2.1
v 1.7 0.8 -2.1
v 1.7 0.9 -2.1
v 1.7 1.1 -2.1
v 1.7 1.2 -2.1
v 2.3 0.5 -2.1
v 2.3 0.6 -2.1
v 2.3 0.8 -2.1
v 2.3 0.9 -2.1
v 2.3 1.1 -2.1
v 2.3 1.2 -2.1
v 2.3 3.7 -2.1
v 2.5 0.5 -2.1
v 2.5 1.2 -2.1
v 2.5 1.4 -2.1
v 2.5 3.7 -2.1
v 2.5 3.8 -2.1
v 2.7 1.2 -2.1
v 2.7 1.4 -2.1
v 2.7 3.7 -2.1
v 2.7 3.8 -2.1
v -2.6 1.4 -2.2
v -2.6 1.5 -2.2
v -2.6 3.6 -2.2
v -2.6 3.7 -2.2
v -2.5 0.4 -2.2
v -2.5 0.5 -2.2
v -2.5 1.2 -2.2
v -2.5 1.3 -2.2
v -2.5 1.4 -2.2
v -2.5 1.5 -2.2
v -2.4 3.6 -2.2
v -2.4 3.7 -2.2
v -2.3 0.4 -2.2
v -2.3 0.5 -2.2
v -2.3 1.2 -2.2
v -2.3 1.3 -2.2
v -2.2 3.6 -2.2
v -2.2 3.7 -2.2
v -1.7 0.4 -2.2
v -1.7 0.5 -2.2
v -1.7 1.2 -2.2
v -1.7 1.3 -2.2
v -1.5 0.4 -2.2
v -1.5 0.5 -2.2
v -1.5 1.2 -2.2
v -1.5 1.3 -2.2
v 1.5 0.4 -2.2
v 1.5 0.5 -2.2
v 1.5 1.2 -2.2
v 1.5 1.3 -2.2
v 1.7 0.4 -2.2
v 1.7 0.5 -2.2
v 1.7 1.2 -2.2
v 1.7 1.3 -2.2
v 2.3 0.4 -2.2
v 2.3 0.5 -2.2
v 2.3 1.2 -2.2
v 2.3 1.3 -2.2
v 2.3 3.6 -2.2
v 2.3 3.7 -2.2
v 2.5 0.4 -2.2
v 2.5 0.5 -2.2
v 2.5 1.2 -2.2
v 2.5 1.3 -2.2
v 2.5 1.4 -2.2
v 2.5 1.5 -2.2
v 2.5 3.6 -2.2
v 2.5 3.7 -2.2
v 2.7 1.4 -2.2
v 2.7 1.5 -2.2
v 2.7 3.6 -2.2
v 2.7 3.7 -2.2
v -2.6 3.5 -2.3
v -2.6 3.6 -2.3
v -2.5 0.3 -2.3
v -2.5 0.4 -2.3
v -2.5 1.3 -2.3
v -2.5 1.4 -2.3
v -2.4 3.5 -2.3
v -2.4 3.6 -2.3
v -2.3 0.3 -2.3
v -2.3 0.4 -2.3
v -2.3 0.8 -2.3
v -2.3 0.9 -2.3
v -2.3 1.3 -2.3
v -2.3 1.4 -2.3
v -2.2 3.5 -2.3
v -2.2 3.6 -2.3
v -1.7 0.3 -2.3
v -1.7 0.4 -2.3
v -1.7 0.8 -2.3
v -1.7 0.9 -2.3
v -1.7 1.3 -2.3
v -1.7 1.4 -2.3
v -1.5 0.3 -2.3
v -1.5 0.4 -2.3
v -1.5 1.3 -2.3
v -1.5 1.4 -2.3
v 1.5 0.3 -2.3
v 1.5 0.4 -2.3
v 1.5 1.3 -2.3
v 1.5 1.4 -2.3
v 1.7 0.3 -2.3
v 1.7 0.4 -2.3
v 1.7 0.8 -2.3
v 1.7 0.9 -2.3
v 1.7 1.3 -2.3
v 1.7 1.4 -2.3
v 2.3 0.3 -2.3
v 2.3 0.4 -2.3
v 2.3 0.8 -2.3
v 2.3 0.9 -2.3
v 2.3 1.3 -2.3
v 2.3 1.4 -2.3
v 2.3 3.5 -2.3
v 2.3 3.6 -2.3
v 2.5 0.3 -2.3
v 2.5 0.4 -2.3
v 2.5 1.3 -2.3
v 2.5 1.4 -2.3
v 2.5 3.5 -2.3
v 2.5 3.6 -2.3
v 2.7 3.5 -2.3
v 2.7 3.6 -2.3
v -2.6 1.5 -2.4
v -2.6 1.6 -2.4
v -2.6 3.4 -2.4
v -2.6 3.5 -2.4
v -2.5 1.5 -2.4
v -2.5 1.6 -2.4
v -2.4 3.4 -2.4
v -2.4 3.5 -2.4
v -2.3 0.3 -2.4
v -2.3 0.4 -2.4
v -2.3 1.3 -2.4
v -2.3 1.4 -2.4
v -2.2 3.4 -2.4
v -2.2 3.5 -2.4
v -1.7 0.3 -2.4
v -1.7 0.4 -2.4
v -1.7 1.3 -2.4
v -1.7 1.4 -2.4
v 1.7 0.3 -2.4
v 1.7 0.4 -2.4
v 1.7 1.3 -2.4
v 1.7 1.4 -2.4
v 2.3 0.3 -2.4
v 2.3 0.4 -2.4
v 2.3 1.3 -2.4
v 2.3 1.4 -2.4
v 2.3 3.4 -2.4
v 2.3 3.5 -2.4
v 2.5 1.5 -2.4
v 2.5 1.6 -2.4
v 2.5 3.4 -2.4
v 2.5 3.5 -2.4
v 2.7 1.5 -2.4
v 2.7 1.6 -2.4
v 2.7 3.4 -2.4
v 2.7 3.5 -2.4
v -2.6 3.3 -2.5
v -2.6 3.4 -2.5
v -2.4 3.3 -2.5
v -2.4 3.4 -2.5
v -2.3 0.4 -2.5
v -2.3 0.6 -2.5
v -2.3 1.1 -2.5
v -2.3 1.3 -2.5
v -2.2 3.3 -2.5
v -2.2 3.4 -2.5
v -1.7 0.4 -2.5
v -1.7 0.6 -2.5
v -1.7 1.1 -2.5
v -1.7 1.3 -2.5
v 1.7 0.4 -2.5
v 1.7 0.6 -2.5
v 1.7 1.1 -2.5
v 1.7 1.3 -2.5
v 2.3 0.4 -2.5
v 2.3 0.6 -2.5
v 2.3 1.1 -2.5
v 2.3 1.3 -2.5
v 2.3 3.3 -2.5
v 2.3 3.4 -2.5
v 2.5 3.3 -2.5
v 2.5 3.4 -2.5
v 2.7 3.3 -2.5
v 2.7 3.4 -2.5
v -2.6 3.2 -2.6
v -2.6 3.3 -2.6
v -2.4 3.2 -2.6
v -2.4 3.3 -2.6
v -2.3 0.6 -2.6
v -2.3 0.7 -2.6
v -2.3 1 -2.6
v -2.3 1.1 -2.6
v -2.2 3.2 -2.6
v -2.2 3.3 -2.6
v -1.7 0.6 -2.6
v -1.7 0.7 -2.6
v -1.7 1 -2.6
v -1.7 1.1 -2.6
v 1.7 0.6 -2.6
v 1.7 0.7 -2.6
v 1.7 1 -2.6
v 1.7 1.1 -2.6
v 2.3 0.6 -2.6
v 2.3 0.7 -2.6
v 2.3 1 -2.6
v 2.3 1.1 -2.6
v 2.3 3.2 -2.6
v 2.3 3.3 -2.6
v 2.5 3.2 -2.6
v 2.5 3.3 -2.6
v 2.7 3.2 -2.6
v 2.7 3.3 -2.6
v -2.6 3.1 -2.7
v -2.6 3.2 -2.7
v -2.4 3.1 -2.7
v -2.4 3.2 -2.7
v -2.2 3.1 -2.7
v -2.2 3.2 -2.7
v 2.3 3.1 -2.7
v 2.3 3.2 -2.7
v 2.5 3.1 -2.7
v 2.5 3.2 -2.7
v 2.7 3.1 -2.7
v 2.7 3.2 -2.7
v -2.6 3 -2.8
v -2.6 3.1 -2.8
v -2.4 3 -2.8
v -2.4 3.1 -2.8
v -2.3 0.3 -2.8
v -2.3 0.6 -2.8
v -2.3 1.1 -2.8
v -2.3 1.4 -2.8
v -2.2 3 -2.8
v -2.2 3.1 -2.8
v -1.7 0.3 -2.8
v -1.7 0.6 -2.8
v -1.7 1.1 -2.8
v -1.7 1.4 -2.8
v 1.7 0.3 -2.8
v 1.7 0.6 -2.8
v 1.7 1.1 -2.8
v 1.7 1.4 -2.8
v 2.3 0.3 -2.8
v 2.3 0.6 -2.8
v 2.3 1.1 -2.8
v 2.3 1.4 -2.8
v 2.3 3 -2.8
v 2.3 3.1 -2.8
v 2.5 3 -2.8
v 2.5 3.1 -2.8
v 2.7 3 -2.8
v 2.7 3.1 -2.8
v -2.6 2.9 -2.9
v -2.6 3 -2.9
v -2.4 2.9 -2.9
v -2.4 3 -2.9
v -2.3 0.8 -2.9
v -2.3 0.9 -2.9
v -2.2 2.9 -2.9
v -2.2 3 -2.9
v -1.7 0.8 -2.9
v -1.7 0.9 -2.9
v 1.7 0.8 -2.9
v 1.7 0.9 -2.9
v 2.3 0.8 -2.9
v 2.3 0.9 -2.9
v 2.3 2.9 -2.9
v 2.3 3 -2.9
v 2.5 2.9 -2.9
v 2.5 3 -2.9
v 2.7 2.9 -2.9
v 2.7 3 -2.9
v -2.6 2.8 -3
v -2.6 2.9 -3
v -2.4 2.8 -3
v -2.4 2.9 -3
v -2.2 2.8 -3
v -2.2 2.9 -3
v 2.3 2.8 -3
v 2.3 2.9 -3
v 2.5 2.8 -3
v 2.5 2.9 -3
v 2.7 2.8 -3
v 2.7 2.9 -3
v -2.6 2.7 -3.1
v -2.6 2.8 -3.1
v -2.4 2.7 -3.1
v -2.4 2.8 -3.1
v -2.3 0.7 -3.1
v -2.3 0.8 -3.1
v -2.3 0.9 -3.1
v -2.3 1 -3.1
v -2.2 2.7 -3.1
v -2.2 2.8 -3.1
v -1.7 0.7 -3.1
v -1.7 0.8 -3.1
v -1.7 0.9 -3.1
v -1.7 1 -3.1
v 1.7 0.7 -3.1
v 1.7 0.8 -3.1
v 1.7 0.9 -3.1
v 1.7 1 -3.1
v 2.3 0.7 -3.1
v 2.3 0.8 -3.1
v 2.3 0.9 -3.1
v 2.3 1 -3.1
v 2.3 2.7 -3.1
v 2.3 2.8 -3.1
v 2.5 2.7 -3.1
v 2.5 2.8 -3.1
v 2.7 2.7 -3.1
v 2.7 2.8 -3.1
v -2.6 2.6 -3.2
v -2.6 2.7 -3.2
v -2.5 0 -3.2
v -2.5 0.1 -3.2
v -2.4 2.6 -3.2
v -2.4 2.7 -3.2
v -2.3 0.6 -3.2
v -2.3 0.7 -3.2
v -2.3 1 -3.2
v -2.3 1.1 -3.2
v -2.2 2.6 -3.2
v -2.2 2.7 -3.2
v -1.7 0.6 -3.2
v -1.7 0.7 -3.2
v -1.7 1 -3.2
v -1.7 1.1 -3.2
v -1.5 0 -3.2
v -1.5 0.1 -3.2
v 1.5 0 -3.2
v 1.5 0.1 -3.2
v 1.7 0.6 -3.2
v 1.7 0.7 -3.2
v 1.7 1 -3.2
v 1.7 1.1 -3.2
v 2.3 0.6 -3.2
v 2.3 0.7 -3.2
v 2.3 1 -3.2
v 2.3 1.1 -3.2
v 2.3 2.6 -3.2
v 2.3 2.7 -3.2
v 2.5 0 -3.2
v 2.5 0.1 -3.2
v 2.5 2.6 -3.2
v 2.5 2.7 -3.2
v 2.7 2.6 -3.2
v 2.7 2.7 -3.2
v -2.6 2.5 -3.3
v -2.6 2.6 -3.3
v -2.5 0.1 -3.3
v -2.5 0.2 -3.3
v -2.4 2.5 -3.3
v -2.4 2.6 -3.3
v -2.2 2.5 -3.3
v -2.2 2.6 -3.3
v -1.5 0.1 -3.3
v -1.5 0.2 -3.3
v 1.5 0.1 -3.3
v 1.5 0.2 -3.3
v 2.3 2.5 -3.3
v 2.3 2.6 -3.3
v 2.5 0.1 -3.3
v 2.5 0.2 -3.3
v 2.5 2.5 -3.3
v 2.5 2.6 -3.3
v 2.7 2.5 -3.3
v 2.7 2.6 -3.3
v -2.6 2.4 -3.4
v -2.6 2.5 -3.4
v -2.5 0.2 -3.4
v -2.5 0.3 -3.4
v -2.4 2.4 -3.4
v -2.4 2.5 -3.4
v -2.2 2.4 -3.4
v -2.2 2.5 -3.4
v -1.5 0.2 -3.4
v -1.5 0.3 -3.4
v 1.5 0.2 -3.4
v 1.5 0.3 -3.4
v 2.3 2.4 -3.4
v 2.3 2.5 -3.4
v 2.5 0.2 -3.4
v 2.5 0.3 -3.4
v 2.5 2.4 -3.4
v 2.5 2.5 -3.4
v 2.7 2.4 -3.4
v 2.7 2.5 -3.4
v -2.6 2.3 -3.5
v -2.6 2.4 -3.5
v -2.5 0.3 -3.5
v -2.5 0.4 -3.5
v -2.4 2.3 -3.5
v -2.4 2.4 -3.5
v -2.3 2.3 -3.5
v -1.5 0.3 -3.5
v -1.5 0.4 -3.5
v 1.5 0.3 -3.5
v 1.5 0.4 -3.5
v 2.4 2.3 -3.5
v 2.5 0.3 -3.5
v 2.5 0.4 -3.5
v 2.5 2.3 -3.5
v 2.5 2.4 -3.5
v 2.7 2.3 -3.5
v 2.7 2.4 -3.5
v -2.6 2.1 -3.6
v -2.6 2.3 -3.6
v -2.5 0.4 -3.6
v -2.5 0.8 -3.6
v -2.5 2.1 -3.6
v -2.5 2.2 -3.6
v -2.3 2.2 -3.6
v -2.3 2.3 -3.6
v -1.5 0.4 -3.6
v -1.5 0.8 -3.6
v 1.5 0.4 -3.6
v 1.5 0.8 -3.6
v 2.4 2.2 -3.6
v 2.4 2.3 -3.6
v 2.5 0.4 -3.6
v 2.5 0.8 -3.6
v 2.6 2.1 -3.6
v 2.6 2.2 -3.6
v 2.7 2.1 -3.6
v 2.7 2.3 -3.6
v -2.6 0.8 -5.2
v -2.6 0.9 -5.2
v -2.5 2.1 -5.2
v -2.5 2.2 -5.2
v 2.6 0.8 -5.2
v 2.6 0.9 -5.2
v 2.6 2.1 -5.2
v 2.6 2.2 -5.2
v 2.7 0.9 -5.2
v 2.7 2.1 -5.2
v -2.6 0.9 -5.3
v -2.6 2.1 -5.3
v 2.6 0.9 -5.3
v 2.6 2.1 -5.3
v -2.5 0 3.8
v -1.5 0 3.8
v 1.5 0 3.8
v 2.5 0 3.8
v -2.5 0 2.8
v -1.5 0 2.8
v 1.5 0 2.8
v 2.5 0 2.8
v -2.5 0 -2.2
v -1.5 0 -2.2
v 1.5 0 -2.2
v 2.5 0 -2.2
v -2.5 0 -3.2
v -1.5 0 -3.2
v 1.5 0 -3.2
v 2.5 0 -3.2
v -2.5 0.1 3.9
v -1.5 0.1 3.9
v 1.5 0.1 3.9
v 2.5 0.1 3.9
v -2.5 0.1 3.8
v -1.5 0.1 3.8
v 1.5 0.1 3.8
v 2.5 0.1 3.8
v -2.5 0.1 2.8
v -1.5 0.1 2.8
v 1.5 0.1 2.8
v 2.5 0.1 2.8
v -2.5 0.1 2.7
v -1.5 0.1 2.7
v 1.5 0.1 2.7
v 2.5 0.1 2.7
v -2.5 0.1 -2.1
v -1.5 0.1 -2.1
v 1.5 0.1 -2.1
v 2.5 0.1 -2.1
v -2.5 0.1 -2.2
v -1.5 0.1 -2.2
v 1.5 0.1 -2.2
v 2.5 0.1 -2.2
v -2.5 0.1 -3.2
v -1.5 0.1 -3.2
v 1.5 0.1 -3.2
v 2.5 0.1 -3.2
v -2.5 0.1 -3.3
v -1.5 0.1 -3.3
v 1.5 0.1 -3.3
v 2.5 0.1 -3.3
v -2.5 0.2 4
v -1.5 0.2 4
v 1.5 0.2 4
v 2.5 0.2 4
v -2.5 0.2 3.9
v -1.5 0.2 3.9
v 1.5 0.2 3.9
v 2.5 0.2 3.9
v -2.5 0.2 2.7
v -1.5 0.2 2.7
v 1.5 0.2 2.7
v 2.5 0.2 2.7
v -2.5 0.2 2.6
v -1.5 0.2 2.6
v 1.5 0.2 2.6
v 2.5 0.2 2.6
v -2.5 0.2 -2
v -1.5 0.2 -2
v 1.5 0.2 -2
v 2.5 0.2 -2
v -2.5 0.2 -2.1
v -1.5 0.2 -2.1
v 1.5 0.2 -2.1
v 2.5 0.2 -2.1
v -2.5 0.2 -3.3
v -1.5 0.2 -3.3
v 1.5 0.2 -3.3
v 2.5 0.2 -3.3
v -2.5 0.2 -3.4
v -1.5 0.2 -3.4
v 1.5 0.2 -3.4
v 2.5 0.2 -3.4
v -2.5 0.3 4.1
v -1.5 0.3 4.1
v 1.5 0.3 4.1
v 2.5 0.3 4.1
v -2.5 0.3 4
v -1.5 0.3 4
v 1.5 0.3 4
v 2.5 0.3 4
v -2.5 0.3 2.6
v -1.5 0.3 2.6
v 1.5 0.3 2.6
v 2.5 0.3 2.6
v -2.5 0.3 2.5
v -1.5 0.3 2.5
v 1.5 0.3 2.5
v 2.5 0.3 2.5
v -2.5 0.3 -1.9
v -1.5 0.3 -1.9
v 1.5 0.3 -1.9
v 2.5 0.3 -1.9
v -2.5 0.3 -2
v -1.5 0.3 -2
v 1.5 0.3 -2
v 2.5 0.3 -2
v -2.5 0.3 -3.4
v -1.5 0.3 -3.4
v 1.5 0.3 -3.4
v 2.5 0.3 -3.4
v -2.5 0.3 -3.5
v -1.5 0.3 -3.5
v 1.5 0.3 -3.5
v 2.5 0.3 -3.5
v -2.5 0.4 4.2
v -1.5 0.4 4.2
v 1.5 0.4 4.2
v 2.5 0.4 4.2
v -2.5 0.4 4.1
v -1.5 0.4 4.1
v 1.5 0.4 4.1
v 2.5 0.4 4.1
v -2.3 0.4 3.6
v -1.7 0.4 3.6
v 1.7 0.4 3.6
v 2.3 0.4 3.6
v -2.3 0.4 3.5
v -1.7 0.4 3.5
v 1.7 0.4 3.5
v 2.3 0.4 3.5
v -2.3 0.4 3.1
v -1.7 0.4 3.1
v 1.7 0.4 3.1
v 2.3 0.4 3.1
v -2.3 0.4 3
v -1.7 0.4 3
v 1.7 0.4 3
v 2.3 0.4 3
v -2.5 0.4 2.5
v -1.5 0.4 2.5
v 1.5 0.4 2.5
v 2.5 0.4 2.5
v -2.5 0.4 2.4
v -1.5 0.4 2.4
v 1.5 0.4 2.4
v 2.5 0.4 2.4
v -2.5 0.4 -1.8
v -1.5 0.4 -1.8
v 1.5 0.4 -1.8
v 2.5 0.4 -1.8
v -2.5 0.4 -1.9
v -1.5 0.4 -1.9
v 1.5 0.4 -1.9
v 2.5 0.4 -1.9
v -2.3 0.4 -2.4
v -1.7 0.4 -2.4
v 1.7 0.4 -2.4
v 2.3 0.4 -2.4
v -2.3 0.4 -2.5
v -1.7 0.4 -2.5
v 1.7 0.4 -2.5
v 2.3 0.4 -2.5
v -2.3 0.4 -2.9
v -1.7 0.4 -2.9
v 1.7 0.4 -2.9
v 2.3 0.4 -2.9
v -2.3 0.4 -3
v -1.7 0.4 -3
v 1.7 0.4 -3
v 2.3 0.4 -3
v -2.5 0.4 -3.5
v -1.5 0.4 -3.5
v 1.5 0.4 -3.5
v 2.5 0.4 -3.5
v -2.5 0.4 -3.6
v -1.5 0.4 -3.6
v 1.5 0.4 -3.6
v 2.5 0.4 -3.6
v -2.3 0.6 3.5
v -1.7 0.6 3.5
v 1.7 0.6 3.5
v 2.3 0.6 3.5
v -2.3 0.6 3.4
v -1.7 0.6 3.4
v 1.7 0.6 3.4
v 2.3 0.6 3.4
v -2.3 0.6 3.2
v -1.7 0.6 3.2
v 1.7 0.6 3.2
v 2.3 0.6 3.2
v -2.3 0.6 3.1
v -1.7 0.6 3.1
v 1.7 0.6 3.1
v 2.3 0.6 3.1
v -2.3 0.6 -2.5
v -1.7 0.6 -2.5
v 1.7 0.6 -2.5
v 2.3 0.6 -2.5
v -2.3 0.6 -2.6
v -1.7 0.6 -2.6
v 1.7 0.6 -2.6
v 2.3 0.6 -2.6
v -2.3 0.6 -2.8
v -1.7 0.6 -2.8
v 1.7 0.6 -2.8
v 2.3 0.6 -2.8
v -2.3 0.6 -2.9
v -1.7 0.6 -2.9
v 1.7 0.6 -2.9
v 2.3 0.6 -2.9
v -2.3 0.7 3.4
v -1.7 0.7 3.4
v 1.7 0.7 3.4
v 2.3 0.7 3.4
v -2.3 0.7 3.2
v -1.7 0.7 3.2
v 1.7 0.7 3.2
v 2.3 0.7 3.2
v -2.3 0.7 -2.6
v -1.7 0.7 -2.6
v 1.7 0.7 -2.6
v 2.3 0.7 -2.6
v -2.3 0.7 -2.8
v -1.7 0.7 -2.8
v 1.7 0.7 -2.8
v 2.3 0.7 -2.8
v -2.6 0.8 5.2
v 2.6 0.8 5.2
v 2.6 0.8 4.3
v 2.7 0.8 4.3
v -2.5 0.8 4.2
v -1.5 0.8 4.2
v 1.5 0.8 4.2
v 2.5 0.8 4.2
v -2.6 0.8 4.1
v -2.5 0.8 4.1
v 2.5 0.8 4.1
v 2.7 0.8 4.1
v -2.3 0.8 3.9
v -1.7 0.8 3.9
v -1.5 0.8 3.9
v 1.5 0.8 3.9
v 1.7 0.8 3.9
v 2.3 0.8 3.9
v -2.3 0.8 3.7
v -1.7 0.8 3.7
v 1.7 0.8 3.7
v 2.3 0.8 3.7
v -2.3 0.8 2.9
v -1.7 0.8 2.9
v 1.7 0.8 2.9
v 2.3 0.8 2.9
v 2.5 0.8 2.8
v 2.6 0.8 2.8
v -2.3 0.8 2.7
v -1.7 0.8 2.7
v -1.5 0.8 2.7
v 1.5 0.8 2.7
v 1.7 0.8 2.7
v 2.3 0.8 2.7
v 2.5 0.8 2.7
v -2.6 0.8 2.5
v -2.5 0.8 2.5
v 2.6 0.8 2.5
v 2.7 0.8 2.5
v -2.5 0.8 2.4
v -1.5 0.8 2.4
v 1.5 0.8 2.4
v 2.5 0.8 2.4
v 2.6 0.8 0.5
v 2.7 0.8 0.5
v 2.6 0.8 0.0999999
v 2.7 0.8 0.0999999
v -2.5 0.8 -1.8
v -1.5 0.8 -1.8
v 1.5 0.8 -1.8
v 2.5 0.8 -1.8
v -2.6 0.8 -1.9
v -2.5 0.8 -1.9
v 2.5 0.8 -1.9
v 2.7 0.8 -1.9
v -2.3 0.8 -2.1
v -1.7 0.8 -2.1
v -1.5 0.8 -2.1
v 1.5 0.8 -2.1
v 1.7 0.8 -2.1
v 2.3 0.8 -2.1
v -2.3 0.8 -2.3
v -1.7 0.8 -2.3
v 1.7 0.8 -2.3
v 2.3 0.8 -2.3
v -2.3 0.8 -3.1
v -1.7 0.8 -3.1
v 1.7 0.8 -3.1
v 2.3 0.8 -3.1
v -2.3 0.8 -3.3
v -1.7 0.8 -3.3
v -1.5 0.8 -3.3
v 1.5 0.8 -3.3
v 1.7 0.8 -3.3
v 2.3 0.8 -3.3
v -2.6 0.8 -3.5
v -2.5 0.8 -3.5
v 2.5 0.8 -3.5
v 2.6 0.8 -3.5
v -2.5 0.8 -3.6
v -1.5 0.8 -3.6
v 1.5 0.8 -3.6
v 2.5 0.8 -3.6
v -2.6 0.8 -5.2
v 2.6 0.8 -5.2
v -2.6 0.9 5.3
v 2.6 0.9 5.3
v -2.6 0.9 5.2
v 2.6 0.9 5.2
v 2.7 0.9 5.2
v 2.6 0.9 4.3
v 2.7 0.9 4.3
v -2.3 0.9 3.7
v -1.7 0.9 3.7
v 1.7 0.9 3.7
v 2.3 0.9 3.7
v -2.3 0.9 3.5
v -1.7 0.9 3.5
v 1.7 0.9 3.5
v 2.3 0.9 3.5
v -2.3 0.9 3.1
v -1.7 0.9 3.1
v 1.7 0.9 3.1
v 2.3 0.9 3.1
v -2.3 0.9 2.9
v -1.7 0.9 2.9
v 1.7 0.9 2.9
v 2.3 0.9 2.9
v 2.6 0.9 2.8
v 2.7 0.9 2.8
v 2.6 0.9 2.5
v 2.7 0.9 2.5
v -2.3 0.9 -2.3
v -1.7 0.9 -2.3
v 1.7 0.9 -2.3
v 2.3 0.9 -2.3
v -2.3 0.9 -2.5
v -1.7 0.9 -2.5
v 1.7 0.9 -2.5
v 2.3 0.9 -2.5
v -2.3 0.9 -2.9
v -1.7 0.9 -2.9
v 1.7 0.9 -2.9
v 2.3 0.9 -2.9
v -2.3 0.9 -3.1
v -1.7 0.9 -3.1
v 1.7 0.9 -3.1
v 2.3 0.9 -3.1
v 2.6 0.9 -3.5
v 2.7 0.9 -3.5
v -2.6 0.9 -5.2
v 2.6 0.9 -5.2
v 2.7 0.9 -5.2
v -2.6 0.9 -5.3
v 2.6 0.9 -5.3
v -2.6 1 4.1
v -2.5 1 4.1
v 2.5 1 4.1
v 2.7 1 4.1
v -2.6 1 4
v -2.5 1 4
v 2.5 1 4
v 2.7 1 4
v -2.3 1 3.8
v -1.7 1 3.8
v 1.7 1 3.8
v 2.3 1 3.8
v -2.3 1 3.7
v -1.7 1 3.7
v 1.7 1 3.7
v 2.3 1 3.7
v -2.3 1 2.9
v -1.7 1 2.9
v 1.7 1 2.9
v 2.3 1 2.9
v -2.3 1 2.8
v -1.7 1 2.8
v 1.7 1 2.8
v 2.3 1 2.8
v -2.6 1 2.6
v -2.5 1 2.6
v -2.6 1 2.5
v -2.5 1 2.5
v -2.6 1 -1.9
v -2.5 1 -1.9
v 2.5 1 -1.9
v 2.7 1 -1.9
v -2.6 1 -2
v -2.5 1 -2
v 2.5 1 -2
v 2.7 1 -2
v -2.3 1 -2.2
v -1.7 1 -2.2
v 1.7 1 -2.2
v 2.3 1 -2.2
v -2.3 1 -2.3
v -1.7 1 -2.3
v 1.7 1 -2.3
v 2.3 1 -2.3
v -2.3 1 -3.1
v -1.7 1 -3.1
v 1.7 1 -3.1
v 2.3 1 -3.1
v -2.3 1 -3.2
v -1.7 1 -3.2
v 1.7 1 -3.2
v 2.3 1 -3.2
v -2.6 1 -3.4
v -2.5 1 -3.4
v 2.5 1 -3.4
v 2.7 1 -3.4
v -2.6 1 -3.5
v -2.5 1 -3.5
v 2.5 1 -3.5
v 2.7 1 -3.5
v -2.3 1.1 3.9
v -1.7 1.1 3.9
v 1.7 1.1 3.9
v 2.3 1.1 3.9
v -2.3 1.1 3.8
v -1.7 1.1 3.8
v 1.7 1.1 3.8
v 2.3 1.1 3.8
v -2.3 1.1 3.4
v -1.7 1.1 3.4
v 1.7 1.1 3.4
v 2.3 1.1 3.4
v -2.3 1.1 3.2
v -1.7 1.1 3.2
v 1.7 1.1 3.2
v 2.3 1.1 3.2
v -2.3 1.1 2.8
v -1.7 1.1 2.8
v 1.7 1.1 2.8
v 2.3 1.1 2.8
v -2.3 1.1 2.7
v -1.7 1.1 2.7
v 1.7 1.1 2.7
v 2.3 1.1 2.7
v -2.3 1.1 -2.1
v -1.7 1.1 -2.1
v 1.7 1.1 -2.1
v 2.3 1.1 -2.1
v -2.3 1.1 -2.2
v -1.7 1.1 -2.2
v 1.7 1.1 -2.2
v 2.3 1.1 -2.2
v -2.3 1.1 -2.6
v -1.7 1.1 -2.6
v 1.7 1.1 -2.6
v 2.3 1.1 -2.6
v -2.3 1.1 -2.8
v -1.7 1.1 -2.8
v 1.7 1.1 -2.8
v 2.3 1.1 -2.8
v -2.3 1.1 -3.2
v -1.7 1.1 -3.2
v 1.7 1.1 -3.2
v 2.3 1.1 -3.2
v -2.3 1.1 -3.3
v -1.7 1.1 -3.3
v 1.7 1.1 -3.3
v 2.3 1.1 -3.3
v -2.6 1.2 4
v -2.5 1.2 4
v 2.5 1.2 4
v 2.7 1.2 4
v -2.6 1.2 3.9
v -2.5 1.2 3.9
v -2.3 1.2 3.9
v -1.7 1.2 3.9
v -1.5 1.2 3.9
v 1.5 1.2 3.9
v 1.7 1.2 3.9
v 2.3 1.2 3.9
v 2.5 1.2 3.9
v 2.7 1.2 3.9
v -2.5 1.2 3.8
v -2.3 1.2 3.8
v -1.7 1.2 3.8
v -1.5 1.2 3.8
v 1.5 1.2 3.8
v 1.7 1.2 3.8
v 2.3 1.2 3.8
v 2.5 1.2 3.8
v -2.5 1.2 2.8
v -2.3 1.2 2.8
v -1.7 1.2 2.8
v -1.5 1.2 2.8
v 1.5 1.2 2.8
v 1.7 1.2 2.8
v 2.3 1.2 2.8
v 2.5 1.2 2.8
v -2.6 1.2 2.7
v -2.5 1.2 2.7
v -2.3 1.2 2.7
v -1.7 1.2 2.7
v -1.5 1.2 2.7
v 1.5 1.2 2.7
v 1.7 1.2 2.7
v 2.3 1.2 2.7
v 2.5 1.2 2.7
v -2.6 1.2 2.6
v -2.5 1.2 2.6
v -2.6 1.2 -2
v -2.5 1.2 -2
v 2.5 1.2 -2
v 2.7 1.2 -2
v -2.6 1.2 -2.1
v -2.5 1.2 -2.1
v -2.3 1.2 -2.1
v -1.7 1.2 -2.1
v -1.5 1.2 -2.1
v 1.5 1.2 -2.1
v 1.7 1.2 -2.1
v 2.3 1.2 -2.1
v 2.5 1.2 -2.1
v 2.7 1.2 -2.1
v -2.5 1.2 -2.2
v -2.3 1.2 -2.2
v -1.7 1.2 -2.2
v -1.5 1.2 -2.2
v 1.5 1.2 -2.2
v 1.7 1.2 -2.2
v 2.3 1.2 -2.2
v 2.5 1.2 -2.2
v -2.5 1.2 -3.2
v -2.3 1.2 -3.2
v -1.7 1.2 -3.2
v -1.5 1.2 -3.2
v 1.5 1.2 -3.2
v 1.7 1.2 -3.2
v 2.3 1.2 -3.2
v 2.5 1.2 -3.2
v -2.6 1.2 -3.3
v -2.5 1.2 -3.3
v -2.3 1.2 -3.3
v -1.7 1.2 -3.3
v -1.5 1.2 -3.3
v 1.5 1.2 -3.3
v 1.7 1.2 -3.3
v 2.3 1.2 -3.3
v 2.5 1.2 -3.3
v 2.7 1.2 -3.3
v -2.6 1.2 -3.4
v -2.5 1.2 -3.4
v 2.5 1.2 -3.4
v 2.7 1.2 -3.4
v -2.5 1.3 3.8
v -2.3 1.3 3.8
v -1.7 1.3 3.8
v -1.5 1.3 3.8
v 1.5 1.3 3.8
v 1.7 1.3 3.8
v 2.3 1.3 3.8
v 2.5 1.3 3.8
v -2.5 1.3 3.7
v -2.3 1.3 3.7
v -1.7 1.3 3.7
v -1.5 1.3 3.7
v 1.5 1.3 3.7
v 1.7 1.3 3.7
v 2.3 1.3 3.7
v 2.5 1.3 3.7
v -2.5 1.3 2.9
v -2.3 1.3 2.9
v -1.7 1.3 2.9
v -1.5 1.3 2.9
v 1.5 1.3 2.9
v 1.7 1.3 2.9
v 2.3 1.3 2.9
v 2.5 1.3 2.9
v -2.6 1.3 2.8
v -2.5 1.3 2.8
v -2.3 1.3 2.8
v -1.7 1.3 2.8
v -1.5 1.3 2.8
v 1.5 1.3 2.8
v 1.7 1.3 2.8
v 2.3 1.3 2.8
v 2.5 1.3 2.8
v -2.6 1.3 2.7
v -2.5 1.3 2.7
v -2.5 1.3 -2.2
v -2.3 1.3 -2.2
v -1.7 1.3 -2.2
v -1.5 1.3 -2.2
v 1.5 1.3 -2.2
v 1.7 1.3 -2.2
v 2.3 1.3 -2.2
v 2.5 1.3 -2.2
v -2.5 1.3 -2.3
v -2.3 1.3 -2.3
v -1.7 1.3 -2.3
v -1.5 1.3 -2.3
v 1.5 1.3 -2.3
v 1.7 1.3 -2.3
v 2.3 1.3 -2.3
v 2.5 1.3 -2.3
v -2.5 1.3 -3.1
v -2.3 1.3 -3.1
v -1.7 1.3 -3.1
v -1.5 1.3 -3.1
v 1.5 1.3 -3.1
v 1.7 1.3 -3.1
v 2.3 1.3 -3.1
v 2.5 1.3 -3.1
v -2.6 1.3 -3.2
v -2.5 1.3 -3.2
v -2.3 1.3 -3.2
v -1.7 1.3 -3.2
v -1.5 1.3 -3.2
v 1.5 1.3 -3.2
v 1.7 1.3 -3.2
v 2.3 1.3 -3.2
v 2.5 1.3 -3.2
v 2.7 1.3 -3.2
v -2.6 1.3 -3.3
v -2.5 1.3 -3.3
v 2.5 1.3 -3.3
v 2.7 1.3 -3.3
v -2.6 1.4 3.9
v -2.5 1.4 3.9
v 2.5 1.4 3.9
v 2.7 1.4 3.9
v -2.6 1.4 3.8
v -2.5 1.4 3.8
v 2.5 1.4 3.8
v 2.7 1.4 3.8
v -2.5 1.4 3.7
v -2.3 1.4 3.7
v -1.7 1.4 3.7
v -1.5 1.4 3.7
v 1.5 1.4 3.7
v 1.7 1.4 3.7
v 2.3 1.4 3.7
v 2.5 1.4 3.7
v -2.3 1.4 3.6
v -1.7 1.4 3.6
v 1.7 1.4 3.6
v 2.3 1.4 3.6
v -2.3 1.4 3.4
v -1.7 1.4 3.4
v 1.7 1.4 3.4
v 2.3 1.4 3.4
v -2.3 1.4 3.2
v -1.7 1.4 3.2
v 1.7 1.4 3.2
v 2.3 1.4 3.2
v -2.3 1.4 3
v -1.7 1.4 3
v 1.7 1.4 3
v 2.3 1.4 3
v -2.5 1.4 2.9
v -2.3 1.4 2.9
v -1.7 1.4 2.9
v -1.5 1.4 2.9
v 1.5 1.4 2.9
v 1.7 1.4 2.9
v 2.3 1.4 2.9
v 2.5 1.4 2.9
v -2.6 1.4 -2.1
v -2.5 1.4 -2.1
v 2.5 1.4 -2.1
v 2.7 1.4 -2.1
v -2.6 1.4 -2.2
v -2.5 1.4 -2.2
v 2.5 1.4 -2.2
v 2.7 1.4 -2.2
v -2.5 1.4 -2.3
v -2.3 1.4 -2.3
v -1.7 1.4 -2.3
v -1.5 1.4 -2.3
v 1.5 1.4 -2.3
v 1.7 1.4 -2.3
v 2.3 1.4 -2.3
v 2.5 1.4 -2.3
v -2.3 1.4 -2.4
v -1.7 1.4 -2.4
v 1.7 1.4 -2.4
v 2.3 1.4 -2.4
v -2.3 1.4 -2.6
v -1.7 1.4 -2.6
v 1.7 1.4 -2.6
v 2.3 1.4 -2.6
v -2.3 1.4 -2.8
v -1.7 1.4 -2.8
v 1.7 1.4 -2.8
v 2.3 1.4 -2.8
v -2.3 1.4 -3
v -1.7 1.4 -3
v 1.7 1.4 -3
v 2.3 1.4 -3
v -2.5 1.4 -3.1
v -2.3 1.4 -3.1
v -1.7 1.4 -3.1
v -1.5 1.4 -3.1
v 1.5 1.4 -3.1
v 1.7 1.4 -3.1
v 2.3 1.4 -3.1
v 2.5 1.4 -3.1
v -2.6 1.5 3.8
v -2.5 1.5 3.8
v 2.5 1.5 3.8
v 2.7 1.5 3.8
v -2.6 1.5 3.6
v -2.5 1.5 3.6
v 2.5 1.5 3.6
v 2.7 1.5 3.6
v -2.6 1.5 3
v -2.5 1.5 3
v 2.5 1.5 3
v 2.7 1.5 3
v -2.6 1.5 2.8
v -2.5 1.5 2.8
v 2.5 1.5 2.8
v 2.7 1.5 2.8
v -2.6 1.5 -2.2
v -2.5 1.5 -2.2
v 2.5 1.5 -2.2
v 2.7 1.5 -2.2
v -2.6 1.5 -2.4
v -2.5 1.5 -2.4
v 2.5 1.5 -2.4
v 2.7 1.5 -2.4
v -2.6 1.5 -3
v -2.5 1.5 -3
v 2.5 1.5 -3
v 2.7 1.5 -3
v -2.6 1.5 -3.2
v -2.5 1.5 -3.2
v 2.5 1.5 -3.2
v 2.7 1.5 -3.2
v -2.6 1.6 3.6
v -2.5 1.6 3.6
v 2.5 1.6 3.6
v 2.7 1.6 3.6
v -2.6 1.6 3
v -2.5 1.6 3
v 2.5 1.6 3
v 2.7 1.6 3
v -2.6 1.6 -2.4
v -2.5 1.6 -2.4
v 2.5 1.6 -2.4
v 2.7 1.6 -2.4
v -2.6 1.6 -3
v -2.5 1.6 -3
v 2.5 1.6 -3
v 2.7 1.6 -3
v -2.5 0.3 3.7
v -2.3 0.3 3.7
v -1.7 0.3 3.7
v -1.5 0.3 3.7
v 1.5 0.3 3.7
v 1.7 0.3 3.7
v 2.3 0.3 3.7
v 2.5 0.3 3.7
v -2.3 0.3 3.6
v -1.7 0.3 3.6
v 1.7 0.3 3.6
v 2.3 0.3 3.6
v -2.3 0.3 3.4
v -1.7 0.3 3.4
v 1.7 0.3 3.4
v 2.3 0.3 3.4
v -2.3 0.3 3.2
v -1.7 0.3 3.2
v 1.7 0.3 3.2
v 2.3 0.3 3.2
v -2.3 0.3 3
v -1.7 0.3 3
v 1.7 0.3 3
v 2.3 0.3 3
v -2.5 0.3 2.9
v -2.3 0.3 2.9
v -1.7 0.3 2.9
v -1.5 0.3 2.9
v 1.5 0.3 2.9
v 1.7 0.3 2.9
v 2.3 0.3 2.9
v 2.5 0.3 2.9
v -2.5 0.3 -2.3
v -2.3 0.3 -2.3
v -1.7 0.3 -2.3
v -1.5 0.3 -2.3
v 1.5 0.3 -2.3
v 1.7 0.3 -2.3
v 2.3 0.3 -2.3
v 2.5 0.3 -2.3
v -2.3 0.3 -2.4
v -1.7 0.3 -2.4
v 1.7 0.3 -2.4
v 2.3 0.3 -2.4
v -2.3 0.3 -2.6
v -1.7 0.3 -2.6
v 1.7 0.3 -2.6
v 2.3 0.3 -2.6
v -2.3 0.3 -2.8
v -1.7 0.3 -2.8
v 1.7 0.3 -2.8
v 2.3 0.3 -2.8
v -2.3 0.3 -3
v -1.7 0.3 -3
v 1.7 0.3 -3
v 2.3 0.3 -3
v -2.5 0.3 -3.1
v -2.3 0.3 -3.1
v -1.7 0.3 -3.1
v -1.5 0.3 -3.1
v 1.5 0.3 -3.1
v 1.7 0.3 -3.1
v 2.3 0.3 -3.1
v 2.5 0.3 -3.1
v -2.5 0.4 3.8
v -2.3 0.4 3.8
v -1.7 0.4 3.8
v -1.5 0.4 3.8
v 1.5 0.4 3.8
v 1.7 0.4 3.8
v 2.3 0.4 3.8
v 2.5 0.4 3.8
v -2.5 0.4 3.7
v -2.3 0.4 3.7
v -1.7 0.4 3.7
v -1.5 0.4 3.7
v 1.5 0.4 3.7
v 1.7 0.4 3.7
v 2.3 0.4 3.7
v 2.5 0.4 3.7
v -2.5 0.4 2.9
v -2.3 0.4 2.9
v -1.7 0.4 2.9
v -1.5 0.4 2.9
v 1.5 0.4 2.9
v 1.7 0.4 2.9
v 2.3 0.4 2.9
v 2.5 0.4 2.9
v -2.5 0.4 2.8
v -2.3 0.4 2.8
v -1.7 0.4 2.8
v -1.5 0.4 2.8
v 1.5 0.4 2.8
v 1.7 0.4 2.8
v 2.3 0.4 2.8
v 2.5 0.4 2.8
v -2.5 0.4 -2.2
v -2.3 0.4 -2.2
v -1.7 0.4 -2.2
v -1.5 0.4 -2.2
v 1.5 0.4 -2.2
v 1.7 0.4 -2.2
v 2.3 0.4 -2.2
v 2.5 0.4 -2.2
v -2.5 0.4 -2.3
v -2.3 0.4 -2.3
v -1.7 0.4 -2.3
v -1.5 0.4 -2.3
v 1.5 0.4 -2.3
v 1.7 0.4 -2.3
v 2.3 0.4 -2.3
v 2.5 0.4 -2.3
v -2.5 0.4 -3.1
v -2.3 0.4 -3.1
v -1.7 0.4 -3.1
v -1.5 0.4 -3.1
v 1.5 0.4 -3.1
v 1.7 0.4 -3.1
v 2.3 0.4 -3.1
v 2.5 0.4 -3.1
v -2.5 0.4 -3.2
v -2.3 0.4 -3.2
v -1.7 0.4 -3.2
v -1.5 0.4 -3.2
v 1.5 0.4 -3.2
v 1.7 0.4 -3.2
v 2.3 0.4 -3.2
v 2.5 0.4 -3.2
v -2.5 0.5 3.9
v -2.3 0.5 3.9
v -1.7 0.5 3.9
v -1.5 0.5 3.9
v 1.5 0.5 3.9
v 1.7 0.5 3.9
v 2.3 0.5 3.9
v 2.5 0.5 3.9
v -2.5 0.5 3.8
v -2.3 0.5 3.8
v -1.7 0.5 3.8
v -1.5 0.5 3.8
v 1.5 0.5 3.8
v 1.7 0.5 3.8
v 2.3 0.5 3.8
v 2.5 0.5 3.8
v -2.5 0.5 2.8
v -2.3 0.5 2.8
v -1.7 0.5 2.8
v -1.5 0.5 2.8
v 1.5 0.5 2.8
v 1.7 0.5 2.8
v 2.3 0.5 2.8
v 2.5 0.5 2.8
v -2.5 0.5 2.7
v -2.3 0.5 2.7
v -1.7 0.5 2.7
v -1.5 0.5 2.7
v 1.5 0.5 2.7
v 1.7 0.5 2.7
v 2.3 0.5 2.7
v 2.5 0.5 2.7
v -2.5 0.5 -2.1
v -2.3 0.5 -2.1
v -1.7 0.5 -2.1
v -1.5 0.5 -2.1
v 1.5 0.5 -2.1
v 1.7 0.5 -2.1
v 2.3 0.5 -2.1
v 2.5 0.5 -2.1
v -2.5 0.5 -2.2
v -2.3 0.5 -2.2
v -1.7 0.5 -2.2
v -1.5 0.5 -2.2
v 1.5 0.5 -2.2
v 1.7 0.5 -2.2
v 2.3 0.5 -2.2
v 2.5 0.5 -2.2
v -2.5 0.5 -3.2
v -2.3 0.5 -3.2
v -1.7 0.5 -3.2
v -1.5 0.5 -3.2
v 1.5 0.5 -3.2
v 1.7 0.5 -3.2
v 2.3 0.5 -3.2
v 2.5 0.5 -3.2
v -2.5 0.5 -3.3
v -2.3 0.5 -3.3
v -1.7 0.5 -3.3
v -1.5 0.5 -3.3
v 1.5 0.5 -3.3
v 1.7 0.5 -3.3
v 2.3 0.5 -3.3
v 2.5 0.5 -3.3
v -2.3 0.6 3.9
v -1.7 0.6 3.9
v 1.7 0.6 3.9
v 2.3 0.6 3.9
v -2.3 0.6 3.8
v -1.7 0.6 3.8
v 1.7 0.6 3.8
v 2.3 0.6 3.8
v -2.3 0.6 3.4
v -1.7 0.6 3.4
v 1.7 0.6 3.4
v 2.3 0.6 3.4
v -2.3 0.6 3.2
v -1.7 0.6 3.2
v 1.7 0.6 3.2
v 2.3 0.6 3.2
v -2.3 0.6 2.8
v -1.7 0.6 2.8
v 1.7 0.6 2.8
v 2.3 0.6 2.8
v -2.3 0.6 2.7
v -1.7 0.6 2.7
v 1.7 0.6 2.7
v 2.3 0.6 2.7
v -2.3 0.6 -2.1
v -1.7 0.6 -2.1
v 1.7 0.6 -2.1
v 2.3 0.6 -2.1
v -2.3 0.6 -2.2
v -1.7 0.6 -2.2
v 1.7 0.6 -2.2
v 2.3 0.6 -2.2
v -2.3 0.6 -2.6
v -1.7 0.6 -2.6
v 1.7 0.6 -2.6
v 2.3 0.6 -2.6
v -2.3 0.6 -2.8
v -1.7 0.6 -2.8
v 1.7 0.6 -2.8
v 2.3 0.6 -2.8
v -2.3 0.6 -3.2
v -1.7 0.6 -3.2
v 1.7 0.6 -3.2
v 2.3 0.6 -3.2
v -2.3 0.6 -3.3
v -1.7 0.6 -3.3
v 1.7 0.6 -3.3
v 2.3 0.6 -3.3
v -2.3 0.7 3.8
v -1.7 0.7 3.8
v 1.7 0.7 3.8
v 2.3 0.7 3.8
v -2.3 0.7 3.7
v -1.7 0.7 3.7
v 1.7 0.7 3.7
v 2.3 0.7 3.7
v -2.3 0.7 2.9
v -1.7 0.7 2.9
v 1.7 0.7 2.9
v 2.3 0.7 2.9
v -2.3 0.7 2.8
v -1.7 0.7 2.8
v 1.7 0.7 2.8
v 2.3 0.7 2.8
v -2.3 0.7 -2.2
v -1.7 0.7 -2.2
v 1.7 0.7 -2.2
v 2.3 0.7 -2.2
v -2.3 0.7 -2.3
v -1.7 0.7 -2.3
v 1.7 0.7 -2.3
v 2.3 0.7 -2.3
v -2.3 0.7 -3.1
v -1.7 0.7 -3.1
v 1.7 0.7 -3.1
v 2.3 0.7 -3.1
v -2.3 0.7 -3.2
v -1.7 0.7 -3.2
v 1.7 0.7 -3.2
v 2.3 0.7 -3.2
v -2.3 0.8 3.7
v -1.7 0.8 3.7
v 1.7 0.8 3.7
v 2.3 0.8 3.7
v -2.3 0.8 3.5
v -1.7 0.8 3.5
v 1.7 0.8 3.5
v 2.3 0.8 3.5
v -2.3 0.8 3.1
v -1.7 0.8 3.1
v 1.7 0.8 3.1
v 2.3 0.8 3.1
v -2.3 0.8 2.9
v -1.7 0.8 2.9
v 1.7 0.8 2.9
v 2.3 0.8 2.9
v -2.3 0.8 -2.3
v -1.7 0.8 -2.3
v 1.7 0.8 -2.3
v 2.3 0.8 -2.3
v -2.3 0.8 -2.5
v -1.7 0.8 -2.5
v 1.7 0.8 -2.5
v 2.3 0.8 -2.5
v -2.3 0.8 -2.9
v -1.7 0.8 -2.9
v 1.7 0.8 -2.9
v 2.3 0.8 -2.9
v -2.3 0.8 -3.1
v -1.7 0.8 -3.1
v 1.7 0.8 -3.1
v 2.3 0.8 -3.1
v -2.3 0.9 3.9
v -1.7 0.9 3.9
v 1.7 0.9 3.9
v 2.3 0.9 3.9
v -2.3 0.9 3.7
v -1.7 0.9 3.7
v 1.7 0.9 3.7
v 2.3 0.9 3.7
v -2.3 0.9 2.9
v -1.7 0.9 2.9
v 1.7 0.9 2.9
v 2.3 0.9 2.9
v -2.3 0.9 2.7
v -1.7 0.9 2.7
v 1.7 0.9 2.7
v 2.3 0.9 2.7
v -2.3 0.9 -2.1
v -1.7 0.9 -2.1
v 1.7 0.9 -2.1
v 2.3 0.9 -2.1
v -2.3 0.9 -2.3
v -1.7 0.9 -2.3
v 1.7 0.9 -2.3
v 2.3 0.9 -2.3
v -2.3 0.9 -3.1
v -1.7 0.9 -3.1
v 1.7 0.9 -3.1
v 2.3 0.9 -3.1
v -2.3 0.9 -3.3
v -1.7 0.9 -3.3
v 1.7 0.9 -3.3
v 2.3 0.9 -3.3
v -2.3 1 3.4
v -1.7 1 3.4
v 1.7 1 3.4
v 2.3 1 3.4
v -2.3 1 3.2
v -1.7 1 3.2
v 1.7 1 3.2
v 2.3 1 3.2
v -2.3 1 -2.6
v -1.7 1 -2.6
v 1.7 1 -2.6
v 2.3 1 -2.6
v -2.3 1 -2.8
v -1.7 1 -2.8
v 1.7 1 -2.8
v 2.3 1 -2.8
v -2.3 1.1 3.5
v -1.7 1.1 3.5
v 1.7 1.1 3.5
v 2.3 1.1 3.5
v -2.3 1.1 3.4
v -1.7 1.1 3.4
v 1.7 1.1 3.4
v 2.3 1.1 3.4
v -2.3 1.1 3.2
v -1.7 1.1 3.2
v 1.7 1.1 3.2
v 2.3 1.1 3.2
v -2.3 1.1 3.1
v -1.7 1.1 3.1
v 1.7 1.1 3.1
v 2.3 1.1 3.1
v -2.3 1.1 -2.5
v -1.7 1.1 -2.5
v 1.7 1.1 -2.5
v 2.3 1.1 -2.5
v -2.3 1.1 -2.6
v -1.7 1.1 -2.6
v 1.7 1.1 -2.6
v 2.3 1.1 -2.6
v -2.3 1.1 -2.8
v -1.7 1.1 -2.8
v 1.7 1.1 -2.8
v 2.3 1.1 -2.8
v -2.3 1.1 -2.9
v -1.7 1.1 -2.9
v 1.7 1.1 -2.9
v 2.3 1.1 -2.9
v -2.3 1.3 3.6
v -1.7 1.3 3.6
v 1.7 1.3 3.6
v 2.3 1.3 3.6
v -2.3 1.3 3.5
v -1.7 1.3 3.5
v 1.7 1.3 3.5
v 2.3 1.3 3.5
v -2.3 1.3 3.1
v -1.7 1.3 3.1
v 1.7 1.3 3.1
v 2.3 1.3 3.1
v -2.3 1.3 3
v -1.7 1.3 3
v 1.7 1.3 3
v 2.3 1.3 3
v -2.3 1.3 -2.4
v -1.7 1.3 -2.4
v 1.7 1.3 -2.4
v 2.3 1.3 -2.4
v -2.3 1.3 -2.5
v -1.7 1.3 -2.5
v 1.7 1.3 -2.5
v 2.3 1.3 -2.5
v -2.3 1.3 -2.9
v -1.7 1.3 -2.9
v 1.7 1.3 -2.9
v 2.3 1.3 -2.9
v -2.3 1.3 -3
v -1.7 1.3 -3
v 1.7 1.3 -3
v 2.3 1.3 -3
v -2.6 2.1 -3.6
v -2.5 2.1 -3.6
v 2.6 2.1 -3.6
v 2.7 2.1 -3.6
v -2.5 2.1 -5.2
v 2.6 2.1 -5.2
v 2.7 2.1 -5.2
v -2.6 2.1 -5.3
v 2.6 2.1 -5.3
v -2.5 2.2 -3.6
v -2.3 2.2 -3.6
v 2.4 2.2 -3.6
v 2.6 2.2 -3.6
v -2.5 2.2 -5.2
v 2.6 2.2 -5.2
v -2.6 2.3 -3.5
v -2.4 2.3 -3.5
v -2.3 2.3 -3.5
v 2.4 2.3 -3.5
v 2.5 2.3 -3.5
v 2.7 2.3 -3.5
v -2.6 2.3 -3.6
v -2.3 2.3 -3.6
v 2.4 2.3 -3.6
v 2.7 2.3 -3.6
v -2.6 2.4 -3.4
v -2.4 2.4 -3.4
v -2.2 2.4 -3.4
v 2.3 2.4 -3.4
v 2.5 2.4 -3.4
v 2.7 2.4 -3.4
v -2.6 2.4 -3.5
v -2.4 2.4 -3.5
v 2.5 2.4 -3.5
v 2.7 2.4 -3.5
v -2.6 2.5 5.3
v -2.5 2.5 5.3
v -2.4 2.5 5.3
v -1.6 2.5 5.3
v -1.5 2.5 5.3
v 1.4 2.5 5.3
v 1.5 2.5 5.3
v 2.3 2.5 5.3
v 2.4 2.5 5.3
v 2.6 2.5 5.3
v -2.6 2.5 5.2
v -2.5 2.5 5.2
v -2.4 2.5 5.2
v -1.6 2.5 5.2
v -1.5 2.5 5.2
v 1.4 2.5 5.2
v 1.5 2.5 5.2
v 2.3 2.5 5.2
v 2.4 2.5 5.2
v 2.6 2.5 5.2
v 2.7 2.5 5.2
v 2.6 2.5 4.3
v 2.7 2.5 4.3
v -2.6 2.5 -3.3
v -2.4 2.5 -3.3
v -2.2 2.5 -3.3
v 2.3 2.5 -3.3
v 2.5 2.5 -3.3
v 2.7 2.5 -3.3
v -2.6 2.5 -3.4
v -2.4 2.5 -3.4
v -2.2 2.5 -3.4
v 2.3 2.5 -3.4
v 2.5 2.5 -3.4
v 2.7 2.5 -3.4
v -2.6 2.6 5.2
v -2.5 2.6 5.2
v -2.4 2.6 5.2
v -1.6 2.6 5.2
v -1.5 2.6 5.2
v 1.4 2.6 5.2
v 1.5 2.6 5.2
v 2.3 2.6 5.2
v 2.4 2.6 5.2
v 2.6 2.6 5.2
v -2.4 2.6 5.1
v -1.6 2.6 5.1
v 1.5 2.6 5.1
v 2.3 2.6 5.1
v -2.5 2.6 4.8
v -2.4 2.6 4.8
v -1.6 2.6 4.8
v -1.5 2.6 4.8
v 1.4 2.6 4.8
v 1.5 2.6 4.8
v 2.3 2.6 4.8
v 2.4 2.6 4.8
v -2.4 2.6 4.6
v -1.6 2.6 4.6
v 1.5 2.6 4.6
v 2.3 2.6 4.6
v 2.6 2.6 4.3
v 2.7 2.6 4.3
v -2.4 2.6 3.1
v 2.5 2.6 3.1
v -2.6 2.6 3
v -2.5 2.6 3
v -2.4 2.6 3
v 2.5 2.6 3
v 2.6 2.6 3
v 2.7 2.6 3
v -2.6 2.6 -3.2
v -2.4 2.6 -3.2
v -2.2 2.6 -3.2
v 2.3 2.6 -3.2
v 2.5 2.6 -3.2
v 2.7 2.6 -3.2
v -2.6 2.6 -3.3
v -2.4 2.6 -3.3
v -2.2 2.6 -3.3
v 2.3 2.6 -3.3
v 2.5 2.6 -3.3
v 2.7 2.6 -3.3
v -2.6 2.7 3
v -2.5 2.7 3
v 2.6 2.7 3
v 2.7 2.7 3
v -2.6 2.7 2.9
v -2.5 2.7 2.9
v -2.3 2.7 2.9
v 2.4 2.7 2.9
v 2.6 2.7 2.9
v 2.7 2.7 2.9
v -2.6 2.7 -3.1
v -2.4 2.7 -3.1
v -2.2 2.7 -3.1
v 2.3 2.7 -3.1
v 2.5 2.7 -3.1
v 2.7 2.7 -3.1
v -2.6 2.7 -3.2
v -2.4 2.7 -3.2
v -2.2 2.7 -3.2
v 2.3 2.7 -3.2
v 2.5 2.7 -3.2
v 2.7 2.7 -3.2
v -2.6 2.8 2.9
v -2.5 2.8 2.9
v -2.3 2.8 2.9
v 2.4 2.8 2.9
v 2.6 2.8 2.9
v 2.7 2.8 2.9
v -2.6 2.8 2.8
v -2.5 2.8 2.8
v -2.3 2.8 2.8
v 2.4 2.8 2.8
v 2.6 2.8 2.8
v 2.7 2.8 2.8
v -2.6 2.8 -3
v -2.4 2.8 -3
v -2.2 2.8 -3
v 2.3 2.8 -3
v 2.5 2.8 -3
v 2.7 2.8 -3
v -2.6 2.8 -3.1
v -2.4 2.8 -3.1
v -2.2 2.8 -3.1
v 2.3 2.8 -3.1
v 2.5 2.8 -3.1
v 2.7 2.8 -3.1
v -2.6 2.9 2.8
v -2.5 2.9 2.8
v -2.3 2.9 2.8
v 2.4 2.9 2.8
v 2.6 2.9 2.8
v 2.7 2.9 2.8
v -2.6 2.9 2.7
v -2.5 2.9 2.7
v -2.3 2.9 2.7
v 2.4 2.9 2.7
v 2.6 2.9 2.7
v 2.7 2.9 2.7
v -2.6 2.9 -2.9
v -2.4 2.9 -2.9
v -2.2 2.9 -2.9
v 2.3 2.9 -2.9
v 2.5 2.9 -2.9
v 2.7 2.9 -2.9
v -2.6 2.9 -3
v -2.4 2.9 -3
v -2.2 2.9 -3
v 2.3 2.9 -3
v 2.5 2.9 -3
v 2.7 2.9 -3
v -2.6 3 2.7
v -2.5 3 2.7
v -2.3 3 2.7
v 2.4 3 2.7
v 2.6 3 2.7
v 2.7 3 2.7
v -2.6 3 2.6
v -2.5 3 2.6
v -2.3 3 2.6
v 2.4 3 2.6
v 2.6 3 2.6
v 2.7 3 2.6
v -2.6 3 -2.8
v -2.4 3 -2.8
v -2.2 3 -2.8
v 2.3 3 -2.8
v 2.5 3 -2.8
v 2.7 3 -2.8
v -2.6 3 -2.9
v -2.4 3 -2.9
v -2.2 3 -2.9
v 2.3 3 -2.9
v 2.5 3 -2.9
v 2.7 3 -2.9
v -2.6 3.1 2.6
v -2.5 3.1 2.6
v -2.3 3.1 2.6
v 2.4 3.1 2.6
v 2.6 3.1 2.6
v 2.7 3.1 2.6
v -2.6 3.1 2.5
v -2.5 3.1 2.5
v -2.3 3.1 2.5
v 2.4 3.1 2.5
v 2.6 3.1 2.5
v 2.7 3.1 2.5
v -2.6 3.1 -2.7
v -2.4 3.1 -2.7
v -2.2 3.1 -2.7
v 2.3 3.1 -2.7
v 2.5 3.1 -2.7
v 2.7 3.1 -2.7
v -2.6 3.1 -2.8
v -2.4 3.1 -2.8
v -2.2 3.1 -2.8
v 2.3 3.1 -2.8
v 2.5 3.1 -2.8
v 2.7 3.1 -2.8
v -2.6 3.2 2.5
v -2.5 3.2 2.5
v -2.3 3.2 2.5
v 2.4 3.2 2.5
v 2.6 3.2 2.5
v 2.7 3.2 2.5
v -2.6 3.2 2.4
v -2.5 3.2 2.4
v -2.3 3.2 2.4
v 2.4 3.2 2.4
v 2.6 3.2 2.4
v 2.7 3.2 2.4
v -2.6 3.2 -2.6
v -2.4 3.2 -2.6
v -2.2 3.2 -2.6
v 2.3 3.2 -2.6
v 2.5 3.2 -2.6
v 2.7 3.2 -2.6
v -2.6 3.2 -2.7
v -2.4 3.2 -2.7
v -2.2 3.2 -2.7
v 2.3 3.2 -2.7
v 2.5 3.2 -2.7
v 2.7 3.2 -2.7
v -2.6 3.3 2.4
v -2.5 3.3 2.4
v -2.3 3.3 2.4
v 2.4 3.3 2.4
v 2.6 3.3 2.4
v 2.7 3.3 2.4
v -2.6 3.3 2.3
v -2.5 3.3 2.3
v -2.3 3.3 2.3
v 2.4 3.3 2.3
v 2.6 3.3 2.3
v 2.7 3.3 2.3
v -2.6 3.3 -2.5
v -2.4 3.3 -2.5
v -2.2 3.3 -2.5
v 2.3 3.3 -2.5
v 2.5 3.3 -2.5
v 2.7 3.3 -2.5
v -2.6 3.3 -2.6
v -2.4 3.3 -2.6
v -2.2 3.3 -2.6
v 2.3 3.3 -2.6
v 2.5 3.3 -2.6
v 2.7 3.3 -2.6
v -2.6 3.4 2.3
v -2.5 3.4 2.3
v -2.3 3.4 2.3
v 2.4 3.4 2.3
v 2.6 3.4 2.3
v 2.7 3.4 2.3
v -2.6 3.4 2.2
v -2.5 3.4 2.2
v -2.3 3.4 2.2
v 2.4 3.4 2.2
v 2.6 3.4 2.2
v 2.7 3.4 2.2
v -2.6 3.4 -2.4
v -2.4 3.4 -2.4
v -2.2 3.4 -2.4
v 2.3 3.4 -2.4
v 2.5 3.4 -2.4
v 2.7 3.4 -2.4
v -2.6 3.4 -2.5
v -2.4 3.4 -2.5
v -2.2 3.4 -2.5
v 2.3 3.4 -2.5
v 2.5 3.4 -2.5
v 2.7 3.4 -2.5
v -2.6 3.5 2.2
v -2.5 3.5 2.2
v -2.3 3.5 2.2
v 2.4 3.5 2.2
v 2.6 3.5 2.2
v 2.7 3.5 2.2
v -2.6 3.5 2.1
v -2.5 3.5 2.1
v -2.3 3.5 2.1
v 2.4 3.5 2.1
v 2.6 3.5 2.1
v 2.7 3.5 2.1
v -2.6 3.5 -2.3
v -2.4 3.5 -2.3
v -2.2 3.5 -2.3
v 2.3 3.5 -2.3
v 2.5 3.5 -2.3
v 2.7 3.5 -2.3
v -2.6 3.5 -2.4
v -2.4 3.5 -2.4
v -2.2 3.5 -2.4
v 2.3 3.5 -2.4
v 2.5 3.5 -2.4
v 2.7 3.5 -2.4
v -2.6 3.6 2.1
v -2.5 3.6 2.1
v -2.3 3.6 2.1
v 2.4 3.6 2.1
v 2.6 3.6 2.1
v 2.7 3.6 2.1
v -2.6 3.6 2
v -2.5 3.6 2
v -2.3 3.6 2
v 2.4 3.6 2
v 2.6 3.6 2
v 2.7 3.6 2
v -2.6 3.6 -2.2
v -2.4 3.6 -2.2
v -2.2 3.6 -2.2
v 2.3 3.6 -2.2
v 2.5 3.6 -2.2
v 2.7 3.6 -2.2
v -2.6 3.6 -2.3
v -2.4 3.6 -2.3
v -2.2 3.6 -2.3
v 2.3 3.6 -2.3
v 2.5 3.6 -2.3
v 2.7 3.6 -2.3
v -2.6 3.7 2
v -2.5 3.7 2
v -2.3 3.7 2
v 2.4 3.7 2
v 2.6 3.7 2
v 2.7 3.7 2
v -2.6 3.7 1.9
v -2.5 3.7 1.9
v -2.3 3.7 1.9
v 2.4 3.7 1.9
v 2.6 3.7 1.9
v 2.7 3.7 1.9
v -2.6 3.7 -2.1
v -2.4 3.7 -2.1
v -2.2 3.7 -2.1
v 2.3 3.7 -2.1
v 2.5 3.7 -2.1
v 2.7 3.7 -2.1
v -2.6 3.7 -2.2
v -2.4 3.7 -2.2
v -2.2 3.7 -2.2
v 2.3 3.7 -2.2
v 2.5 3.7 -2.2
v 2.7 3.7 -2.2
v -2.6 3.8 1.9
v -2.5 3.8 1.9
v -2.3 3.8 1.9
v 2.4 3.8 1.9
v 2.6 3.8 1.9
v 2.7 3.8 1.9
v -2.6 3.8 1.8
v -2.5 3.8 1.8
v -2.3 3.8 1.8
v 2.4 3.8 1.8
v 2.6 3.8 1.8
v 2.7 3.8 1.8
v -2.6 3.8 -2
v -2.4 3.8 -2
v -2.3 3.8 -2
v 2.4 3.8 -2
v 2.5 3.8 -2
v 2.7 3.8 -2
v -2.6 3.8 -2.1
v -2.4 3.8 -2.1
v 2.5 3.8 -2.1
v 2.7 3.8 -2.1
v -2.6 3.9 1.8
v -2.5 3.9 1.8
v 2.6 3.9 1.8
v 2.7 3.9 1.8
v -2.5 3.9 1.7
v -2.4 3.9 1.7
v 2.5 3.9 1.7
v 2.6 3.9 1.7
v -2.4 3.9 1.6
v 2.5 3.9 1.6
v -2.3 3.9 -1.9
v 2.4 3.9 -1.9
v -2.6 3.9 -2
v -2.3 3.9 -2
v 2.4 3.9 -2
v 2.7 3.9 -2

# faces
f 8/4/1 2/4/1 1/4/1
f 9/4/1 6/4/1 5/4/1
f 11/4/1 8/4/1 7/4/1
f 11/4/1 2/4/1 8/4/1
f 14/4/1 4/4/1 3/4/1
f 15/4/1 4/4/1 14/4/1
f 18/4/1 10/4/1 9/4/1
f 18/4/1 9/4/1 5/4/1
f 19/4/1 12/4/1 11/4/1
f 22/4/1 16/4/1 15/4/1
f 22/4/1 15/4/1 14/4/1
f 22/4/1 14/4/1 13/4/1
f 23/4/1 16/4/1 22/4/1
f 26/4/1 18/4/1 17/4/1
f 28/4/1 24/4/1 23/4/1
f 28/4/1 22/4/1 21/4/1
f 28/4/1 23/4/1 22/4/1
f 30/4/1 26/4/1 25/4/1
f 31/4/1 20/4/1 19/4/1
f 33/4/1 28/4/1 27/4/1
f 33/4/1 24/4/1 28/4/1
f 35/4/1 32/4/1 31/4/1
f 38/4/1 34/4/1 33/4/1
f 38/4/1 33/4/1 27/4/1
f 39/4/1 34/4/1 38/4/1
f 42/4/1 30/4/1 29/4/1
f 43/4/1 36/4/1 35/4/1
f 44/4/1 40/4/1 39/4/1
f 44/4/1 38/4/1 37/4/1
f 44/4/1 39/4/1 38/4/1
f 45/4/1 40/4/1 44/4/1
f 46/4/1 42/4/1 41/4/1
f 47/4/1 45/4/1 44/4/1
f 47/4/1 46/4/1 45/4/1
f 47/4/1 44/4/1 43/4/1
f 48/4/1 46/4/1 47/4/1
f 49/4/1 46/4/1 48/4/1
f 50/4/1 46/4/1 49/4/1
f 51/4/1 47/4/1 43/4/1
f 51/6/1 48/6/1 47/6/1
f 52/4/1 49/4/1 48/4/1
f 52/6/1 48/6/1 51/6/1
f 53/6/1 50/6/1 49/6/1
f 53/4/1 49/4/1 52/4/1
f 54/4/1 46/4/1 50/4/1
f 54/6/1 50/6/1 53/6/1
f 55/4/1 42/4/1 46/4/1
f 55/4/1 46/4/1 54/4/1
f 55/4/1 10/4/1 18/4/1
f 55/4/1 18/4/1 26/4/1
f 55/4/1 26/4/1 30/4/1
f 55/4/1 30/4/1 42/4/1
f 56/4/1 10/4/1 55/4/1
f 57/4/1 54/4/1 53/4/1
f 57/4/1 51/4/1 43/4/1
f 57/4/1 55/4/1 54/4/1
f 57/4/1 52/4/1 51/4/1
f 57/4/1 53/4/1 52/4/1
f 58/4/1 55/4/1 57/4/1
f 59/4/1 55/4/1 58/4/1
f 60/4/1 55/4/1 59/4/1
f 61/4/1 57/4/1 43/4/1
f 61/6/1 58/6/1 57/6/1
f 62/6/1 58/6/1 61/6/1
f 63/6/1 58/6/1 62/6/1
f 64/6/1 58/6/1 63/6/1
f 65/6/1 58/6/1 64/6/1
f 66/6/1 58/6/1 65/6/1
f 67/4/1 59/4/1 58/4/1
f 67/6/1 58/6/1 66/6/1
f 68/4/1 59/4/1 67/4/1
f 69/4/1 59/4/1 68/4/1
f 70/4/1 59/4/1 69/4/1
f 71/4/1 43/4/1 35/4/1
f 71/4/1 19/4/1 11/4/1
f 71/4/1 11/4/1 7/4/1
f 71/4/1 31/4/1 19/4/1
f 71/4/1 35/4/1 31/4/1
f 71/4/1 61/4/1 43/4/1
f 71/4/1 62/4/1 61/4/1
f 72/4/1 62/4/1 71/4/1
f 73/6/1 63/6/1 62/6/1
f 73/4/1 62/4/1 72/4/1
f 74/6/1 63/6/1 73/6/1
f 75/3/1 64/3/1 63/3/1
f 75/6/1 63/6/1 74/6/1
f 76/3/1 64/3/1 75/3/1
f 77/4/1 69/4/1 68/4/1
f 78/4/1 69/4/1 77/4/1
f 79/4/1 74/4/1 73/4/1
f 79/4/1 73/4/1 72/4/1
f 80/6/1 76/6/1 75/6/1
f 80/4/1 74/4/1 79/4/1
f 80/6/1 75/6/1 74/6/1
f 81/6/1 76/6/1 80/6/1
f 82/3/1 64/3/1 76/3/1
f 82/6/1 76/6/1 81/6/1
f 83/3/1 64/3/1 82/3/1
f 84/4/1 77/4/1 68/4/1
f 85/4/1 77/4/1 84/4/1
f 86/4/1 81/4/1 80/4/1
f 87/6/1 82/6/1 81/6/1
f 87/4/1 81/4/1 86/4/1
f 87/6/1 83/6/1 82/6/1
f 88/6/1 83/6/1 87/6/1
f 89/3/1 64/3/1 83/3/1
f 89/6/1 83/6/1 88/6/1
f 90/3/1 64/3/1 89/3/1
f 91/4/1 84/4/1 68/4/1
f 92/4/1 84/4/1 91/4/1
f 93/4/1 88/4/1 87/4/1
f 94/6/1 89/6/1 88/6/1
f 94/4/1 88/4/1 93/4/1
f 94/6/1 90/6/1 89/6/1
f 95/6/1 90/6/1 94/6/1
f 96/3/1 64/3/1 90/3/1
f 96/6/1 90/6/1 95/6/1
f 97/3/1 64/3/1 96/3/1
f 98/4/1 91/4/1 68/4/1
f 99/4/1 91/4/1 98/4/1
f 100/4/1 95/4/1 94/4/1
f 101/6/1 96/6/1 95/6/1
f 101/4/1 95/4/1 100/4/1
f 101/6/1 97/6/1 96/6/1
f 102/6/1 97/6/1 101/6/1
f 103/3/1 64/3/1 97/3/1
f 103/6/1 97/6/1 102/6/1
f 104/3/1 64/3/1 103/3/1
f 105/4/1 98/4/1 68/4/1
f 106/4/1 98/4/1 105/4/1
f 107/4/1 102/4/1 101/4/1
f 108/6/1 103/6/1 102/6/1
f 108/4/1 102/4/1 107/4/1
f 108/6/1 104/6/1 103/6/1
f 109/6/1 104/6/1 108/6/1
f 110/3/1 64/3/1 104/3/1
f 110/6/1 104/6/1 109/6/1
f 111/3/1 64/3/1 110/3/1
f 112/4/1 105/4/1 68/4/1
f 113/4/1 105/4/1 112/4/1
f 114/4/1 109/4/1 108/4/1
f 115/6/1 110/6/1 109/6/1
f 115/4/1 109/4/1 114/4/1
f 115/6/1 111/6/1 110/6/1
f 116/6/1 111/6/1 115/6/1
f 117/3/1 64/3/1 111/3/1
f 117/6/1 111/6/1 116/6/1
f 118/3/1 64/3/1 117/3/1
f 119/4/1 112/4/1 68/4/1
f 120/4/1 112/4/1 119/4/1
f 121/4/1 116/4/1 115/4/1
f 122/6/1 117/6/1 116/6/1
f 122/4/1 116/4/1 121/4/1
f 122/6/1 118/6/1 117/6/1
f 123/6/1 118/6/1 122/6/1
f 124/3/1 64/3/1 118/3/1
f 124/6/1 118/6/1 123/6/1
f 125/3/1 64/3/1 124/3/1
f 126/4/1 119/4/1 68/4/1
f 127/4/1 119/4/1 126/4/1
f 128/4/1 123/4/1 122/4/1
f 129/6/1 124/6/1 123/6/1
f 129/4/1 123/4/1 128/4/1
f 129/6/1 125/6/1 124/6/1
f 130/6/1 125/6/1 129/6/1
f 131/3/1 64/3/1 125/3/1
f 131/6/1 125/6/1 130/6/1
f 132/3/1 64/3/1 131/3/1
f 133/4/1 126/4/1 68/4/1
f 134/4/1 126/4/1 133/4/1
f 135/4/1 130/4/1 129/4/1
f 136/6/1 131/6/1 130/6/1
f 136/4/1 130/4/1 135/4/1
f 136/6/1 132/6/1 131/6/1
f 137/6/1 132/6/1 136/6/1
f 138/3/1 64/3/1 132/3/1
f 138/6/1 132/6/1 137/6/1
f 139/3/1 64/3/1 138/3/1
f 140/4/1 133/4/1 68/4/1
f 141/4/1 133/4/1 140/4/1
f 142/4/1 137/4/1 136/4/1
f 143/6/1 138/6/1 137/6/1
f 143/4/1 137/4/1 142/4/1
f 143/6/1 139/6/1 138/6/1
f 144/6/1 139/6/1 143/6/1
f 145/3/1 64/3/1 139/3/1
f 145/6/1 139/6/1 144/6/1
f 146/3/1 64/3/1 145/3/1
f 147/4/1 140/4/1 68/4/1
f 148/4/1 140/4/1 147/4/1
f 149/4/1 144/4/1 143/4/1
f 150/6/1 145/6/1 144/6/1
f 150/4/1 144/4/1 149/4/1
f 150/6/1 146/6/1 145/6/1
f 151/6/1 146/6/1 150/6/1
f 152/3/1 64/3/1 146/3/1
f 152/6/1 146/6/1 151/6/1
f 153/3/1 64/3/1 152/3/1
f 154/4/1 147/4/1 68/4/1
f 155/4/1 147/4/1 154/4/1
f 156/4/1 151/4/1 150/4/1
f 157/6/1 152/6/1 151/6/1
f 157/4/1 151/4/1 156/4/1
f 157/6/1 153/6/1 152/6/1
f 158/6/1 153/6/1 157/6/1
f 159/3/1 64/3/1 153/3/1
f 159/6/1 153/6/1 158/6/1
f 160/6/1 65/6/1 64/6/1
f 160/3/1 64/3/1 159/3/1
f 161/3/1 66/3/1 65/3/1
f 161/6/1 65/6/1 160/6/1
f 162/6/1 68/6/1 67/6/1
f 162/3/1 66/3/1 161/3/1
f 162/6/1 67/6/1 66/6/1
f 163/6/1 68/6/1 162/6/1
f 164/4/1 154/4/1 68/4/1
f 164/6/1 68/6/1 163/6/1
f 165/4/1 154/4/1 164/4/1
f 166/4/1 154/4/1 165/4/1
f 167/4/1 158/4/1 157/4/1
f 168/6/1 161/6/1 160/6/1
f 168/4/1 158/4/1 167/4/1
f 168/6/1 159/6/1 158/6/1
f 168/6/1 160/6/1 159/6/1
f 168/6/1 162/6/1 161/6/1
f 168/6/1 163/6/1 162/6/1
f 169/4/1 164/4/1 163/4/1
f 169/6/1 163/6/1 168/6/1
f 169/4/1 165/4/1 164/4/1
f 170/4/1 165/4/1 169/4/1
f 171/4/1 165/4/1 170/4/1
f 172/4/1 169/4/1 168/4/1
f 172/4/1 170/4/1 169/4/1
f 173/4/1 170/4/1 172/4/1
f 179/6/1 175/6/1 174/6/1
f 180/6/1 175/6/1 179/6/1
f 183/6/1 177/6/1 176/6/1
f 184/6/1 177/6/1 183/6/1
f 187/6/1 181/6/1 180/6/1
f 187/6/1 179/6/1 178/6/1
f 187/6/1 180/6/1 179/6/1
f 188/6/1 181/6/1 187/6/1
f 191/6/1 185/6/1 184/6/1
f 191/6/1 184/6/1 183/6/1
f 191/6/1 183/6/1 182/6/1
f 192/6/1 185/6/1 191/6/1
f 195/6/1 189/6/1 188/6/1
f 195/6/1 188/6/1 187/6/1
f 195/6/1 187/6/1 186/6/1
f 196/6/1 189/6/1 195/6/1
f 197/6/1 189/6/1 196/6/1
f 198/6/1 189/6/1 197/6/1
f 201/6/1 193/6/1 192/6/1
f 201/6/1 192/6/1 191/6/1
f 201/6/1 191/6/1 190/6/1
f 202/6/1 193/6/1 201/6/1
f 203/6/1 193/6/1 202/6/1
f 204/6/1 193/6/1 203/6/1
f 207/6/1 195/6/1 194/6/1
f 207/6/1 196/6/1 195/6/1
f 208/6/1 196/6/1 207/6/1
f 209/6/1 196/6/1 208/6/1
f 210/6/1 199/6/1 198/6/1
f 210/6/1 198/6/1 197/6/1
f 211/6/1 199/6/1 210/6/1
f 212/6/1 199/6/1 211/6/1
f 215/6/1 202/6/1 201/6/1
f 215/6/1 201/6/1 200/6/1
f 216/6/1 202/6/1 215/6/1
f 217/6/1 202/6/1 216/6/1
f 218/6/1 205/6/1 204/6/1
f 218/6/1 204/6/1 203/6/1
f 219/6/1 205/6/1 218/6/1
f 220/6/1 205/6/1 219/6/1
f 222/6/1 208/6/1 207/6/1
f 222/6/1 207/6/1 206/6/1
f 223/6/1 208/6/1 222/6/1
f 224/6/1 213/6/1 212/6/1
f 224/6/1 212/6/1 211/6/1
f 225/6/1 213/6/1 224/6/1
f 226/6/1 216/6/1 215/6/1
f 226/6/1 215/6/1 214/6/1
f 227/6/1 216/6/1 226/6/1
f 228/6/1 221/6/1 220/6/1
f 228/6/1 220/6/1 219/6/1
f 229/6/1 221/6/1 228/6/1
f 230/6/1 222/6/1 206/6/1
f 231/6/1 222/6/1 230/6/1
f 232/6/1 213/6/1 225/6/1
f 233/6/1 213/6/1 232/6/1
f 234/6/1 226/6/1 214/6/1
f 235/6/1 226/6/1 234/6/1
f 236/6/1 221/6/1 229/6/1
f 237/6/1 221/6/1 236/6/1
f 238/6/1 222/6/1 231/6/1
f 239/6/1 222/6/1 238/6/1
f 240/6/1 232/6/1 225/6/1
f 241/6/1 232/6/1 240/6/1
f 242/6/1 226/6/1 235/6/1
f 243/6/1 226/6/1 242/6/1
f 244/6/1 236/6/1 229/6/1
f 245/6/1 236/6/1 244/6/1
f 246/6/1 222/6/1 239/6/1
f 247/6/1 222/6/1 246/6/1
f 250/6/1 240/6/1 225/6/1
f 251/6/1 240/6/1 250/6/1
f 252/6/1 226/6/1 243/6/1
f 253/6/1 226/6/1 252/6/1
f 256/6/1 244/6/1 229/6/1
f 257/6/1 244/6/1 256/6/1
f 258/6/1 248/6/1 247/6/1
f 261/6/1 250/6/1 249/6/1
f 262/6/1 250/6/1 261/6/1
f 263/6/1 254/6/1 253/6/1
f 266/6/1 256/6/1 255/6/1
f 267/6/1 256/6/1 266/6/1
f 268/6/1 259/6/1 258/6/1
f 268/6/1 258/6/1 247/6/1
f 269/6/1 259/6/1 268/6/1
f 270/6/1 259/6/1 269/6/1
f 271/6/1 261/6/1 260/6/1
f 272/6/1 264/6/1 263/6/1
f 272/6/1 263/6/1 253/6/1
f 273/6/1 264/6/1 272/6/1
f 274/6/1 264/6/1 273/6/1
f 275/6/1 266/6/1 265/6/1
f 276/6/1 271/6/1 270/6/1
f 276/6/1 270/6/1 269/6/1
f 277/6/1 271/6/1 276/6/1
f 278/6/1 271/6/1 277/6/1
f 279/6/1 261/6/1 271/6/1
f 279/6/1 271/6/1 278/6/1
f 280/6/1 275/6/1 274/6/1
f 280/6/1 274/6/1 273/6/1
f 281/6/1 275/6/1 280/6/1
f 282/6/1 275/6/1 281/6/1
f 283/6/1 266/6/1 275/6/1
f 283/6/1 275/6/1 282/6/1
f 284/6/1 278/6/1 277/6/1
f 285/6/1 278/6/1 284/6/1
f 286/6/1 282/6/1 281/6/1
f 287/6/1 282/6/1 286/6/1
f 290/4/1 289/4/1 288/4/1
f 291/4/1 289/4/1 290/4/1
f 305/5/1 293/5/1 292/5/1
f 306/5/1 293/5/1 305/5/1
f 309/5/1 297/5/1 296/5/1
f 310/5/1 297/5/1 309/5/1
f 313/5/1 299/5/1 298/5/1
f 314/5/1 299/5/1 313/5/1
f 317/5/1 303/5/1 302/5/1
f 318/5/1 303/5/1 317/5/1
f 321/5/1 307/5/1 306/5/1
f 321/5/1 305/5/1 304/5/1
f 321/5/1 306/5/1 305/5/1
f 322/5/1 311/5/1 310/5/1
f 322/5/1 309/5/1 308/5/1
f 322/5/1 310/5/1 309/5/1
f 325/5/1 315/5/1 314/5/1
f 325/5/1 313/5/1 312/5/1
f 325/5/1 314/5/1 313/5/1
f 326/5/1 319/5/1 318/5/1
f 326/5/1 318/5/1 317/5/1
f 326/5/1 317/5/1 316/5/1
f 328/5/1 321/5/1 320/5/1
f 329/5/1 307/5/1 321/5/1
f 329/5/1 321/5/1 328/5/1
f 330/5/1 307/5/1 329/5/1
f 331/5/1 295/5/1 294/5/1
f 332/5/1 295/5/1 331/5/1
f 333/5/1 323/5/1 322/5/1
f 333/5/1 322/5/1 308/5/1
f 334/5/1 323/5/1 333/5/1
f 335/5/1 323/5/1 334/5/1
f 336/5/1 325/5/1 324/5/1
f 337/5/1 315/5/1 325/5/1
f 337/5/1 325/5/1 336/5/1
f 338/5/1 315/5/1 337/5/1
f 339/5/1 301/5/1 300/5/1
f 340/5/1 301/5/1 339/5/1
f 341/5/1 327/5/1 326/5/1
f 341/5/1 326/5/1 316/5/1
f 342/5/1 327/5/1 341/5/1
f 343/5/1 327/5/1 342/5/1
f 344/5/1 330/5/1 329/5/1
f 344/5/1 331/5/1 330/5/1
f 345/5/1 331/5/1 344/5/1
f 346/5/1 331/5/1 345/5/1
f 347/5/1 334/5/1 333/5/1
f 347/5/1 333/5/1 332/5/1
f 348/5/1 334/5/1 347/5/1
f 349/5/1 334/5/1 348/5/1
f 350/5/1 338/5/1 337/5/1
f 350/5/1 339/5/1 338/5/1
f 351/5/1 339/5/1 350/5/1
f 352/5/1 339/5/1 351/5/1
f 353/5/1 342/5/1 341/5/1
f 353/5/1 341/5/1 340/5/1
f 354/5/1 342/5/1 353/5/1
f 355/5/1 342/5/1 354/5/1
f 357/5/1 348/5/1 347/5/1
f 357/5/1 346/5/1 345/5/1
f 357/5/1 347/5/1 346/5/1
f 358/5/1 348/5/1 357/5/1
f 359/5/1 348/5/1 358/5/1
f 360/5/1 348/5/1 359/5/1
f 363/5/1 352/5/1 351/5/1
f 363/5/1 354/5/1 353/5/1
f 363/5/1 353/5/1 352/5/1
f 364/5/1 354/5/1 363/5/1
f 365/5/1 354/5/1 364/5/1
f 366/5/1 354/5/1 365/5/1
f 368/5/1 357/5/1 356/5/1
f 369/5/1 357/5/1 368/5/1
f 370/5/1 359/5/1 358/5/1
f 371/5/1 359/5/1 370/5/1
f 372/5/1 361/5/1 360/5/1
f 373/5/1 361/5/1 372/5/1
f 374/5/1 363/5/1 362/5/1
f 375/5/1 363/5/1 374/5/1
f 376/5/1 365/5/1 364/5/1
f 377/5/1 365/5/1 376/5/1
f 378/5/1 367/5/1 366/5/1
f 379/5/1 367/5/1 378/5/1
f 381/5/1 371/5/1 370/5/1
f 381/5/1 370/5/1 369/5/1
f 381/5/1 372/5/1 371/5/1
f 382/5/1 372/5/1 381/5/1
f 383/5/1 372/5/1 382/5/1
f 384/5/1 372/5/1 383/5/1
f 387/5/1 376/5/1 375/5/1
f 387/5/1 377/5/1 376/5/1
f 387/5/1 378/5/1 377/5/1
f 388/5/1 378/5/1 387/5/1
f 389/5/1 378/5/1 388/5/1
f 390/5/1 378/5/1 389/5/1
f 393/5/1 381/5/1 380/5/1
f 393/5/1 382/5/1 381/5/1
f 394/5/1 382/5/1 393/5/1
f 395/5/1 382/5/1 394/5/1
f 396/5/1 385/5/1 384/5/1
f 396/5/1 384/5/1 383/5/1
f 397/5/1 385/5/1 396/5/1
f 398/5/1 385/5/1 397/5/1
f 401/5/1 388/5/1 387/5/1
f 401/5/1 387/5/1 386/5/1
f 402/5/1 388/5/1 401/5/1
f 403/5/1 388/5/1 402/5/1
f 404/5/1 391/5/1 390/5/1
f 404/5/1 390/5/1 389/5/1
f 405/5/1 391/5/1 404/5/1
f 406/5/1 391/5/1 405/5/1
f 408/5/1 394/5/1 393/5/1
f 408/5/1 393/5/1 392/5/1
f 409/5/1 394/5/1 408/5/1
f 410/5/1 399/5/1 398/5/1
f 410/5/1 398/5/1 397/5/1
f 411/5/1 399/5/1 410/5/1
f 412/5/1 402/5/1 401/5/1
f 412/5/1 401/5/1 400/5/1
f 413/5/1 402/5/1 412/5/1
f 414/5/1 407/5/1 406/5/1
f 414/5/1 406/5/1 405/5/1
f 415/5/1 407/5/1 414/5/1
f 416/5/1 394/5/1 409/5/1
f 417/5/1 394/5/1 416/5/1
f 418/5/1 394/5/1 417/5/1
f 419/5/1 394/5/1 418/5/1
f 420/5/1 410/5/1 397/5/1
f 421/5/1 410/5/1 420/5/1
f 422/5/1 410/5/1 421/5/1
f 423/5/1 410/5/1 422/5/1
f 424/5/1 402/5/1 413/5/1
f 425/5/1 402/5/1 424/5/1
f 426/5/1 402/5/1 425/5/1
f 427/5/1 402/5/1 426/5/1
f 428/5/1 414/5/1 405/5/1
f 429/5/1 414/5/1 428/5/1
f 430/5/1 414/5/1 429/5/1
f 431/5/1 414/5/1 430/5/1
f 432/5/1 418/5/1 417/5/1
f 433/5/1 418/5/1 432/5/1
f 434/5/1 396/5/1 395/5/1
f 435/5/1 396/5/1 434/5/1
f 436/5/1 422/5/1 421/5/1
f 437/5/1 422/5/1 436/5/1
f 438/5/1 426/5/1 425/5/1
f 439/5/1 426/5/1 438/5/1
f 440/5/1 404/5/1 403/5/1
f 441/5/1 404/5/1 440/5/1
f 442/5/1 430/5/1 429/5/1
f 443/5/1 430/5/1 442/5/1
f 448/4/1 445/4/1 444/4/1
f 449/4/1 445/4/1 448/4/1
f 450/4/1 445/4/1 449/4/1
f 451/4/1 445/4/1 450/4/1
f 452/4/1 447/4/1 446/4/1
f 453/4/1 447/4/1 452/4/1
f 454/4/1 447/4/1 453/4/1
f 455/4/1 447/4/1 454/4/1
f 456/4/1 450/4/1 449/4/1
f 457/4/1 450/4/1 456/4/1
f 458/4/1 450/4/1 457/4/1
f 459/4/1 450/4/1 458/4/1
f 460/4/1 454/4/1 453/4/1
f 461/4/1 454/4/1 460/4/1
f 462/4/1 454/4/1 461/4/1
f 463/4/1 454/4/1 462/4/1
f 464/4/1 458/4/1 457/4/1
f 465/4/1 458/4/1 464/4/1
f 466/4/1 462/4/1 461/4/1
f 467/4/1 462/4/1 466/4/1
f 473/6/1 469/6/1 468/6/1
f 474/6/1 469/6/1 473/6/1
f 477/6/1 471/6/1 470/6/1
f 478/6/1 471/6/1 477/6/1
f 481/6/1 475/6/1 474/6/1
f 481/6/1 473/6/1 472/6/1
f 481/6/1 474/6/1 473/6/1
f 482/6/1 475/6/1 481/6/1
f 485/6/1 479/6/1 478/6/1
f 485/6/1 478/6/1 477/6/1
f 485/6/1 477/6/1 476/6/1
f 486/6/1 479/6/1 485/6/1
f 489/6/1 483/6/1 482/6/1
f 489/6/1 482/6/1 481/6/1
f 489/6/1 481/6/1 480/6/1
f 490/6/1 483/6/1 489/6/1
f 491/6/1 483/6/1 490/6/1
f 492/6/1 483/6/1 491/6/1
f 495/6/1 487/6/1 486/6/1
f 495/6/1 486/6/1 485/6/1
f 495/6/1 485/6/1 484/6/1
f 496/6/1 487/6/1 495/6/1
f 497/6/1 487/6/1 496/6/1
f 498/6/1 487/6/1 497/6/1
f 501/6/1 489/6/1 488/6/1
f 501/6/1 490/6/1 489/6/1
f 502/6/1 490/6/1 501/6/1
f 503/6/1 490/6/1 502/6/1
f 504/6/1 493/6/1 492/6/1
f 504/6/1 492/6/1 491/6/1
f 505/6/1 493/6/1 504/6/1
f 506/6/1 493/6/1 505/6/1
f 509/6/1 496/6/1 495/6/1
f 509/6/1 495/6/1 494/6/1
f 510/6/1 496/6/1 509/6/1
f 511/6/1 496/6/1 510/6/1
f 512/6/1 499/6/1 498/6/1
f 512/6/1 498/6/1 497/6/1
f 513/6/1 499/6/1 512/6/1
f 514/6/1 499/6/1 513/6/1
f 516/6/1 502/6/1 501/6/1
f 516/6/1 501/6/1 500/6/1
f 517/6/1 502/6/1 516/6/1
f 518/6/1 507/6/1 506/6/1
f 518/6/1 506/6/1 505/6/1
f 519/6/1 507/6/1 518/6/1
f 520/6/1 510/6/1 509/6/1
f 520/6/1 509/6/1 508/6/1
f 521/6/1 510/6/1 520/6/1
f 522/6/1 515/6/1 514/6/1
f 522/6/1 514/6/1 513/6/1
f 523/6/1 515/6/1 522/6/1
f 524/6/1 516/6/1 500/6/1
f 525/6/1 516/6/1 524/6/1
f 526/6/1 507/6/1 519/6/1
f 527/6/1 507/6/1 526/6/1
f 528/6/1 520/6/1 508/6/1
f 529/6/1 520/6/1 528/6/1
f 530/6/1 515/6/1 523/6/1
f 531/6/1 515/6/1 530/6/1
f 545/5/1 533/5/1 532/5/1
f 546/5/1 533/5/1 545/5/1
f 549/5/1 537/5/1 536/5/1
f 550/5/1 537/5/1 549/5/1
f 553/5/1 539/5/1 538/5/1
f 554/5/1 539/5/1 553/5/1
f 557/5/1 543/5/1 542/5/1
f 558/5/1 543/5/1 557/5/1
f 561/5/1 547/5/1 546/5/1
f 561/5/1 545/5/1 544/5/1
f 561/5/1 546/5/1 545/5/1
f 562/5/1 551/5/1 550/5/1
f 562/5/1 549/5/1 548/5/1
f 562/5/1 550/5/1 549/5/1
f 565/5/1 555/5/1 554/5/1
f 565/5/1 553/5/1 552/5/1
f 565/5/1 554/5/1 553/5/1
f 566/5/1 559/5/1 558/5/1
f 566/5/1 558/5/1 557/5/1
f 566/5/1 557/5/1 556/5/1
f 568/5/1 561/5/1 560/5/1
f 569/5/1 547/5/1 561/5/1
f 569/5/1 561/5/1 568/5/1
f 570/5/1 547/5/1 569/5/1
f 571/5/1 535/5/1 534/5/1
f 572/5/1 535/5/1 571/5/1
f 573/5/1 563/5/1 562/5/1
f 573/5/1 562/5/1 548/5/1
f 574/5/1 563/5/1 573/5/1
f 575/5/1 563/5/1 574/5/1
f 576/5/1 565/5/1 564/5/1
f 577/5/1 555/5/1 565/5/1
f 577/5/1 565/5/1 576/5/1
f 578/5/1 555/5/1 577/5/1
f 579/5/1 541/5/1 540/5/1
f 580/5/1 541/5/1 579/5/1
f 581/5/1 567/5/1 566/5/1
f 581/5/1 566/5/1 556/5/1
f 582/5/1 567/5/1 581/5/1
f 583/5/1 567/5/1 582/5/1
f 584/5/1 570/5/1 569/5/1
f 584/5/1 571/5/1 570/5/1
f 585/5/1 571/5/1 584/5/1
f 586/5/1 571/5/1 585/5/1
f 587/5/1 574/5/1 573/5/1
f 587/5/1 573/5/1 572/5/1
f 588/5/1 574/5/1 587/5/1
f 589/5/1 574/5/1 588/5/1
f 590/5/1 578/5/1 577/5/1
f 590/5/1 579/5/1 578/5/1
f 591/5/1 579/5/1 590/5/1
f 592/5/1 579/5/1 591/5/1
f 593/5/1 582/5/1 581/5/1
f 593/5/1 581/5/1 580/5/1
f 594/5/1 582/5/1 593/5/1
f 595/5/1 582/5/1 594/5/1
f 597/5/1 588/5/1 587/5/1
f 597/5/1 586/5/1 585/5/1
f 597/5/1 587/5/1 586/5/1
f 598/5/1 588/5/1 597/5/1
f 599/5/1 588/5/1 598/5/1
f 600/5/1 588/5/1 599/5/1
f 603/5/1 592/5/1 591/5/1
f 603/5/1 594/5/1 593/5/1
f 603/5/1 593/5/1 592/5/1
f 604/5/1 594/5/1 603/5/1
f 605/5/1 594/5/1 604/5/1
f 606/5/1 594/5/1 605/5/1
f 608/5/1 597/5/1 596/5/1
f 609/5/1 597/5/1 608/5/1
f 610/5/1 599/5/1 598/5/1
f 611/5/1 599/5/1 610/5/1
f 612/5/1 601/5/1 600/5/1
f 613/5/1 601/5/1 612/5/1
f 614/5/1 603/5/1 602/5/1
f 615/5/1 603/5/1 614/5/1
f 616/5/1 605/5/1 604/5/1
f 617/5/1 605/5/1 616/5/1
f 618/5/1 607/5/1 606/5/1
f 619/5/1 607/5/1 618/5/1
f 621/5/1 611/5/1 610/5/1
f 621/5/1 610/5/1 609/5/1
f 621/5/1 612/5/1 611/5/1
f 622/5/1 612/5/1 621/5/1
f 623/5/1 612/5/1 622/5/1
f 624/5/1 612/5/1 623/5/1
f 627/5/1 616/5/1 615/5/1
f 627/5/1 617/5/1 616/5/1
f 627/5/1 618/5/1 617/5/1
f 628/5/1 618/5/1 627/5/1
f 629/5/1 618/5/1 628/5/1
f 630/5/1 618/5/1 629/5/1
f 633/5/1 621/5/1 620/5/1
f 633/5/1 622/5/1 621/5/1
f 634/5/1 622/5/1 633/5/1
f 635/5/1 622/5/1 634/5/1
f 636/5/1 625/5/1 624/5/1
f 636/5/1 624/5/1 623/5/1
f 637/5/1 625/5/1 636/5/1
f 638/5/1 625/5/1 637/5/1
f 641/5/1 628/5/1 627/5/1
f 641/5/1 627/5/1 626/5/1
f 642/5/1 628/5/1 641/5/1
f 643/5/1 628/5/1 642/5/1
f 644/5/1 631/5/1 630/5/1
f 644/5/1 630/5/1 629/5/1
f 645/5/1 631/5/1 644/5/1
f 646/5/1 631/5/1 645/5/1
f 648/5/1 634/5/1 633/5/1
f 648/5/1 633/5/1 632/5/1
f 649/5/1 634/5/1 648/5/1
f 650/5/1 639/5/1 638/5/1
f 650/5/1 638/5/1 637/5/1
f 651/5/1 639/5/1 650/5/1
f 652/5/1 642/5/1 641/5/1
f 652/5/1 641/5/1 640/5/1
f 653/5/1 642/5/1 652/5/1
f 654/5/1 647/5/1 646/5/1
f 654/5/1 646/5/1 645/5/1
f 655/5/1 647/5/1 654/5/1
f 656/5/1 634/5/1 649/5/1
f 657/5/1 634/5/1 656/5/1
f 658/5/1 634/5/1 657/5/1
f 659/5/1 634/5/1 658/5/1
f 660/5/1 650/5/1 637/5/1
f 661/5/1 650/5/1 660/5/1
f 662/5/1 650/5/1 661/5/1
f 663/5/1 650/5/1 662/5/1
f 664/5/1 642/5/1 653/5/1
f 665/5/1 642/5/1 664/5/1
f 666/5/1 642/5/1 665/5/1
f 667/5/1 642/5/1 666/5/1
f 668/5/1 654/5/1 645/5/1
f 669/5/1 654/5/1 668/5/1
f 670/5/1 654/5/1 669/5/1
f 671/5/1 654/5/1 670/5/1
f 672/5/1 658/5/1 657/5/1
f 673/5/1 658/5/1 672/5/1
f 674/5/1 636/5/1 635/5/1
f 675/5/1 636/5/1 674/5/1
f 676/5/1 662/5/1 661/5/1
f 677/5/1 662/5/1 676/5/1
f 678/5/1 666/5/1 665/5/1
f 679/5/1 666/5/1 678/5/1
f 680/5/1 644/5/1 643/5/1
f 681/5/1 644/5/1 680/5/1
f 682/5/1 670/5/1 669/5/1
f 683/5/1 670/5/1 682/5/1
f 686/4/1 685/4/1 684/4/1
f 687/4/1 685/4/1 686/4/1
f 688/5/2 689/5/2 701/5/2
f 701/5/2 689/5/2 702/5/2
f 692/5/2 693/5/2 705/5/2
f 705/5/2 693/5/2 706/5/2
f 694/5/2 695/5/2 709/5/2
f 709/5/2 695/5/2 710/5/2
f 698/5/2 699/5/2 713/5/2
f 713/5/2 699/5/2 714/5/2
f 702/5/2 703/5/2 717/5/2
f 700/5/2 701/5/2 717/5/2
f 701/5/2 702/5/2 717/5/2
f 706/5/2 707/5/2 718/5/2
f 704/5/2 705/5/2 718/5/2
f 705/5/2 706/5/2 718/5/2
f 710/5/2 711/5/2 721/5/2
f 708/5/2 709/5/2 721/5/2
f 709/5/2 710/5/2 721/5/2
f 714/5/2 715/5/2 722/5/2
f 713/5/2 714/5/2 722/5/2
f 712/5/2 713/5/2 722/5/2
f 716/5/2 717/5/2 724/5/2
f 717/5/2 703/5/2 725/5/2
f 724/5/2 717/5/2 725/5/2
f 725/5/2 703/5/2 726/5/2
f 690/5/2 691/5/2 727/5/2
f 727/5/2 691/5/2 728/5/2
f 718/5/2 719/5/2 729/5/2
f 704/5/2 718/5/2 729/5/2
f 729/5/2 719/5/2 730/5/2
f 730/5/2 719/5/2 731/5/2
f 720/5/2 721/5/2 732/5/2
f 721/5/2 711/5/2 733/5/2
f 732/5/2 721/5/2 733/5/2
f 733/5/2 711/5/2 734/5/2
f 696/5/2 697/5/2 735/5/2
f 735/5/2 697/5/2 736/5/2
f 722/5/2 723/5/2 737/5/2
f 712/5/2 722/5/2 737/5/2
f 737/5/2 723/5/2 738/5/2
f 738/5/2 723/5/2 739/5/2
f 725/5/2 726/5/2 740/5/2
f 726/5/2 727/5/2 740/5/2
f 740/5/2 727/5/2 741/5/2
f 741/5/2 727/5/2 742/5/2
f 729/5/2 730/5/2 743/5/2
f 728/5/2 729/5/2 743/5/2
f 743/5/2 730/5/2 744/5/2
f 744/5/2 730/5/2 745/5/2
f 733/5/2 734/5/2 746/5/2
f 734/5/2 735/5/2 746/5/2
f 746/5/2 735/5/2 747/5/2
f 747/5/2 735/5/2 748/5/2
f 737/5/2 738/5/2 749/5/2
f 736/5/2 737/5/2 749/5/2
f 749/5/2 738/5/2 750/5/2
f 750/5/2 738/5/2 751/5/2
f 743/5/2 744/5/2 753/5/2
f 741/5/2 742/5/2 753/5/2
f 742/5/2 743/5/2 753/5/2
f 753/5/2 744/5/2 754/5/2
f 754/5/2 744/5/2 755/5/2
f 755/5/2 744/5/2 756/5/2
f 747/5/2 748/5/2 759/5/2
f 749/5/2 750/5/2 759/5/2
f 748/5/2 749/5/2 759/5/2
f 759/5/2 750/5/2 760/5/2
f 760/5/2 750/5/2 761/5/2
f 761/5/2 750/5/2 762/5/2
f 752/5/2 753/5/2 764/5/2
f 764/5/2 753/5/2 765/5/2
f 754/5/2 755/5/2 766/5/2
f 766/5/2 755/5/2 767/5/2
f 756/5/2 757/5/2 768/5/2
f 768/5/2 757/5/2 769/5/2
f 758/5/2 759/5/2 770/5/2
f 770/5/2 759/5/2 771/5/2
f 760/5/2 761/5/2 772/5/2
f 772/5/2 761/5/2 773/5/2
f 762/5/2 763/5/2 774/5/2
f 774/5/2 763/5/2 775/5/2
f 766/5/2 767/5/2 777/5/2
f 765/5/2 766/5/2 777/5/2
f 767/5/2 768/5/2 777/5/2
f 777/5/2 768/5/2 778/5/2
f 778/5/2 768/5/2 779/5/2
f 779/5/2 768/5/2 780/5/2
f 771/5/2 772/5/2 783/5/2
f 772/5/2 773/5/2 783/5/2
f 773/5/2 774/5/2 783/5/2
f 783/5/2 774/5/2 784/5/2
f 784/5/2 774/5/2 785/5/2
f 785/5/2 774/5/2 786/5/2
f 776/5/2 777/5/2 789/5/2
f 777/5/2 778/5/2 789/5/2
f 789/5/2 778/5/2 790/5/2
f 790/5/2 778/5/2 791/5/2
f 780/5/2 781/5/2 792/5/2
f 779/5/2 780/5/2 792/5/2
f 792/5/2 781/5/2 793/5/2
f 793/5/2 781/5/2 794/5/2
f 783/5/2 784/5/2 797/5/2
f 782/5/2 783/5/2 797/5/2
f 797/5/2 784/5/2 798/5/2
f 798/5/2 784/5/2 799/5/2
f 786/5/2 787/5/2 800/5/2
f 785/5/2 786/5/2 800/5/2
f 800/5/2 787/5/2 801/5/2
f 801/5/2 787/5/2 802/5/2
f 789/5/2 790/5/2 804/5/2
f 788/5/2 789/5/2 804/5/2
f 804/5/2 790/5/2 805/5/2
f 794/5/2 795/5/2 806/5/2
f 793/5/2 794/5/2 806/5/2
f 806/5/2 795/5/2 807/5/2
f 797/5/2 798/5/2 808/5/2
f 796/5/2 797/5/2 808/5/2
f 808/5/2 798/5/2 809/5/2
f 802/5/2 803/5/2 810/5/2
f 801/5/2 802/5/2 810/5/2
f 810/5/2 803/5/2 811/5/2
f 805/5/2 790/5/2 812/5/2
f 812/5/2 790/5/2 813/5/2
f 813/5/2 790/5/2 814/5/2
f 814/5/2 790/5/2 815/5/2
f 793/5/2 806/5/2 816/5/2
f 816/5/2 806/5/2 817/5/2
f 817/5/2 806/5/2 818/5/2
f 818/5/2 806/5/2 819/5/2
f 809/5/2 798/5/2 820/5/2
f 820/5/2 798/5/2 821/5/2
f 821/5/2 798/5/2 822/5/2
f 822/5/2 798/5/2 823/5/2
f 801/5/2 810/5/2 824/5/2
f 824/5/2 810/5/2 825/5/2
f 825/5/2 810/5/2 826/5/2
f 826/5/2 810/5/2 827/5/2
f 813/5/2 814/5/2 828/5/2
f 828/5/2 814/5/2 829/5/2
f 791/5/2 792/5/2 830/5/2
f 830/5/2 792/5/2 831/5/2
f 817/5/2 818/5/2 832/5/2
f 832/5/2 818/5/2 833/5/2
f 821/5/2 822/5/2 834/5/2
f 834/5/2 822/5/2 835/5/2
f 799/5/2 800/5/2 836/5/2
f 836/5/2 800/5/2 837/5/2
f 825/5/2 826/5/2 838/5/2
f 838/5/2 826/5/2 839/5/2
f 840/6/2 841/6/2 845/6/2
f 845/6/2 841/6/2 846/6/2
f 842/6/2 843/6/2 849/6/2
f 849/6/2 843/6/2 850/6/2
f 846/6/2 847/6/2 853/6/2
f 844/6/2 845/6/2 853/6/2
f 845/6/2 846/6/2 853/6/2
f 853/6/2 847/6/2 854/6/2
f 850/6/2 851/6/2 857/6/2
f 849/6/2 850/6/2 857/6/2
f 848/6/2 849/6/2 857/6/2
f 857/6/2 851/6/2 858/6/2
f 854/6/2 855/6/2 861/6/2
f 853/6/2 854/6/2 861/6/2
f 852/6/2 853/6/2 861/6/2
f 861/6/2 855/6/2 862/6/2
f 862/6/2 855/6/2 863/6/2
f 863/6/2 855/6/2 864/6/2
f 858/6/2 859/6/2 867/6/2
f 857/6/2 858/6/2 867/6/2
f 856/6/2 857/6/2 867/6/2
f 867/6/2 859/6/2 868/6/2
f 868/6/2 859/6/2 869/6/2
f 869/6/2 859/6/2 870/6/2
f 860/6/2 861/6/2 873/6/2
f 861/6/2 862/6/2 873/6/2
f 873/6/2 862/6/2 874/6/2
f 874/6/2 862/6/2 875/6/2
f 864/6/2 865/6/2 876/6/2
f 863/6/2 864/6/2 876/6/2
f 876/6/2 865/6/2 877/6/2
f 877/6/2 865/6/2 878/6/2
f 867/6/2 868/6/2 881/6/2
f 866/6/2 867/6/2 881/6/2
f 881/6/2 868/6/2 882/6/2
f 882/6/2 868/6/2 883/6/2
f 870/6/2 871/6/2 884/6/2
f 869/6/2 870/6/2 884/6/2
f 884/6/2 871/6/2 885/6/2
f 885/6/2 871/6/2 886/6/2
f 873/6/2 874/6/2 888/6/2
f 872/6/2 873/6/2 888/6/2
f 888/6/2 874/6/2 889/6/2
f 878/6/2 879/6/2 890/6/2
f 877/6/2 878/6/2 890/6/2
f 890/6/2 879/6/2 891/6/2
f 881/6/2 882/6/2 892/6/2
f 880/6/2 881/6/2 892/6/2
f 892/6/2 882/6/2 893/6/2
f 886/6/2 887/6/2 894/6/2
f 885/6/2 886/6/2 894/6/2
f 894/6/2 887/6/2 895/6/2
f 872/6/2 888/6/2 896/6/2
f 896/6/2 888/6/2 897/6/2
f 891/6/2 879/6/2 898/6/2
f 898/6/2 879/6/2 899/6/2
f 880/6/2 892/6/2 900/6/2
f 900/6/2 892/6/2 901/6/2
f 895/6/2 887/6/2 902/6/2
f 902/6/2 887/6/2 903/6/2
f 904/4/2 905/4/2 908/4/2
f 908/4/2 905/4/2 909/4/2
f 909/4/2 905/4/2 910/4/2
f 910/4/2 905/4/2 911/4/2
f 906/4/2 907/4/2 912/4/2
f 912/4/2 907/4/2 913/4/2
f 913/4/2 907/4/2 914/4/2
f 914/4/2 907/4/2 915/4/2
f 909/4/2 910/4/2 916/4/2
f 916/4/2 910/4/2 917/4/2
f 917/4/2 910/4/2 918/4/2
f 918/4/2 910/4/2 919/4/2
f 913/4/2 914/4/2 920/4/2
f 920/4/2 914/4/2 921/4/2
f 921/4/2 914/4/2 922/4/2
f 922/4/2 914/4/2 923/4/2
f 917/4/2 918/4/2 924/4/2
f 924/4/2 918/4/2 925/4/2
f 921/4/2 922/4/2 926/4/2
f 926/4/2 922/4/2 927/4/2
f 928/5/2 929/5/2 941/5/2
f 941/5/2 929/5/2 942/5/2
f 932/5/2 933/5/2 945/5/2
f 945/5/2 933/5/2 946/5/2
f 934/5/2 935/5/2 949/5/2
f 949/5/2 935/5/2 950/5/2
f 938/5/2 939/5/2 953/5/2
f 953/5/2 939/5/2 954/5/2
f 942/5/2 943/5/2 957/5/2
f 940/5/2 941/5/2 957/5/2
f 941/5/2 942/5/2 957/5/2
f 946/5/2 947/5/2 958/5/2
f 944/5/2 945/5/2 958/5/2
f 945/5/2 946/5/2 958/5/2
f 950/5/2 951/5/2 961/5/2
f 948/5/2 949/5/2 961/5/2
f 949/5/2 950/5/2 961/5/2
f 954/5/2 955/5/2 962/5/2
f 953/5/2 954/5/2 962/5/2
f 952/5/2 953/5/2 962/5/2
f 956/5/2 957/5/2 964/5/2
f 957/5/2 943/5/2 965/5/2
f 964/5/2 957/5/2 965/5/2
f 965/5/2 943/5/2 966/5/2
f 930/5/2 931/5/2 967/5/2
f 967/5/2 931/5/2 968/5/2
f 958/5/2 959/5/2 969/5/2
f 944/5/2 958/5/2 969/5/2
f 969/5/2 959/5/2 970/5/2
f 970/5/2 959/5/2 971/5/2
f 960/5/2 961/5/2 972/5/2
f 961/5/2 951/5/2 973/5/2
f 972/5/2 961/5/2 973/5/2
f 973/5/2 951/5/2 974/5/2
f 936/5/2 937/5/2 975/5/2
f 975/5/2 937/5/2 976/5/2
f 962/5/2 963/5/2 977/5/2
f 952/5/2 962/5/2 977/5/2
f 977/5/2 963/5/2 978/5/2
f 978/5/2 963/5/2 979/5/2
f 965/5/2 966/5/2 980/5/2
f 966/5/2 967/5/2 980/5/2
f 980/5/2 967/5/2 981/5/2
f 981/5/2 967/5/2 982/5/2
f 969/5/2 970/5/2 983/5/2
f 968/5/2 969/5/2 983/5/2
f 983/5/2 970/5/2 984/5/2
f 984/5/2 970/5/2 985/5/2
f 973/5/2 974/5/2 986/5/2
f 974/5/2 975/5/2 986/5/2
f 986/5/2 975/5/2 987/5/2
f 987/5/2 975/5/2 988/5/2
f 977/5/2 978/5/2 989/5/2
f 976/5/2 977/5/2 989/5/2
f 989/5/2 978/5/2 990/5/2
f 990/5/2 978/5/2 991/5/2
f 983/5/2 984/5/2 993/5/2
f 981/5/2 982/5/2 993/5/2
f 982/5/2 983/5/2 993/5/2
f 993/5/2 984/5/2 994/5/2
f 994/5/2 984/5/2 995/5/2
f 995/5/2 984/5/2 996/5/2
f 987/5/2 988/5/2 999/5/2
f 989/5/2 990/5/2 999/5/2
f 988/5/2 989/5/2 999/5/2
f 999/5/2 990/5/2 1000/5/2
f 1000/5/2 990/5/2 1001/5/2
f 1001/5/2 990/5/2 1002/5/2
f 992/5/2 993/5/2 1004/5/2
f 1004/5/2 993/5/2 1005/5/2
f 994/5/2 995/5/2 1006/5/2
f 1006/5/2 995/5/2 1007/5/2
f 996/5/2 997/5/2 1008/5/2
f 1008/5/2 997/5/2 1009/5/2
f 998/5/2 999/5/2 1010/5/2
f 1010/5/2 999/5/2 1011/5/2
f 1000/5/2 1001/5/2 1012/5/2
f 1012/5/2 1001/5/2 1013/5/2
f 1002/5/2 1003/5/2 1014/5/2
f 1014/5/2 1003/5/2 1015/5/2
f 1006/5/2 1007/5/2 1017/5/2
f 1005/5/2 1006/5/2 1017/5/2
f 1007/5/2 1008/5/2 1017/5/2
f 1017/5/2 1008/5/2 1018/5/2
f 1018/5/2 1008/5/2 1019/5/2
f 1019/5/2 1008/5/2 1020/5/2
f 1011/5/2 1012/5/2 1023/5/2
f 1012/5/2 1013/5/2 1023/5/2
f 1013/5/2 1014/5/2 1023/5/2
f 1023/5/2 1014/5/2 1024/5/2
f 1024/5/2 1014/5/2 1025/5/2
f 1025/5/2 1014/5/2 1026/5/2
f 1016/5/2 1017/5/2 1029/5/2
f 1017/5/2 1018/5/2 1029/5/2
f 1029/5/2 1018/5/2 1030/5/2
f 1030/5/2 1018/5/2 1031/5/2
f 1020/5/2 1021/5/2 1032/5/2
f 1019/5/2 1020/5/2 1032/5/2
f 1032/5/2 1021/5/2 1033/5/2
f 1033/5/2 1021/5/2 1034/5/2
f 1023/5/2 1024/5/2 1037/5/2
f 1022/5/2 1023/5/2 1037/5/2
f 1037/5/2 1024/5/2 1038/5/2
f 1038/5/2 1024/5/2 1039/5/2
f 1026/5/2 1027/5/2 1040/5/2
f 1025/5/2 1026/5/2 1040/5/2
f 1040/5/2 1027/5/2 1041/5/2
f 1041/5/2 1027/5/2 1042/5/2
f 1029/5/2 1030/5/2 1044/5/2
f 1028/5/2 1029/5/2 1044/5/2
f 1044/5/2 1030/5/2 1045/5/2
f 1034/5/2 1035/5/2 1046/5/2
f 1033/5/2 1034/5/2 1046/5/2
f 1046/5/2 1035/5/2 1047/5/2
f 1037/5/2 1038/5/2 1048/5/2
f 1036/5/2 1037/5/2 1048/5/2
f 1048/5/2 1038/5/2 1049/5/2
f 1042/5/2 1043/5/2 1050/5/2
f 1041/5/2 1042/5/2 1050/5/2
f 1050/5/2 1043/5/2 1051/5/2
f 1045/5/2 1030/5/2 1052/5/2
f 1052/5/2 1030/5/2 1053/5/2
f 1053/5/2 1030/5/2 1054/5/2
f 1054/5/2 1030/5/2 1055/5/2
f 1033/5/2 1046/5/2 1056/5/2
f 1056/5/2 1046/5/2 1057/5/2
f 1057/5/2 1046/5/2 1058/5/2
f 1058/5/2 1046/5/2 1059/5/2
f 1049/5/2 1038/5/2 1060/5/2
f 1060/5/2 1038/5/2 1061/5/2
f 1061/5/2 1038/5/2 1062/5/2
f 1062/5/2 1038/5/2 1063/5/2
f 1041/5/2 1050/5/2 1064/5/2
f 1064/5/2 1050/5/2 1065/5/2
f 1065/5/2 1050/5/2 1066/5/2
f 1066/5/2 1050/5/2 1067/5/2
f 1053/5/2 1054/5/2 1068/5/2
f 1068/5/2 1054/5/2 1069/5/2
f 1031/5/2 1032/5/2 1070/5/2
f 1070/5/2 1032/5/2 1071/5/2
f 1057/5/2 1058/5/2 1072/5/2
f 1072/5/2 1058/5/2 1073/5/2
f 1061/5/2 1062/5/2 1074/5/2
f 1074/5/2 1062/5/2 1075/5/2
f 1039/5/2 1040/5/2 1076/5/2
f 1076/5/2 1040/5/2 1077/5/2
f 1065/5/2 1066/5/2 1078/5/2
f 1078/5/2 1066/5/2 1079/5/2
f 1080/6/2 1081/6/2 1085/6/2
f 1085/6/2 1081/6/2 1086/6/2
f 1082/6/2 1083/6/2 1089/6/2
f 1089/6/2 1083/6/2 1090/6/2
f 1086/6/2 1087/6/2 1093/6/2
f 1084/6/2 1085/6/2 1093/6/2
f 1085/6/2 1086/6/2 1093/6/2
f 1093/6/2 1087/6/2 1094/6/2
f 1090/6/2 1091/6/2 1097/6/2
f 1089/6/2 1090/6/2 1097/6/2
f 1088/6/2 1089/6/2 1097/6/2
f 1097/6/2 1091/6/2 1098/6/2
f 1094/6/2 1095/6/2 1101/6/2
f 1093/6/2 1094/6/2 1101/6/2
f 1092/6/2 1093/6/2 1101/6/2
f 1101/6/2 1095/6/2 1102/6/2
f 1102/6/2 1095/6/2 1103/6/2
f 1103/6/2 1095/6/2 1104/6/2
f 1098/6/2 1099/6/2 1107/6/2
f 1097/6/2 1098/6/2 1107/6/2
f 1096/6/2 1097/6/2 1107/6/2
f 1107/6/2 1099/6/2 1108/6/2
f 1108/6/2 1099/6/2 1109/6/2
f 1109/6/2 1099/6/2 1110/6/2
f 1100/6/2 1101/6/2 1113/6/2
f 1101/6/2 1102/6/2 1113/6/2
f 1113/6/2 1102/6/2 1114/6/2
f 1114/6/2 1102/6/2 1115/6/2
f 1104/6/2 1105/6/2 1116/6/2
f 1103/6/2 1104/6/2 1116/6/2
f 1116/6/2 1105/6/2 1117/6/2
f 1117/6/2 1105/6/2 1118/6/2
f 1107/6/2 1108/6/2 1121/6/2
f 1106/6/2 1107/6/2 1121/6/2
f 1121/6/2 1108/6/2 1122/6/2
f 1122/6/2 1108/6/2 1123/6/2
f 1110/6/2 1111/6/2 1124/6/2
f 1109/6/2 1110/6/2 1124/6/2
f 1124/6/2 1111/6/2 1125/6/2
f 1125/6/2 1111/6/2 1126/6/2
f 1113/6/2 1114/6/2 1128/6/2
f 1112/6/2 1113/6/2 1128/6/2
f 1128/6/2 1114/6/2 1129/6/2
f 1118/6/2 1119/6/2 1130/6/2
f 1117/6/2 1118/6/2 1130/6/2
f 1130/6/2 1119/6/2 1131/6/2
f 1121/6/2 1122/6/2 1132/6/2
f 1120/6/2 1121/6/2 1132/6/2
f 1132/6/2 1122/6/2 1133/6/2
f 1126/6/2 1127/6/2 1134/6/2
f 1125/6/2 1126/6/2 1134/6/2
f 1134/6/2 1127/6/2 1135/6/2
f 1112/6/2 1128/6/2 1136/6/2
f 1136/6/2 1128/6/2 1137/6/2
f 1131/6/2 1119/6/2 1138/6/2
f 1138/6/2 1119/6/2 1139/6/2
f 1120/6/2 1132/6/2 1140/6/2
f 1140/6/2 1132/6/2 1141/6/2
f 1135/6/2 1127/6/2 1142/6/2
f 1142/6/2 1127/6/2 1143/6/2
f 1137/6/2 1128/6/2 1144/6/2
f 1144/6/2 1128/6/2 1145/6/2
f 1141/6/2 1132/6/2 1146/6/2
f 1146/6/2 1132/6/2 1147/6/2
f 1135/6/2 1142/6/2 1148/6/2
f 1148/6/2 1142/6/2 1149/6/2
f 1145/6/2 1128/6/2 1150/6/2
f 1150/6/2 1128/6/2 1151/6/2
f 1147/6/2 1132/6/2 1153/6/2
f 1153/6/2 1132/6/2 1154/6/2
f 1135/6/2 1148/6/2 1157/6/2
f 1157/6/2 1148/6/2 1158/6/2
f 1151/6/2 1152/6/2 1159/6/2
f 1154/6/2 1155/6/2 1163/6/2
f 1156/6/2 1157/6/2 1166/6/2
f 1166/6/2 1157/6/2 1167/6/2
f 1151/6/2 1159/6/2 1168/6/2
f 1159/6/2 1160/6/2 1168/6/2
f 1168/6/2 1160/6/2 1169/6/2
f 1169/6/2 1160/6/2 1170/6/2
f 1161/6/2 1162/6/2 1171/6/2
f 1163/6/2 1164/6/2 1172/6/2
f 1154/6/2 1163/6/2 1172/6/2
f 1172/6/2 1164/6/2 1173/6/2
f 1173/6/2 1164/6/2 1174/6/2
f 1165/6/2 1166/6/2 1175/6/2
f 1169/6/2 1170/6/2 1176/6/2
f 1170/6/2 1171/6/2 1176/6/2
f 1176/6/2 1171/6/2 1177/6/2
f 1177/6/2 1171/6/2 1178/6/2
f 1171/6/2 1162/6/2 1179/6/2
f 1178/6/2 1171/6/2 1179/6/2
f 1174/6/2 1175/6/2 1180/6/2
f 1173/6/2 1174/6/2 1180/6/2
f 1180/6/2 1175/6/2 1181/6/2
f 1181/6/2 1175/6/2 1182/6/2
f 1175/6/2 1166/6/2 1183/6/2
f 1182/6/2 1175/6/2 1183/6/2
f 1177/6/2 1178/6/2 1184/6/2
f 1184/6/2 1178/6/2 1185/6/2
f 1181/6/2 1182/6/2 1186/6/2
f 1186/6/2 1182/6/2 1187/6/2
f 1188/4/2 1189/4/2 1195/4/2
f 1195/4/2 1189/4/2 1196/4/2
f 1190/4/2 1191/4/2 1197/4/2
f 1197/4/2 1191/4/2 1198/4/2
f 1192/4/2 1193/4/2 1199/4/2
f 1199/4/2 1193/4/2 1200/4/2
f 1200/4/2 1201/4/2 1203/4/2
f 1203/4/2 1201/4/2 1204/4/2
f 1202/4/2 1203/4/2 1205/4/2
f 1205/4/2 1203/4/2 1206/4/2
f 1194/4/2 1195/4/2 1207/4/2
f 1207/4/2 1195/4/2 1208/4/2
f 1208/4/2 1209/4/2 1210/4/2
f 1210/4/2 1209/4/2 1211/4/2
f 1212/4/2 1213/4/2 1219/4/2
f 1214/4/2 1215/4/2 1221/4/2
f 1218/4/2 1219/4/2 1224/4/2
f 1219/4/2 1213/4/2 1224/4/2
f 1216/4/2 1217/4/2 1226/4/2
f 1222/4/2 1223/4/2 1229/4/2
f 1224/4/2 1225/4/2 1230/4/2
f 1226/4/2 1227/4/2 1232/4/2
f 1228/4/2 1229/4/2 1235/4/2
f 1234/4/2 1235/4/2 1237/4/2
f 1230/4/2 1231/4/2 1238/4/2
f 1232/4/2 1233/4/2 1240/4/2
f 1238/4/2 1239/4/2 1242/4/2
f 1220/4/2 1221/4/2 1245/4/2
f 1240/4/2 1241/4/2 1246/4/2
f 1236/4/2 1237/4/2 1249/4/2
f 1242/4/2 1243/4/2 1250/4/2
f 1244/4/2 1245/4/2 1251/4/2
f 1246/4/2 1247/4/2 1252/4/2
f 1248/4/2 1249/4/2 1253/4/2
f 1250/4/2 1251/4/2 1254/4/2
f 1221/4/2 1215/4/2 1254/4/2
f 1245/4/2 1221/4/2 1254/4/2
f 1251/4/2 1245/4/2 1254/4/2
f 1254/4/2 1215/4/2 1255/4/2
f 1252/4/2 1253/4/2 1256/4/2
f 1246/4/2 1252/4/2 1256/4/2
f 1216/4/2 1226/4/2 1256/4/2
f 1226/4/2 1232/4/2 1256/4/2
f 1232/4/2 1240/4/2 1256/4/2
f 1240/4/2 1246/4/2 1256/4/2
f 1256/4/2 1253/4/2 1257/4/2
f 1254/6/2 1255/6/2 1258/6/2
f 1250/4/2 1254/4/2 1258/4/2
f 1255/4/2 1215/4/2 1259/4/2
f 1258/6/2 1255/6/2 1259/6/2
f 1256/6/2 1257/6/2 1260/6/2
f 1216/4/2 1256/4/2 1260/4/2
f 1257/4/2 1253/4/2 1261/4/2
f 1260/6/2 1257/6/2 1261/6/2
f 1253/4/2 1249/4/2 1262/4/2
f 1261/4/2 1253/4/2 1262/4/2
f 1229/4/2 1223/4/2 1262/4/2
f 1235/4/2 1229/4/2 1262/4/2
f 1237/4/2 1235/4/2 1262/4/2
f 1249/4/2 1237/4/2 1262/4/2
f 1262/4/2 1223/4/2 1263/4/2
f 1250/4/2 1258/4/2 1264/4/2
f 1258/4/2 1259/4/2 1264/4/2
f 1215/6/2 1216/6/2 1265/6/2
f 1264/4/2 1259/4/2 1265/4/2
f 1259/4/2 1215/4/2 1265/4/2
f 1216/4/2 1260/4/2 1266/4/2
f 1265/6/2 1216/6/2 1266/6/2
f 1260/4/2 1261/4/2 1266/4/2
f 1261/4/2 1262/4/2 1266/4/2
f 1266/4/2 1262/4/2 1267/4/2
f 1267/4/2 1262/4/2 1268/4/2
f 1268/4/2 1262/4/2 1269/4/2
f 1250/4/2 1264/4/2 1270/4/2
f 1264/6/2 1265/6/2 1270/6/2
f 1265/6/2 1266/6/2 1270/6/2
f 1266/6/2 1267/6/2 1270/6/2
f 1270/6/2 1267/6/2 1271/6/2
f 1271/6/2 1267/6/2 1272/6/2
f 1272/6/2 1267/6/2 1273/6/2
f 1273/6/2 1267/6/2 1274/6/2
f 1274/6/2 1267/6/2 1275/6/2
f 1267/4/2 1268/4/2 1276/4/2
f 1275/6/2 1267/6/2 1276/6/2
f 1276/4/2 1268/4/2 1277/4/2
f 1277/4/2 1268/4/2 1278/4/2
f 1278/4/2 1268/4/2 1279/4/2
f 1242/4/2 1250/4/2 1280/4/2
f 1218/4/2 1224/4/2 1280/4/2
f 1238/4/2 1242/4/2 1280/4/2
f 1230/4/2 1238/4/2 1280/4/2
f 1224/4/2 1230/4/2 1280/4/2
f 1250/4/2 1270/4/2 1280/4/2
f 1270/4/2 1271/4/2 1280/4/2
f 1280/4/2 1271/4/2 1281/4/2
f 1271/6/2 1272/6/2 1282/6/2
f 1281/4/2 1271/4/2 1282/4/2
f 1282/6/2 1272/6/2 1283/6/2
f 1272/3/2 1273/3/2 1284/3/2
f 1283/6/2 1272/6/2 1284/6/2
f 1284/3/2 1273/3/2 1285/3/2
f 1277/4/2 1278/4/2 1286/4/2
f 1286/4/2 1278/4/2 1287/4/2
f 1282/4/2 1283/4/2 1288/4/2
f 1281/4/2 1282/4/2 1288/4/2
f 1284/6/2 1285/6/2 1289/6/2
f 1288/4/2 1283/4/2 1289/4/2
f 1283/6/2 1284/6/2 1289/6/2
f 1289/6/2 1285/6/2 1290/6/2
f 1285/3/2 1273/3/2 1291/3/2
f 1290/6/2 1285/6/2 1291/6/2
f 1291/3/2 1273/3/2 1292/3/2
f 1277/4/2 1286/4/2 1293/4/2
f 1293/4/2 1286/4/2 1294/4/2
f 1289/4/2 1290/4/2 1295/4/2
f 1290/6/2 1291/6/2 1296/6/2
f 1295/4/2 1290/4/2 1296/4/2
f 1291/6/2 1292/6/2 1296/6/2
f 1296/6/2 1292/6/2 1297/6/2
f 1292/3/2 1273/3/2 1298/3/2
f 1297/6/2 1292/6/2 1298/6/2
f 1298/3/2 1273/3/2 1299/3/2
f 1277/4/2 1293/4/2 1300/4/2
f 1300/4/2 1293/4/2 1301/4/2
f 1296/4/2 1297/4/2 1302/4/2
f 1297/6/2 1298/6/2 1303/6/2
f 1302/4/2 1297/4/2 1303/4/2
f 1298/6/2 1299/6/2 1303/6/2
f 1303/6/2 1299/6/2 1304/6/2
f 1299/3/2 1273/3/2 1305/3/2
f 1304/6/2 1299/6/2 1305/6/2
f 1305/3/2 1273/3/2 1306/3/2
f 1277/4/2 1300/4/2 1307/4/2
f 1307/4/2 1300/4/2 1308/4/2
f 1303/4/2 1304/4/2 1309/4/2
f 1304/6/2 1305/6/2 1310/6/2
f 1309/4/2 1304/4/2 1310/4/2
f 1305/6/2 1306/6/2 1310/6/2
f 1310/6/2 1306/6/2 1311/6/2
f 1306/3/2 1273/3/2 1312/3/2
f 1311/6/2 1306/6/2 1312/6/2
f 1312/3/2 1273/3/2 1313/3/2
f 1277/4/2 1307/4/2 1314/4/2
f 1314/4/2 1307/4/2 1315/4/2
f 1310/4/2 1311/4/2 1316/4/2
f 1311/6/2 1312/6/2 1317/6/2
f 1316/4/2 1311/4/2 1317/4/2
f 1312/6/2 1313/6/2 1317/6/2
f 1317/6/2 1313/6/2 1318/6/2
f 1313/3/2 1273/3/2 1319/3/2
f 1318/6/2 1313/6/2 1319/6/2
f 1319/3/2 1273/3/2 1320/3/2
f 1277/4/2 1314/4/2 1321/4/2
f 1321/4/2 1314/4/2 1322/4/2
f 1317/4/2 1318/4/2 1323/4/2
f 1318/6/2 1319/6/2 1324/6/2
f 1323/4/2 1318/4/2 1324/4/2
f 1319/6/2 1320/6/2 1324/6/2
f 1324/6/2 1320/6/2 1325/6/2
f 1320/3/2 1273/3/2 1326/3/2
f 1325/6/2 1320/6/2 1326/6/2
f 1326/3/2 1273/3/2 1327/3/2
f 1277/4/2 1321/4/2 1328/4/2
f 1328/4/2 1321/4/2 1329/4/2
f 1324/4/2 1325/4/2 1330/4/2
f 1325/6/2 1326/6/2 1331/6/2
f 1330/4/2 1325/4/2 1331/4/2
f 1326/6/2 1327/6/2 1331/6/2
f 1331/6/2 1327/6/2 1332/6/2
f 1327/3/2 1273/3/2 1333/3/2
f 1332/6/2 1327/6/2 1333/6/2
f 1333/3/2 1273/3/2 1334/3/2
f 1277/4/2 1328/4/2 1335/4/2
f 1335/4/2 1328/4/2 1336/4/2
f 1331/4/2 1332/4/2 1337/4/2
f 1332/6/2 1333/6/2 1338/6/2
f 1337/4/2 1332/4/2 1338/4/2
f 1333/6/2 1334/6/2 1338/6/2
f 1338/6/2 1334/6/2 1339/6/2
f 1334/3/2 1273/3/2 1340/3/2
f 1339/6/2 1334/6/2 1340/6/2
f 1340/3/2 1273/3/2 1341/3/2
f 1277/4/2 1335/4/2 1342/4/2
f 1342/4/2 1335/4/2 1343/4/2
f 1338/4/2 1339/4/2 1344/4/2
f 1339/6/2 1340/6/2 1345/6/2
f 1344/4/2 1339/4/2 1345/4/2
f 1340/6/2 1341/6/2 1345/6/2
f 1345/6/2 1341/6/2 1346/6/2
f 1341/3/2 1273/3/2 1347/3/2
f 1346/6/2 1341/6/2 1347/6/2
f 1347/3/2 1273/3/2 1348/3/2
f 1277/4/2 1342/4/2 1349/4/2
f 1349/4/2 1342/4/2 1350/4/2
f 1345/4/2 1346/4/2 1351/4/2
f 1346/6/2 1347/6/2 1352/6/2
f 1351/4/2 1346/4/2 1352/4/2
f 1347/6/2 1348/6/2 1352/6/2
f 1352/6/2 1348/6/2 1353/6/2
f 1348/3/2 1273/3/2 1354/3/2
f 1353/6/2 1348/6/2 1354/6/2
f 1354/3/2 1273/3/2 1355/3/2
f 1277/4/2 1349/4/2 1356/4/2
f 1356/4/2 1349/4/2 1357/4/2
f 1352/4/2 1353/4/2 1358/4/2
f 1353/6/2 1354/6/2 1359/6/2
f 1358/4/2 1353/4/2 1359/4/2
f 1354/6/2 1355/6/2 1359/6/2
f 1359/6/2 1355/6/2 1360/6/2
f 1355/3/2 1273/3/2 1361/3/2
f 1360/6/2 1355/6/2 1361/6/2
f 1361/3/2 1273/3/2 1362/3/2
f 1277/4/2 1356/4/2 1363/4/2
f 1363/4/2 1356/4/2 1364/4/2
f 1359/4/2 1360/4/2 1365/4/2
f 1360/6/2 1361/6/2 1366/6/2
f 1365/4/2 1360/4/2 1366/4/2
f 1361/6/2 1362/6/2 1366/6/2
f 1366/6/2 1362/6/2 1367/6/2
f 1362/3/2 1273/3/2 1368/3/2
f 1367/6/2 1362/6/2 1368/6/2
f 1273/6/2 1274/6/2 1369/6/2
f 1368/3/2 1273/3/2 1369/3/2
f 1274/3/2 1275/3/2 1370/3/2
f 1369/6/2 1274/6/2 1370/6/2
f 1276/6/2 1277/6/2 1371/6/2
f 1370/3/2 1275/3/2 1371/3/2
f 1275/6/2 1276/6/2 1371/6/2
f 1371/6/2 1277/6/2 1372/6/2
f 1277/4/2 1363/4/2 1373/4/2
f 1372/6/2 1277/6/2 1373/6/2
f 1373/4/2 1363/4/2 1374/4/2
f 1374/4/2 1363/4/2 1375/4/2
f 1366/4/2 1367/4/2 1376/4/2
f 1368/6/2 1369/6/2 1377/6/2
f 1376/4/2 1367/4/2 1377/4/2
f 1369/6/2 1370/6/2 1377/6/2
f 1367/6/2 1368/6/2 1377/6/2
f 1370/6/2 1371/6/2 1377/6/2
f 1371/6/2 1372/6/2 1377/6/2
f 1372/4/2 1373/4/2 1378/4/2
f 1377/6/2 1372/6/2 1378/6/2
f 1373/4/2 1374/4/2 1378/4/2
f 1378/4/2 1374/4/2 1379/4/2
f 1379/4/2 1374/4/2 1380/4/2
f 1377/4/2 1378/4/2 1381/4/2
f 1378/4/2 1379/4/2 1381/4/2
f 1381/4/2 1379/4/2 1382/4/2
f 1385/4/3 1384/4/3 1383/4/3
f 1386/4/3 1384/4/3 1385/4/3
f 1387/4/3 1385/4/3 1383/4/3
f 1388/6/3 1386/6/3 1385/6/3
f 1388/4/3 1385/4/3 1387/4/3
f 1389/6/3 1386/6/3 1388/6/3
f 1390/6/3 1386/6/3 1389/6/3
f 1391/4/3 1387/4/3 1383/4/3
f 1391/6/3 1388/6/3 1387/6/3
f 1392/2/3 1389/2/3 1388/2/3
f 1392/6/3 1388/6/3 1391/6/3
f 1393/1/3 1390/1/3 1389/1/3
f 1393/2/3 1389/2/3 1392/2/3
f 1394/1/3 1390/1/3 1393/1/3
f 1395/4/3 1392/4/3 1391/4/3
f 1395/6/3 1393/6/3 1392/6/3
f 1395/6/3 1394/6/3 1393/6/3
f 1396/6/3 1394/6/3 1395/6/3
f 1397/4/3 1395/4/3 1391/4/3
f 1397/4/3 1396/4/3 1395/4/3
f 1398/4/3 1396/4/3 1397/4/3
f 1399/4/3 1391/4/3 1383/4/3
f 1399/4/3 1397/4/3 1391/4/3
f 1400/6/3 1398/6/3 1397/6/3
f 1400/4/3 1397/4/3 1399/4/3
f 1401/6/3 1398/6/3 1400/6/3
f 1402/6/3 1398/6/3 1401/6/3
f 1403/4/3 1399/4/3 1383/4/3
f 1403/6/3 1400/6/3 1399/6/3
f 1404/2/3 1401/2/3 1400/2/3
f 1404/6/3 1400/6/3 1403/6/3
f 1405/1/3 1402/1/3 1401/1/3
f 1405/2/3 1401/2/3 1404/2/3
f 1406/1/3 1402/1/3 1405/1/3
f 1407/4/3 1404/4/3 1403/4/3
f 1407/6/3 1405/6/3 1404/6/3
f 1407/6/3 1406/6/3 1405/6/3
f 1408/6/3 1406/6/3 1407/6/3
f 1409/4/3 1403/4/3 1383/4/3
f 1409/4/3 1407/4/3 1403/4/3
f 1409/4/3 1408/4/3 1407/4/3
f 1410/4/3 1408/4/3 1409/4/3
f 1415/4/3 1414/4/3 1413/4/3
f 1416/4/3 1414/4/3 1415/4/3
f 1417/6/3 1416/6/3 1415/6/3
f 1418/6/3 1416/6/3 1417/6/3
f 1419/1/3 1418/1/3 1417/1/3
f 1420/1/3 1418/1/3 1419/1/3
f 1421/6/3 1420/6/3 1419/6/3
f 1422/6/3 1420/6/3 1421/6/3
f 1423/4/3 1422/4/3 1421/4/3
f 1424/4/3 1422/4/3 1423/4/3
f 1425/6/3 1424/6/3 1423/6/3
f 1426/6/3 1424/6/3 1425/6/3
f 1427/1/3 1426/1/3 1425/1/3
f 1428/1/3 1426/1/3 1427/1/3
f 1429/6/3 1428/6/3 1427/6/3
f 1430/6/3 1428/6/3 1429/6/3
f 1431/4/3 1412/4/3 1411/4/3
f 1432/4/3 1412/4/3 1431/4/3
f 1433/4/3 1430/4/3 1429/4/3
f 1434/4/3 1430/4/3 1433/4/3
f 1435/4/3 1433/4/3 1432/4/3
f 1436/4/3 1433/4/3 1435/4/3
f 1441/4/3 1438/4/3 1437/4/3
f 1442/4/3 1438/4/3 1441/4/3
f 1443/4/3 1440/4/3 1439/4/3
f 1444/4/3 1440/4/3 1443/4/3
f 1447/6/3 1446/6/3 1445/6/3
f 1448/6/3 1446/6/3 1447/6/3
f 1451/6/3 1450/6/3 1449/6/3
f 1452/6/3 1450/6/3 1451/6/3
f 1455/6/3 1454/6/3 1453/6/3
f 1456/6/3 1454/6/3 1455/6/3
f 1459/6/3 1458/6/3 1457/6/3
f 1460/6/3 1458/6/3 1459/6/3
f 1463/6/3 1462/6/3 1461/6/3
f 1464/6/3 1462/6/3 1463/6/3
f 1467/6/3 1466/6/3 1465/6/3
f 1468/6/3 1466/6/3 1467/6/3
f 1471/6/3 1470/6/3 1469/6/3
f 1472/6/3 1470/6/3 1471/6/3
f 1475/6/3 1474/6/3 1473/6/3
f 1476/6/3 1474/6/3 1475/6/3
f 1483/5/3 1480/5/3 1479/5/3
f 1484/5/3 1480/5/3 1483/5/3
f 1485/5/3 1482/5/3 1481/5/3
f 1486/5/3 1482/5/3 1485/5/3
f 1487/6/3 1478/6/3 1477/6/3
f 1488/6/3 1478/6/3 1487/6/3
f 1495/5/3 1492/5/3 1491/5/3
f 1496/5/3 1492/5/3 1495/5/3
f 1497/5/3 1494/5/3 1493/5/3
f 1498/5/3 1494/5/3 1497/5/3
f 1499/6/3 1490/6/3 1489/6/3
f 1500/6/3 1490/6/3 1499/6/3
f 1505/5/3 1502/5/3 1501/5/3
f 1506/5/3 1502/5/3 1505/5/3
f 1507/5/3 1504/5/3 1503/5/3
f 1508/5/3 1504/5/3 1507/5/3
f 1513/5/3 1510/5/3 1509/5/3
f 1514/5/3 1510/5/3 1513/5/3
f 1515/5/3 1512/5/3 1511/5/3
f 1516/5/3 1512/5/3 1515/5/3
f 1519/5/3 1518/5/3 1517/5/3
f 1520/5/3 1518/5/3 1519/5/3
f 1523/5/3 1522/5/3 1521/5/3
f 1524/5/3 1522/5/3 1523/5/3
f 1529/5/3 1526/5/3 1525/5/3
f 1530/5/3 1526/5/3 1529/5/3
f 1531/5/3 1528/5/3 1527/5/3
f 1532/5/3 1528/5/3 1531/5/3
f 1537/5/3 1534/5/3 1533/5/3
f 1538/5/3 1534/5/3 1537/5/3
f 1539/5/3 1536/5/3 1535/5/3
f 1540/5/3 1536/5/3 1539/5/3
f 1545/5/3 1542/5/3 1541/5/3
f 1546/5/3 1542/5/3 1545/5/3
f 1547/5/3 1544/5/3 1543/5/3
f 1548/5/3 1544/5/3 1547/5/3
f 1553/5/3 1550/5/3 1549/5/3
f 1554/5/3 1550/5/3 1553/5/3
f 1555/5/3 1552/5/3 1551/5/3
f 1556/5/3 1552/5/3 1555/5/3
f 1561/5/3 1558/5/3 1557/5/3
f 1562/5/3 1558/5/3 1561/5/3
f 1563/5/3 1560/5/3 1559/5/3
f 1564/5/3 1560/5/3 1563/5/3
f 1569/5/3 1566/5/3 1565/5/3
f 1570/5/3 1566/5/3 1569/5/3
f 1571/5/3 1568/5/3 1567/5/3
f 1572/5/3 1568/5/3 1571/5/3
f 1577/4/3 1574/4/3 1573/4/3
f 1578/4/3 1574/4/3 1577/4/3
f 1579/4/3 1576/4/3 1575/4/3
f 1580/4/3 1576/4/3 1579/4/3
f 1581/6/3 1580/6/3 1579/6/3
f 1586/5/3 1583/5/3 1582/5/3
f 1587/5/3 1583/5/3 1586/5/3
f 1588/5/3 1585/5/3 1584/5/3
f 1589/5/3 1585/5/3 1588/5/3
f 1594/5/3 1591/5/3 1590/5/3
f 1595/5/3 1591/5/3 1594/5/3
f 1596/5/3 1593/5/3 1592/5/3
f 1597/5/3 1593/5/3 1596/5/3
f 1600/6/3 1580/6/3 1581/6/3
f 1601/6/3 1580/6/3 1600/6/3
f 1602/6/3 1580/6/3 1601/6/3
f 1603/4/3 1599/4/3 1598/4/3
f 1604/4/3 1599/4/3 1603/4/3
f 1605/4/3 1602/4/3 1601/4/3
f 1606/4/3 1602/4/3 1605/4/3
f 1613/4/3 1608/4/3 1607/4/3
f 1614/4/3 1608/4/3 1613/4/3
f 1615/6/3 1610/6/3 1609/6/3
f 1616/6/3 1610/6/3 1615/6/3
f 1619/6/3 1612/6/3 1611/6/3
f 1620/6/3 1612/6/3 1619/6/3
f 1621/6/3 1614/6/3 1613/6/3
f 1622/6/3 1614/6/3 1621/6/3
f 1625/5/3 1618/5/3 1617/5/3
f 1626/5/3 1618/5/3 1625/5/3
f 1629/6/3 1624/6/3 1623/6/3
f 1630/6/3 1624/6/3 1629/6/3
f 1631/6/3 1628/6/3 1627/6/3
f 1632/6/3 1628/6/3 1631/6/3
f 1637/6/3 1634/6/3 1633/6/3
f 1638/6/3 1634/6/3 1637/6/3
f 1641/6/3 1636/6/3 1635/6/3
f 1642/6/3 1636/6/3 1641/6/3
f 1645/5/3 1640/5/3 1639/5/3
f 1646/5/3 1640/5/3 1645/5/3
f 1649/3/3 1622/3/3 1621/3/3
f 1650/3/3 1622/3/3 1649/3/3
f 1651/6/3 1644/6/3 1643/6/3
f 1652/6/3 1644/6/3 1651/6/3
f 1653/6/3 1648/6/3 1647/6/3
f 1654/6/3 1648/6/3 1653/6/3
f 1655/6/3 1650/6/3 1649/6/3
f 1656/6/3 1650/6/3 1655/6/3
f 1657/4/3 1656/4/3 1655/4/3
f 1658/4/3 1656/4/3 1657/4/3
f 1666/4/3 1660/4/3 1659/4/3
f 1667/4/3 1660/4/3 1666/4/3
f 1668/4/3 1662/4/3 1661/4/3
f 1669/4/3 1662/4/3 1668/4/3
f 1670/6/3 1664/6/3 1663/6/3
f 1671/6/3 1664/6/3 1670/6/3
f 1672/6/3 1666/6/3 1665/6/3
f 1673/6/3 1666/6/3 1672/6/3
f 1674/6/3 1669/6/3 1668/6/3
f 1675/6/3 1669/6/3 1674/6/3
f 1680/6/3 1677/6/3 1676/6/3
f 1681/6/3 1677/6/3 1680/6/3
f 1682/6/3 1679/6/3 1678/6/3
f 1683/6/3 1679/6/3 1682/6/3
f 1688/6/3 1685/6/3 1684/6/3
f 1689/6/3 1685/6/3 1688/6/3
f 1690/6/3 1687/6/3 1686/6/3
f 1691/6/3 1687/6/3 1690/6/3
f 1696/3/3 1675/3/3 1674/3/3
f 1697/3/3 1675/3/3 1696/3/3
f 1698/6/3 1693/6/3 1692/6/3
f 1699/6/3 1693/6/3 1698/6/3
f 1701/6/3 1695/6/3 1694/6/3
f 1702/6/3 1695/6/3 1701/6/3
f 1704/4/3 1703/4/3 1702/4/3
f 1704/4/3 1702/4/3 1701/4/3
f 1704/4/3 1701/4/3 1700/4/3
f 1705/4/3 1703/4/3 1704/4/3
f 1706/6/3 1697/6/3 1696/6/3
f 1707/6/3 1697/6/3 1706/6/3
f 1708/4/3 1703/4/3 1705/4/3
f 1709/4/3 1703/4/3 1708/4/3
f 1710/4/3 1707/4/3 1706/4/3
f 1711/4/3 1707/4/3 1710/4/3
f 1717/4/3 1713/4/3 1712/4/3
f 1718/4/3 1713/4/3 1717/4/3
f 1719/4/3 1715/4/3 1714/4/3
f 1720/4/3 1715/4/3 1719/4/3
f 1721/6/3 1717/6/3 1716/6/3
f 1722/6/3 1717/6/3 1721/6/3
f 1723/6/3 1717/6/3 1722/6/3
f 1724/6/3 1717/6/3 1723/6/3
f 1725/6/3 1717/6/3 1724/6/3
f 1726/6/3 1717/6/3 1725/6/3
f 1727/6/3 1720/6/3 1719/6/3
f 1728/6/3 1720/6/3 1727/6/3
f 1730/6/3 1723/6/3 1722/6/3
f 1731/6/3 1723/6/3 1730/6/3
f 1732/6/3 1725/6/3 1724/6/3
f 1733/6/3 1725/6/3 1732/6/3
f 1735/6/3 1731/6/3 1730/6/3
f 1735/6/3 1734/6/3 1733/6/3
f 1735/6/3 1733/6/3 1732/6/3
f 1735/6/3 1732/6/3 1731/6/3
f 1735/6/3 1730/6/3 1729/6/3
f 1736/6/3 1734/6/3 1735/6/3
f 1737/6/3 1734/6/3 1736/6/3
f 1741/6/3 1739/6/3 1738/6/3
f 1741/6/3 1740/6/3 1739/6/3
f 1742/6/3 1740/6/3 1741/6/3
f 1743/6/3 1740/6/3 1742/6/3
f 1744/6/3 1740/6/3 1743/6/3
f 1745/6/3 1740/6/3 1744/6/3
f 1746/6/3 1740/6/3 1745/6/3
f 1748/6/3 1743/6/3 1742/6/3
f 1749/6/3 1743/6/3 1748/6/3
f 1750/6/3 1745/6/3 1744/6/3
f 1751/6/3 1745/6/3 1750/6/3
f 1753/3/3 1728/3/3 1727/3/3
f 1754/3/3 1728/3/3 1753/3/3
f 1755/6/3 1752/6/3 1751/6/3
f 1755/6/3 1751/6/3 1750/6/3
f 1755/6/3 1750/6/3 1749/6/3
f 1755/6/3 1749/6/3 1748/6/3
f 1755/6/3 1748/6/3 1747/6/3
f 1756/6/3 1752/6/3 1755/6/3
f 1757/6/3 1752/6/3 1756/6/3
f 1758/6/3 1754/6/3 1753/6/3
f 1759/6/3 1754/6/3 1758/6/3
f 1760/4/3 1759/4/3 1758/4/3
f 1761/4/3 1759/4/3 1760/4/3
f 1766/4/3 1763/4/3 1762/4/3
f 1767/4/3 1763/4/3 1766/4/3
f 1768/4/3 1765/4/3 1764/4/3
f 1769/4/3 1765/4/3 1768/4/3
f 1770/6/3 1769/6/3 1768/6/3
f 1771/6/3 1769/6/3 1770/6/3
f 1772/3/3 1771/3/3 1770/3/3
f 1773/3/3 1771/3/3 1772/3/3
f 1774/6/3 1773/6/3 1772/6/3
f 1775/6/3 1773/6/3 1774/6/3
f 1776/4/3 1775/4/3 1774/4/3
f 1777/4/3 1775/4/3 1776/4/3
f 1782/4/3 1779/4/3 1778/4/3
f 1783/4/3 1779/4/3 1782/4/3
f 1784/4/3 1781/4/3 1780/4/3
f 1785/4/3 1781/4/3 1784/4/3
f 1786/6/3 1785/6/3 1784/6/3
f 1787/6/3 1785/6/3 1786/6/3
f 1788/3/3 1787/3/3 1786/3/3
f 1789/3/3 1787/3/3 1788/3/3
f 1792/6/3 1789/6/3 1788/6/3
f 1793/6/3 1789/6/3 1792/6/3
f 1794/4/3 1791/4/3 1790/4/3
f 1795/4/3 1791/4/3 1794/4/3
f 1796/4/3 1793/4/3 1792/4/3
f 1797/4/3 1793/4/3 1796/4/3
f 1800/4/3 1799/4/3 1798/4/3
f 1801/4/3 1799/4/3 1800/4/3
f 1802/6/3 1801/6/3 1800/6/3
f 1803/6/3 1801/6/3 1802/6/3
f 1804/3/3 1803/3/3 1802/3/3
f 1805/3/3 1803/3/3 1804/3/3
f 1806/6/3 1805/6/3 1804/6/3
f 1807/6/3 1805/6/3 1806/6/3
f 1808/4/3 1807/4/3 1806/4/3
f 1809/4/3 1807/4/3 1808/4/3
f 1812/4/3 1811/4/3 1810/4/3
f 1813/4/3 1811/4/3 1812/4/3
f 1814/6/3 1813/6/3 1812/6/3
f 1815/6/3 1813/6/3 1814/6/3
f 1816/3/3 1815/3/3 1814/3/3
f 1817/3/3 1815/3/3 1816/3/3
f 1818/6/3 1817/6/3 1816/6/3
f 1819/6/3 1817/6/3 1818/6/3
f 1820/4/3 1819/4/3 1818/4/3
f 1821/4/3 1819/4/3 1820/4/3
f 1824/4/3 1823/4/3 1822/4/3
f 1825/4/3 1823/4/3 1824/4/3
f 1826/6/3 1825/6/3 1824/6/3
f 1827/6/3 1825/6/3 1826/6/3
f 1828/3/3 1827/3/3 1826/3/3
f 1829/3/3 1827/3/3 1828/3/3
f 1830/6/3 1829/6/3 1828/6/3
f 1831/6/3 1829/6/3 1830/6/3
f 1832/4/3 1831/4/3 1830/4/3
f 1833/4/3 1831/4/3 1832/4/3
f 1836/4/3 1835/4/3 1834/4/3
f 1837/4/3 1835/4/3 1836/4/3
f 1838/6/3 1837/6/3 1836/6/3
f 1839/6/3 1837/6/3 1838/6/3
f 1840/3/3 1839/3/3 1838/3/3
f 1841/3/3 1839/3/3 1840/3/3
f 1842/6/3 1841/6/3 1840/6/3
f 1843/6/3 1841/6/3 1842/6/3
f 1844/4/3 1843/4/3 1842/4/3
f 1845/4/3 1843/4/3 1844/4/3
f 1848/4/3 1847/4/3 1846/4/3
f 1849/4/3 1847/4/3 1848/4/3
f 1850/6/3 1849/6/3 1848/6/3
f 1851/6/3 1849/6/3 1850/6/3
f 1852/3/3 1851/3/3 1850/3/3
f 1853/3/3 1851/3/3 1852/3/3
f 1854/6/3 1853/6/3 1852/6/3
f 1855/6/3 1853/6/3 1854/6/3
f 1856/4/3 1855/4/3 1854/4/3
f 1857/4/3 1855/4/3 1856/4/3
f 1860/4/3 1859/4/3 1858/4/3
f 1861/4/3 1859/4/3 1860/4/3
f 1862/6/3 1861/6/3 1860/6/3
f 1863/6/3 1861/6/3 1862/6/3
f 1864/3/3 1863/3/3 1862/3/3
f 1865/3/3 1863/3/3 1864/3/3
f 1866/6/3 1865/6/3 1864/6/3
f 1867/6/3 1865/6/3 1866/6/3
f 1868/4/3 1867/4/3 1866/4/3
f 1869/4/3 1867/4/3 1868/4/3
f 1872/4/3 1871/4/3 1870/4/3
f 1873/4/3 1871/4/3 1872/4/3
f 1874/6/3 1873/6/3 1872/6/3
f 1875/6/3 1873/6/3 1874/6/3
f 1876/6/3 1873/6/3 1875/6/3
f 1877/6/3 1873/6/3 1876/6/3
f 1878/4/3 1877/4/3 1876/4/3
f 1879/4/3 1877/4/3 1878/4/3
f 1882/6/3 1881/6/3 1880/6/3
f 1883/6/3 1881/6/3 1882/6/3
f 1886/6/3 1885/6/3 1884/6/3
f 1887/6/3 1885/6/3 1886/6/3
f 1890/6/3 1889/6/3 1888/6/3
f 1891/6/3 1889/6/3 1890/6/3
f 1894/6/3 1893/6/3 1892/6/3
f 1895/6/3 1893/6/3 1894/6/3
f 1898/6/3 1897/6/3 1896/6/3
f 1899/6/3 1897/6/3 1898/6/3
f 1902/6/3 1901/6/3 1900/6/3
f 1903/6/3 1901/6/3 1902/6/3
f 1906/6/3 1905/6/3 1904/6/3
f 1907/6/3 1905/6/3 1906/6/3
f 1910/6/3 1909/6/3 1908/6/3
f 1911/6/3 1909/6/3 1910/6/3
f 1918/5/3 1915/5/3 1914/5/3
f 1919/5/3 1915/5/3 1918/5/3
f 1920/5/3 1917/5/3 1916/5/3
f 1921/5/3 1917/5/3 1920/5/3
f 1922/6/3 1913/6/3 1912/6/3
f 1923/6/3 1913/6/3 1922/6/3
f 1930/5/3 1927/5/3 1926/5/3
f 1931/5/3 1927/5/3 1930/5/3
f 1932/5/3 1929/5/3 1928/5/3
f 1933/5/3 1929/5/3 1932/5/3
f 1934/6/3 1925/6/3 1924/6/3
f 1935/6/3 1925/6/3 1934/6/3
f 1940/5/3 1937/5/3 1936/5/3
f 1941/5/3 1937/5/3 1940/5/3
f 1942/5/3 1939/5/3 1938/5/3
f 1943/5/3 1939/5/3 1942/5/3
f 1948/5/3 1945/5/3 1944/5/3
f 1949/5/3 1945/5/3 1948/5/3
f 1950/5/3 1947/5/3 1946/5/3
f 1951/5/3 1947/5/3 1950/5/3
f 1954/5/3 1953/5/3 1952/5/3
f 1955/5/3 1953/5/3 1954/5/3
f 1958/5/3 1957/5/3 1956/5/3
f 1959/5/3 1957/5/3 1958/5/3
f 1964/5/3 1961/5/3 1960/5/3
f 1965/5/3 1961/5/3 1964/5/3
f 1966/5/3 1963/5/3 1962/5/3
f 1967/5/3 1963/5/3 1966/5/3
f 1972/5/3 1969/5/3 1968/5/3
f 1973/5/3 1969/5/3 1972/5/3
f 1974/5/3 1971/5/3 1970/5/3
f 1975/5/3 1971/5/3 1974/5/3
f 1980/5/3 1977/5/3 1976/5/3
f 1981/5/3 1977/5/3 1980/5/3
f 1982/5/3 1979/5/3 1978/5/3
f 1983/5/3 1979/5/3 1982/5/3
f 1988/5/3 1985/5/3 1984/5/3
f 1989/5/3 1985/5/3 1988/5/3
f 1990/5/3 1987/5/3 1986/5/3
f 1991/5/3 1987/5/3 1990/5/3
f 1996/5/3 1993/5/3 1992/5/3
f 1997/5/3 1993/5/3 1996/5/3
f 1998/5/3 1995/5/3 1994/5/3
f 1999/5/3 1995/5/3 1998/5/3
f 2004/5/3 2001/5/3 2000/5/3
f 2005/5/3 2001/5/3 2004/5/3
f 2006/5/3 2003/5/3 2002/5/3
f 2007/5/3 2003/5/3 2006/5/3
f 2010/4/3 2009/4/3 2008/4/3
f 2011/4/3 2009/4/3 2010/4/3
f 2016/5/3 2013/5/3 2012/5/3
f 2017/5/3 2013/5/3 2016/5/3
f 2018/5/3 2015/5/3 2014/5/3
f 2019/5/3 2015/5/3 2018/5/3
f 2024/5/3 2021/5/3 2020/5/3
f 2025/5/3 2021/5/3 2024/5/3
f 2026/5/3 2023/5/3 2022/5/3
f 2027/5/3 2023/5/3 2026/5/3
f 2030/4/3 2029/4/3 2028/4/3
f 2031/4/3 2029/4/3 2030/4/3
f 2036/6/3 2033/6/3 2032/6/3
f 2037/6/3 2033/6/3 2036/6/3
f 2040/6/3 2035/6/3 2034/6/3
f 2041/6/3 2035/6/3 2040/6/3
f 2044/5/3 2039/5/3 2038/5/3
f 2045/5/3 2039/5/3 2044/5/3
f 2048/6/3 2043/6/3 2042/6/3
f 2049/6/3 2043/6/3 2048/6/3
f 2050/6/3 2047/6/3 2046/6/3
f 2051/6/3 2047/6/3 2050/6/3
f 2056/6/3 2053/6/3 2052/6/3
f 2057/6/3 2053/6/3 2056/6/3
f 2060/6/3 2055/6/3 2054/6/3
f 2061/6/3 2055/6/3 2060/6/3
f 2064/5/3 2059/5/3 2058/5/3
f 2065/5/3 2059/5/3 2064/5/3
f 2068/6/3 2063/6/3 2062/6/3
f 2069/6/3 2063/6/3 2068/6/3
f 2070/6/3 2067/6/3 2066/6/3
f 2071/6/3 2067/6/3 2070/6/3
f 2077/4/3 2073/4/3 2072/4/3
f 2078/4/3 2073/4/3 2077/4/3
f 2079/6/3 2075/6/3 2074/6/3
f 2080/6/3 2075/6/3 2079/6/3
f 2081/6/3 2077/6/3 2076/6/3
f 2082/6/3 2077/6/3 2081/6/3
f 2087/6/3 2084/6/3 2083/6/3
f 2088/6/3 2084/6/3 2087/6/3
f 2089/6/3 2086/6/3 2085/6/3
f 2090/6/3 2086/6/3 2089/6/3
f 2095/6/3 2092/6/3 2091/6/3
f 2096/6/3 2092/6/3 2095/6/3
f 2097/6/3 2094/6/3 2093/6/3
f 2098/6/3 2094/6/3 2097/6/3
f 2103/6/3 2100/6/3 2099/6/3
f 2104/6/3 2100/6/3 2103/6/3
f 2105/6/3 2102/6/3 2101/6/3
f 2106/6/3 2102/6/3 2105/6/3
f 2108/4/3 2107/4/3 2106/4/3
f 2109/4/3 2107/4/3 2108/4/3
f 2113/4/3 2111/4/3 2110/4/3
f 2114/4/3 2111/4/3 2113/4/3
f 2115/6/3 2113/6/3 2112/6/3
f 2116/6/3 2113/6/3 2115/6/3
f 2117/6/3 2113/6/3 2116/6/3
f 2118/6/3 2113/6/3 2117/6/3
f 2119/6/3 2113/6/3 2118/6/3
f 2120/6/3 2113/6/3 2119/6/3
f 2122/6/3 2117/6/3 2116/6/3
f 2123/6/3 2117/6/3 2122/6/3
f 2124/6/3 2119/6/3 2118/6/3
f 2125/6/3 2119/6/3 2124/6/3
f 2127/6/3 2123/6/3 2122/6/3
f 2127/6/3 2126/6/3 2125/6/3
f 2127/6/3 2125/6/3 2124/6/3
f 2127/6/3 2124/6/3 2123/6/3
f 2127/6/3 2122/6/3 2121/6/3
f 2128/6/3 2126/6/3 2127/6/3
f 2129/6/3 2126/6/3 2128/6/3
f 2133/6/3 2131/6/3 2130/6/3
f 2133/6/3 2132/6/3 2131/6/3
f 2134/6/3 2132/6/3 2133/6/3
f 2135/6/3 2132/6/3 2134/6/3
f 2136/6/3 2132/6/3 2135/6/3
f 2137/6/3 2132/6/3 2136/6/3
f 2138/6/3 2132/6/3 2137/6/3
f 2140/6/3 2135/6/3 2134/6/3
f 2141/6/3 2135/6/3 2140/6/3
f 2142/6/3 2137/6/3 2136/6/3
f 2143/6/3 2137/6/3 2142/6/3
f 2145/6/3 2141/6/3 2140/6/3
f 2145/6/3 2144/6/3 2143/6/3
f 2145/6/3 2143/6/3 2142/6/3
f 2145/6/3 2142/6/3 2141/6/3
f 2145/6/3 2140/6/3 2139/6/3
f 2146/6/3 2144/6/3 2145/6/3
f 2148/4/3 2147/4/3 2146/4/3
f 2149/4/3 2147/4/3 2148/4/3
f 2152/4/3 2151/4/3 2150/4/3
f 2153/4/3 2151/4/3 2152/4/3
f 2156/4/3 2155/4/3 2154/4/3
f 2157/4/3 2155/4/3 2156/4/3
f 2160/4/3 2159/4/3 2158/4/3
f 2161/4/3 2159/4/3 2160/4/3
f 2164/4/3 2163/4/3 2162/4/3
f 2165/4/3 2163/4/3 2164/4/3
f 2166/4/3 2163/4/3 2165/4/3
f 2167/4/3 2163/4/3 2166/4/3
f 2168/4/4 2169/4/4 2170/4/4
f 2170/4/4 2169/4/4 2171/4/4
f 2172/4/4 2173/4/4 2174/4/4
f 2174/4/4 2173/4/4 2175/4/4
f 2176/4/4 2177/4/4 2178/4/4
f 2178/4/4 2177/4/4 2179/4/4
f 2180/4/4 2181/4/4 2182/4/4
f 2182/4/4 2181/4/4 2183/4/4
f 2184/4/4 2185/4/4 2187/4/4
f 2187/4/4 2185/4/4 2188/4/4
f 2186/6/4 2187/6/4 2189/6/4
f 2189/6/4 2187/6/4 2190/6/4
f 2190/6/4 2187/6/4 2191/6/4
f 2191/6/4 2187/6/4 2192/6/4
f 2192/6/4 2187/6/4 2193/6/4
f 2193/6/4 2187/6/4 2194/6/4
f 2190/6/4 2191/6/4 2196/6/4
f 2196/6/4 2191/6/4 2197/6/4
f 2192/6/4 2193/6/4 2198/6/4
f 2198/6/4 2193/6/4 2199/6/4
f 2196/6/4 2197/6/4 2201/6/4
f 2199/6/4 2200/6/4 2201/6/4
f 2198/6/4 2199/6/4 2201/6/4
f 2197/6/4 2198/6/4 2201/6/4
f 2195/6/4 2196/6/4 2201/6/4
f 2201/6/4 2200/6/4 2202/6/4
f 2202/6/4 2200/6/4 2203/6/4
f 2204/6/4 2205/6/4 2207/6/4
f 2205/6/4 2206/6/4 2207/6/4
f 2207/6/4 2206/6/4 2208/6/4
f 2208/6/4 2206/6/4 2209/6/4
f 2209/6/4 2206/6/4 2210/6/4
f 2210/6/4 2206/6/4 2211/6/4
f 2211/6/4 2206/6/4 2212/6/4
f 2208/6/4 2209/6/4 2214/6/4
f 2214/6/4 2209/6/4 2215/6/4
f 2210/6/4 2211/6/4 2216/6/4
f 2216/6/4 2211/6/4 2217/6/4
f 2214/6/4 2215/6/4 2219/6/4
f 2217/6/4 2218/6/4 2219/6/4
f 2216/6/4 2217/6/4 2219/6/4
f 2215/6/4 2216/6/4 2219/6/4
f 2213/6/4 2214/6/4 2219/6/4
f 2219/6/4 2218/6/4 2220/6/4
f 2220/4/4 2221/4/4 2222/4/4
f 2222/4/4 2221/4/4 2223/4/4
f 2224/4/4 2225/4/4 2230/4/4
f 2230/4/4 2225/4/4 2231/4/4
f 2226/6/4 2227/6/4 2232/6/4
f 2232/6/4 2227/6/4 2233/6/4
f 2228/6/4 2229/6/4 2234/6/4
f 2234/6/4 2229/6/4 2235/6/4
f 2236/6/4 2237/6/4 2240/6/4
f 2240/6/4 2237/6/4 2241/6/4
f 2238/6/4 2239/6/4 2242/6/4
f 2242/6/4 2239/6/4 2243/6/4
f 2244/6/4 2245/6/4 2248/6/4
f 2248/6/4 2245/6/4 2249/6/4
f 2246/6/4 2247/6/4 2250/6/4
f 2250/6/4 2247/6/4 2251/6/4
f 2252/6/4 2253/6/4 2256/6/4
f 2256/6/4 2253/6/4 2257/6/4
f 2254/6/4 2255/6/4 2258/6/4
f 2258/6/4 2255/6/4 2259/6/4
f 2260/4/4 2261/4/4 2262/4/4
f 2262/4/4 2261/4/4 2263/4/4
f 2264/6/4 2265/6/4 2268/6/4
f 2268/6/4 2265/6/4 2269/6/4
f 2266/6/4 2267/6/4 2272/6/4
f 2272/6/4 2267/6/4 2273/6/4
f 2270/5/4 2271/5/4 2276/5/4
f 2276/5/4 2271/5/4 2277/5/4
f 2274/6/4 2275/6/4 2280/6/4
f 2280/6/4 2275/6/4 2281/6/4
f 2278/6/4 2279/6/4 2282/6/4
f 2282/6/4 2279/6/4 2283/6/4
f 2284/6/4 2285/6/4 2288/6/4
f 2288/6/4 2285/6/4 2289/6/4
f 2286/6/4 2287/6/4 2292/6/4
f 2292/6/4 2287/6/4 2293/6/4
f 2290/5/4 2291/5/4 2296/5/4
f 2296/5/4 2291/5/4 2297/5/4
f 2294/6/4 2295/6/4 2300/6/4
f 2300/6/4 2295/6/4 2301/6/4
f 2298/6/4 2299/6/4 2302/6/4
f 2302/6/4 2299/6/4 2303/6/4
f 2304/4/4 2305/4/4 2306/4/4
f 2306/4/4 2305/4/4 2307/4/4
f 2308/5/4 2309/5/4 2312/5/4
f 2312/5/4 2309/5/4 2313/5/4
f 2310/5/4 2311/5/4 2314/5/4
f 2314/5/4 2311/5/4 2315/5/4
f 2316/5/4 2317/5/4 2320/5/4
f 2320/5/4 2317/5/4 2321/5/4
f 2318/5/4 2319/5/4 2322/5/4
f 2322/5/4 2319/5/4 2323/5/4
f 2324/4/4 2325/4/4 2326/4/4
f 2326/4/4 2325/4/4 2327/4/4
f 2328/5/4 2329/5/4 2332/5/4
f 2332/5/4 2329/5/4 2333/5/4
f 2330/5/4 2331/5/4 2334/5/4
f 2334/5/4 2331/5/4 2335/5/4
f 2336/5/4 2337/5/4 2340/5/4
f 2340/5/4 2337/5/4 2341/5/4
f 2338/5/4 2339/5/4 2342/5/4
f 2342/5/4 2339/5/4 2343/5/4
f 2344/5/4 2345/5/4 2348/5/4
f 2348/5/4 2345/5/4 2349/5/4
f 2346/5/4 2347/5/4 2350/5/4
f 2350/5/4 2347/5/4 2351/5/4
f 2352/5/4 2353/5/4 2356/5/4
f 2356/5/4 2353/5/4 2357/5/4
f 2354/5/4 2355/5/4 2358/5/4
f 2358/5/4 2355/5/4 2359/5/4
f 2360/5/4 2361/5/4 2364/5/4
f 2364/5/4 2361/5/4 2365/5/4
f 2362/5/4 2363/5/4 2366/5/4
f 2366/5/4 2363/5/4 2367/5/4
f 2368/5/4 2369/5/4 2372/5/4
f 2372/5/4 2369/5/4 2373/5/4
f 2370/5/4 2371/5/4 2374/5/4
f 2374/5/4 2371/5/4 2375/5/4
f 2376/5/4 2377/5/4 2378/5/4
f 2378/5/4 2377/5/4 2379/5/4
f 2380/5/4 2381/5/4 2382/5/4
f 2382/5/4 2381/5/4 2383/5/4
f 2384/5/4 2385/5/4 2388/5/4
f 2388/5/4 2385/5/4 2389/5/4
f 2386/5/4 2387/5/4 2390/5/4
f 2390/5/4 2387/5/4 2391/5/4
f 2392/5/4 2393/5/4 2396/5/4
f 2396/5/4 2393/5/4 2397/5/4
f 2394/5/4 2395/5/4 2398/5/4
f 2398/5/4 2395/5/4 2399/5/4
f 2402/5/4 2403/5/4 2406/5/4
f 2406/5/4 2403/5/4 2407/5/4
f 2404/5/4 2405/5/4 2408/5/4
f 2408/5/4 2405/5/4 2409/5/4
f 2400/6/4 2401/6/4 2410/6/4
f 2410/6/4 2401/6/4 2411/6/4
f 2414/5/4 2415/5/4 2418/5/4
f 2418/5/4 2415/5/4 2419/5/4
f 2416/5/4 2417/5/4 2420/5/4
f 2420/5/4 2417/5/4 2421/5/4
f 2412/6/4 2413/6/4 2422/6/4
f 2422/6/4 2413/6/4 2423/6/4
f 2424/6/4 2425/6/4 2426/6/4
f 2426/6/4 2425/6/4 2427/6/4
f 2428/6/4 2429/6/4 2430/6/4
f 2430/6/4 2429/6/4 2431/6/4
f 2432/6/4 2433/6/4 2434/6/4
f 2434/6/4 2433/6/4 2435/6/4
f 2436/6/4 2437/6/4 2438/6/4
f 2438/6/4 2437/6/4 2439/6/4
f 2440/6/4 2441/6/4 2442/6/4
f 2442/6/4 2441/6/4 2443/6/4
f 2444/6/4 2445/6/4 2446/6/4
f 2446/6/4 2445/6/4 2447/6/4
f 2448/6/4 2449/6/4 2450/6/4
f 2450/6/4 2449/6/4 2451/6/4
f 2452/6/4 2453/6/4 2454/6/4
f 2454/6/4 2453/6/4 2455/6/4
f 2456/4/4 2457/4/4 2458/4/4
f 2458/4/4 2457/4/4 2459/4/4
f 2460/4/4 2461/4/4 2462/4/4
f 2462/4/4 2461/4/4 2463/4/4
f 2464/4/4 2465/4/4 2468/4/4
f 2468/4/4 2465/4/4 2469/4/4
f 2466/4/4 2467/4/4 2470/4/4
f 2470/4/4 2467/4/4 2471/4/4
f 2471/4/4 2467/4/4 2472/4/4
f 2471/6/4 2472/6/4 2473/6/4
f 2473/6/4 2472/6/4 2474/6/4
f 2473/4/4 2474/4/4 2477/4/4
f 2475/4/4 2476/4/4 2478/4/4
f 2478/4/4 2476/4/4 2479/4/4
f 2477/4/4 2474/4/4 2480/4/4
f 2480/4/4 2474/4/4 2481/4/4
f 2482/4/4 2483/4/4 2487/4/4
f 2487/4/4 2483/4/4 2488/4/4
f 2484/4/4 2485/4/4 2489/4/4
f 2489/4/4 2485/4/4 2490/4/4
f 2486/6/4 2487/6/4 2491/6/4
f 2491/6/4 2487/6/4 2492/6/4
f 2492/6/4 2487/6/4 2493/6/4
f 2493/6/4 2487/6/4 2494/6/4
f 2494/6/4 2487/6/4 2495/6/4
f 2495/6/4 2487/6/4 2496/6/4
f 2489/6/4 2490/6/4 2497/6/4
f 2492/6/4 2493/6/4 2499/6/4
f 2499/6/4 2493/6/4 2500/6/4
f 2494/6/4 2495/6/4 2501/6/4
f 2501/6/4 2495/6/4 2502/6/4
f 2499/6/4 2500/6/4 2504/6/4
f 2502/6/4 2503/6/4 2504/6/4
f 2501/6/4 2502/6/4 2504/6/4
f 2500/6/4 2501/6/4 2504/6/4
f 2498/6/4 2499/6/4 2504/6/4
f 2504/6/4 2503/6/4 2505/6/4
f 2505/6/4 2503/6/4 2506/6/4
f 2507/6/4 2508/6/4 2510/6/4
f 2508/6/4 2509/6/4 2510/6/4
f 2510/6/4 2509/6/4 2511/6/4
f 2511/6/4 2509/6/4 2512/6/4
f 2512/6/4 2509/6/4 2513/6/4
f 2513/6/4 2509/6/4 2514/6/4
f 2514/6/4 2509/6/4 2515/6/4
f 2511/6/4 2512/6/4 2517/6/4
f 2517/6/4 2512/6/4 2518/6/4
f 2513/6/4 2514/6/4 2519/6/4
f 2519/6/4 2514/6/4 2520/6/4
f 2497/6/4 2490/6/4 2522/6/4
f 2520/6/4 2521/6/4 2523/6/4
f 2519/6/4 2520/6/4 2523/6/4
f 2518/6/4 2519/6/4 2523/6/4
f 2517/6/4 2518/6/4 2523/6/4
f 2516/6/4 2517/6/4 2523/6/4
f 2523/6/4 2521/6/4 2524/6/4
f 2522/6/4 2490/6/4 2526/6/4
f 2526/6/4 2490/6/4 2527/6/4
f 2524/4/4 2525/4/4 2528/4/4
f 2528/4/4 2525/4/4 2529/4/4
f 2526/4/4 2527/4/4 2530/4/4
f 2530/4/4 2527/4/4 2531/4/4
f 2532/4/4 2533/4/4 2540/4/4
f 2540/4/4 2533/4/4 2541/4/4
f 2534/4/4 2535/4/4 2542/4/4
f 2542/4/4 2535/4/4 2543/4/4
f 2536/6/4 2537/6/4 2544/6/4
f 2544/6/4 2537/6/4 2545/6/4
f 2538/6/4 2539/6/4 2546/6/4
f 2546/6/4 2539/6/4 2547/6/4
f 2542/6/4 2543/6/4 2548/6/4
f 2548/6/4 2543/6/4 2549/6/4
f 2550/6/4 2551/6/4 2554/6/4
f 2554/6/4 2551/6/4 2555/6/4
f 2552/6/4 2553/6/4 2556/6/4
f 2556/6/4 2553/6/4 2557/6/4
f 2558/6/4 2559/6/4 2562/6/4
f 2562/6/4 2559/6/4 2563/6/4
f 2560/6/4 2561/6/4 2564/6/4
f 2564/6/4 2561/6/4 2565/6/4
f 2548/3/4 2549/3/4 2570/3/4
f 2570/3/4 2549/3/4 2571/3/4
f 2566/6/4 2567/6/4 2572/6/4
f 2572/6/4 2567/6/4 2573/6/4
f 2568/6/4 2569/6/4 2574/6/4
f 2574/6/4 2569/6/4 2575/6/4
f 2570/6/4 2571/6/4 2578/6/4
f 2578/6/4 2571/6/4 2579/6/4
f 2576/4/4 2577/4/4 2580/4/4
f 2580/4/4 2577/4/4 2581/4/4
f 2578/4/4 2579/4/4 2582/4/4
f 2582/4/4 2579/4/4 2583/4/4
f 2584/4/4 2585/4/4 2590/4/4
f 2590/4/4 2585/4/4 2591/4/4
f 2586/6/4 2587/6/4 2592/6/4
f 2592/6/4 2587/6/4 2593/6/4
f 2588/6/4 2589/6/4 2596/6/4
f 2596/6/4 2589/6/4 2597/6/4
f 2590/6/4 2591/6/4 2598/6/4
f 2598/6/4 2591/6/4 2599/6/4
f 2594/5/4 2595/5/4 2602/5/4
f 2602/5/4 2595/5/4 2603/5/4
f 2600/6/4 2601/6/4 2606/6/4
f 2606/6/4 2601/6/4 2607/6/4
f 2604/6/4 2605/6/4 2608/6/4
f 2608/6/4 2605/6/4 2609/6/4
f 2610/6/4 2611/6/4 2614/6/4
f 2614/6/4 2611/6/4 2615/6/4
f 2612/6/4 2613/6/4 2618/6/4
f 2618/6/4 2613/6/4 2619/6/4
f 2616/5/4 2617/5/4 2622/5/4
f 2622/5/4 2617/5/4 2623/5/4
f 2598/3/4 2599/3/4 2626/3/4
f 2626/3/4 2599/3/4 2627/3/4
f 2620/6/4 2621/6/4 2628/6/4
f 2628/6/4 2621/6/4 2629/6/4
f 2624/6/4 2625/6/4 2630/6/4
f 2630/6/4 2625/6/4 2631/6/4
f 2626/6/4 2627/6/4 2632/6/4
f 2632/6/4 2627/6/4 2633/6/4
f 2632/4/4 2633/4/4 2634/4/4
f 2634/4/4 2633/4/4 2635/4/4
f 2636/4/4 2637/4/4 2640/4/4
f 2640/4/4 2637/4/4 2641/4/4
f 2638/4/4 2639/4/4 2642/4/4
f 2642/4/4 2639/4/4 2643/4/4
f 2642/6/4 2643/6/4 2648/6/4
f 2648/6/4 2643/6/4 2649/6/4
f 2644/5/4 2645/5/4 2650/5/4
f 2650/5/4 2645/5/4 2651/5/4
f 2646/5/4 2647/5/4 2652/5/4
f 2652/5/4 2647/5/4 2653/5/4
f 2654/5/4 2655/5/4 2658/5/4
f 2658/5/4 2655/5/4 2659/5/4
f 2656/5/4 2657/5/4 2660/5/4
f 2660/5/4 2657/5/4 2661/5/4
f 2648/3/4 2649/3/4 2662/3/4
f 2662/3/4 2649/3/4 2663/3/4
f 2662/6/4 2663/6/4 2666/6/4
f 2666/6/4 2663/6/4 2667/6/4
f 2664/4/4 2665/4/4 2668/4/4
f 2668/4/4 2665/4/4 2669/4/4
f 2666/4/4 2667/4/4 2670/4/4
f 2670/4/4 2667/4/4 2671/4/4
f 2672/4/4 2673/4/4 2674/4/4
f 2674/4/4 2673/4/4 2675/4/4
f 2674/6/4 2675/6/4 2680/6/4
f 2680/6/4 2675/6/4 2681/6/4
f 2676/5/4 2677/5/4 2682/5/4
f 2682/5/4 2677/5/4 2683/5/4
f 2678/5/4 2679/5/4 2684/5/4
f 2684/5/4 2679/5/4 2685/5/4
f 2686/5/4 2687/5/4 2690/5/4
f 2690/5/4 2687/5/4 2691/5/4
f 2688/5/4 2689/5/4 2692/5/4
f 2692/5/4 2689/5/4 2693/5/4
f 2680/3/4 2681/3/4 2694/3/4
f 2694/3/4 2681/3/4 2695/3/4
f 2694/6/4 2695/6/4 2696/6/4
f 2696/6/4 2695/6/4 2697/6/4
f 2696/4/4 2697/4/4 2698/4/4
f 2698/4/4 2697/4/4 2699/4/4
f 2700/4/4 2701/4/4 2702/4/4
f 2702/4/4 2701/4/4 2703/4/4
f 2702/6/4 2703/6/4 2708/6/4
f 2708/6/4 2703/6/4 2709/6/4
f 2704/5/4 2705/5/4 2710/5/4
f 2710/5/4 2705/5/4 2711/5/4
f 2706/5/4 2707/5/4 2712/5/4
f 2712/5/4 2707/5/4 2713/5/4
f 2714/5/4 2715/5/4 2718/5/4
f 2718/5/4 2715/5/4 2719/5/4
f 2716/5/4 2717/5/4 2720/5/4
f 2720/5/4 2717/5/4 2721/5/4
f 2708/3/4 2709/3/4 2722/3/4
f 2722/3/4 2709/3/4 2723/3/4
f 2722/6/4 2723/6/4 2724/6/4
f 2724/6/4 2723/6/4 2725/6/4
f 2724/4/4 2725/4/4 2726/4/4
f 2726/4/4 2725/4/4 2727/4/4
f 2728/4/4 2729/4/4 2730/4/4
f 2730/4/4 2729/4/4 2731/4/4
f 2730/6/4 2731/6/4 2732/6/4
f 2732/6/4 2731/6/4 2733/6/4
f 2732/3/4 2733/3/4 2734/3/4
f 2734/3/4 2733/3/4 2735/3/4
f 2734/6/4 2735/6/4 2736/6/4
f 2736/6/4 2735/6/4 2737/6/4
f 2736/4/4 2737/4/4 2738/4/4
f 2738/4/4 2737/4/4 2739/4/4
f 2740/4/4 2741/4/4 2742/4/4
f 2742/4/4 2741/4/4 2743/4/4
f 2742/6/4 2743/6/4 2748/6/4
f 2748/6/4 2743/6/4 2749/6/4
f 2744/5/4 2745/5/4 2750/5/4
f 2750/5/4 2745/5/4 2751/5/4
f 2746/5/4 2747/5/4 2752/5/4
f 2752/5/4 2747/5/4 2753/5/4
f 2754/5/4 2755/5/4 2758/5/4
f 2758/5/4 2755/5/4 2759/5/4
f 2756/5/4 2757/5/4 2760/5/4
f 2760/5/4 2757/5/4 2761/5/4
f 2748/3/4 2749/3/4 2762/3/4
f 2762/3/4 2749/3/4 2763/3/4
f 2762/6/4 2763/6/4 2764/6/4
f 2764/6/4 2763/6/4 2765/6/4
f 2764/4/4 2765/4/4 2766/4/4
f 2766/4/4 2765/4/4 2767/4/4
f 2768/4/4 2769/4/4 2770/4/4
f 2770/4/4 2769/4/4 2771/4/4
f 2770/6/4 2771/6/4 2774/6/4
f 2774/6/4 2771/6/4 2775/6/4
f 2772/5/4 2773/5/4 2776/5/4
f 2776/5/4 2773/5/4 2777/5/4
f 2778/5/4 2779/5/4 2780/5/4
f 2780/5/4 2779/5/4 2781/5/4
f 2774/3/4 2775/3/4 2782/3/4
f 2782/3/4 2775/3/4 2783/3/4
f 2782/6/4 2783/6/4 2784/6/4
f 2784/6/4 2783/6/4 2785/6/4
f 2784/4/4 2785/4/4 2786/4/4
f 2786/4/4 2785/4/4 2787/4/4
f 2788/4/4 2789/4/4 2790/4/4
f 2790/4/4 2789/4/4 2791/4/4
f 2790/6/4 2791/6/4 2792/6/4
f 2792/6/4 2791/6/4 2793/6/4
f 2792/3/4 2793/3/4 2794/3/4
f 2794/3/4 2793/3/4 2795/3/4
f 2794/6/4 2795/6/4 2796/6/4
f 2796/6/4 2795/6/4 2797/6/4
f 2796/4/4 2797/4/4 2798/4/4
f 2798/4/4 2797/4/4 2799/4/4
f 2800/4/4 2801/4/4 2802/4/4
f 2802/4/4 2801/4/4 2803/4/4
f 2802/6/4 2803/6/4 2808/6/4
f 2808/6/4 2803/6/4 2809/6/4
f 2804/5/4 2805/5/4 2810/5/4
f 2810/5/4 2805/5/4 2811/5/4
f 2806/5/4 2807/5/4 2812/5/4
f 2812/5/4 2807/5/4 2813/5/4
f 2814/5/4 2815/5/4 2818/5/4
f 2818/5/4 2815/5/4 2819/5/4
f 2816/5/4 2817/5/4 2820/5/4
f 2820/5/4 2817/5/4 2821/5/4
f 2808/3/4 2809/3/4 2822/3/4
f 2822/3/4 2809/3/4 2823/3/4
f 2822/6/4 2823/6/4 2824/6/4
f 2824/6/4 2823/6/4 2825/6/4
f 2824/4/4 2825/4/4 2826/4/4
f 2826/4/4 2825/4/4 2827/4/4
f 2828/4/4 2829/4/4 2832/4/4
f 2832/4/4 2829/4/4 2833/4/4
f 2832/6/4 2833/6/4 2838/6/4
f 2838/6/4 2833/6/4 2839/6/4
f 2834/5/4 2835/5/4 2840/5/4
f 2840/5/4 2835/5/4 2841/5/4
f 2836/5/4 2837/5/4 2842/5/4
f 2842/5/4 2837/5/4 2843/5/4
f 2830/6/4 2831/6/4 2844/6/4
f 2844/6/4 2831/6/4 2845/6/4
f 2848/5/4 2849/5/4 2852/5/4
f 2852/5/4 2849/5/4 2853/5/4
f 2850/5/4 2851/5/4 2854/5/4
f 2854/5/4 2851/5/4 2855/5/4
f 2838/3/4 2839/3/4 2856/3/4
f 2856/3/4 2839/3/4 2857/3/4
f 2846/6/4 2847/6/4 2858/6/4
f 2858/6/4 2847/6/4 2859/6/4
f 2856/6/4 2857/6/4 2860/6/4
f 2860/6/4 2857/6/4 2861/6/4
f 2860/4/4 2861/4/4 2862/4/4
f 2862/4/4 2861/4/4 2863/4/4
f 2864/4/4 2865/4/4 2868/4/4
f 2868/4/4 2865/4/4 2869/4/4
f 2868/6/4 2869/6/4 2870/6/4
f 2870/6/4 2869/6/4 2871/6/4
f 2866/6/4 2867/6/4 2872/6/4
f 2872/6/4 2867/6/4 2873/6/4
f 2870/3/4 2871/3/4 2876/3/4
f 2876/3/4 2871/3/4 2877/3/4
f 2874/6/4 2875/6/4 2878/6/4
f 2878/6/4 2875/6/4 2879/6/4
f 2876/6/4 2877/6/4 2880/6/4
f 2880/6/4 2877/6/4 2881/6/4
f 2880/4/4 2881/4/4 2882/4/4
f 2882/4/4 2881/4/4 2883/4/4
f 2884/4/4 2885/4/4 2888/4/4
f 2888/4/4 2885/4/4 2889/4/4
f 2888/6/4 2889/6/4 2890/6/4
f 2890/6/4 2889/6/4 2891/6/4
f 2886/6/4 2887/6/4 2892/6/4
f 2892/6/4 2887/6/4 2893/6/4
f 2890/3/4 2891/3/4 2896/3/4
f 2896/3/4 2891/3/4 2897/3/4
f 2894/6/4 2895/6/4 2898/6/4
f 2898/6/4 2895/6/4 2899/6/4
f 2896/6/4 2897/6/4 2900/6/4
f 2900/6/4 2897/6/4 2901/6/4
f 2900/4/4 2901/4/4 2902/4/4
f 2902/4/4 2901/4/4 2903/4/4
f 2904/4/4 2905/4/4 2908/4/4
f 2908/4/4 2905/4/4 2909/4/4
f 2908/6/4 2909/6/4 2910/6/4
f 2906/6/4 2907/6/4 2911/6/4
f 2911/6/4 2907/6/4 2912/6/4
f 2910/6/4 2909/6/4 2915/6/4
f 2913/6/4 2914/6/4 2916/6/4
f 2916/6/4 2914/6/4 2917/6/4
f 2915/6/4 2909/6/4 2918/6/4
f 2918/6/4 2909/6/4 2919/6/4
f 2918/4/4 2919/4/4 2920/4/4
f 2920/4/4 2919/4/4 2921/4/4
f 2922/4/4 2923/4/4 2926/4/4
f 2926/4/4 2923/4/4 2927/4/4
f 2927/4/4 2923/4/4 2928/4/4
f 2928/4/4 2923/4/4 2929/4/4
f 2924/6/4 2925/6/4 2930/6/4
f 2930/6/4 2925/6/4 2931/6/4
f 2928/6/4 2929/6/4 2934/6/4
f 2934/6/4 2929/6/4 2935/6/4
f 2932/6/4 2933/6/4 2936/6/4
f 2936/6/4 2933/6/4 2937/6/4
f 2934/4/4 2935/4/4 2939/4/4
f 2938/4/4 2939/4/4 2940/4/4
f 2939/4/4 2935/4/4 2941/4/4
f 2940/4/4 2939/4/4 2941/4/4
f 2942/4/4 2943/4/4 2946/4/4
f 2946/4/4 2943/4/4 2947/4/4
f 2944/4/4 2945/4/4 2948/4/4
f 2948/4/4 2945/4/4 2949/4/4
f 2947/4/4 2948/4/4 2950/4/4
f 2950/4/4 2948/4/4 2951/4/4
f 2952/4/4 2953/4/4 2954/4/4
f 2954/4/4 2953/4/4 2955/4/4
f 2960/6/5 2957/6/5 2956/6/5
f 2961/6/5 2957/6/5 2960/6/5
f 2962/6/5 2959/6/5 2958/6/5
f 2963/6/5 2959/6/5 2962/6/5
f 2968/6/5 2965/6/5 2964/6/5
f 2969/6/5 2965/6/5 2968/6/5
f 2970/6/5 2967/6/5 2966/6/5
f 2971/6/5 2967/6/5 2970/6/5
f 2976/6/5 2973/6/5 2972/6/5
f 2977/6/5 2973/6/5 2976/6/5
f 2978/6/5 2975/6/5 2974/6/5
f 2979/6/5 2975/6/5 2978/6/5
f 2984/6/5 2981/6/5 2980/6/5
f 2985/6/5 2981/6/5 2984/6/5
f 2986/6/5 2983/6/5 2982/6/5
f 2987/6/5 2983/6/5 2986/6/5
f 2992/6/5 2989/6/5 2988/6/5
f 2993/6/5 2989/6/5 2992/6/5
f 2994/6/5 2991/6/5 2990/6/5
f 2995/6/5 2991/6/5 2994/6/5
f 3000/6/5 2997/6/5 2996/6/5
f 3001/6/5 2997/6/5 3000/6/5
f 3002/6/5 2999/6/5 2998/6/5
f 3003/6/5 2999/6/5 3002/6/5
f 3008/6/5 3005/6/5 3004/6/5
f 3009/6/5 3005/6/5 3008/6/5
f 3010/6/5 3007/6/5 3006/6/5
f 3011/6/5 3007/6/5 3010/6/5
f 3016/6/5 3013/6/5 3012/6/5
f 3017/6/5 3013/6/5 3016/6/5
f 3018/6/5 3015/6/5 3014/6/5
f 3019/6/5 3015/6/5 3018/6/5
f 3024/6/5 3021/6/5 3020/6/5
f 3025/6/5 3021/6/5 3024/6/5
f 3026/6/5 3023/6/5 3022/6/5
f 3027/6/5 3023/6/5 3026/6/5
f 3032/6/5 3029/6/5 3028/6/5
f 3033/6/5 3029/6/5 3032/6/5
f 3034/6/5 3031/6/5 3030/6/5
f 3035/6/5 3031/6/5 3034/6/5
f 3040/6/5 3037/6/5 3036/6/5
f 3041/6/5 3037/6/5 3040/6/5
f 3042/6/5 3039/6/5 3038/6/5
f 3043/6/5 3039/6/5 3042/6/5
f 3048/6/5 3045/6/5 3044/6/5
f 3049/6/5 3045/6/5 3048/6/5
f 3050/6/5 3047/6/5 3046/6/5
f 3051/6/5 3047/6/5 3050/6/5
f 3056/6/5 3053/6/5 3052/6/5
f 3057/6/5 3053/6/5 3056/6/5
f 3058/6/5 3055/6/5 3054/6/5
f 3059/6/5 3055/6/5 3058/6/5
f 3064/6/5 3061/6/5 3060/6/5
f 3065/6/5 3061/6/5 3064/6/5
f 3066/6/5 3063/6/5 3062/6/5
f 3067/6/5 3063/6/5 3066/6/5
f 3072/6/5 3069/6/5 3068/6/5
f 3073/6/5 3069/6/5 3072/6/5
f 3074/6/5 3071/6/5 3070/6/5
f 3075/6/5 3071/6/5 3074/6/5
f 3080/5/5 3077/5/5 3076/5/5
f 3081/5/5 3077/5/5 3080/5/5
f 3082/5/5 3079/5/5 3078/5/5
f 3083/5/5 3079/5/5 3082/5/5
f 3088/5/5 3085/5/5 3084/5/5
f 3089/5/5 3085/5/5 3088/5/5
f 3090/5/5 3087/5/5 3086/5/5
f 3091/5/5 3087/5/5 3090/5/5
f 3096/6/5 3093/6/5 3092/6/5
f 3097/6/5 3093/6/5 3096/6/5
f 3098/6/5 3095/6/5 3094/6/5
f 3099/6/5 3095/6/5 3098/6/5
f 3104/6/5 3101/6/5 3100/6/5
f 3105/6/5 3101/6/5 3104/6/5
f 3106/6/5 3103/6/5 3102/6/5
f 3107/6/5 3103/6/5 3106/6/5
f 3112/5/5 3109/5/5 3108/5/5
f 3113/5/5 3109/5/5 3112/5/5
f 3114/5/5 3111/5/5 3110/5/5
f 3115/5/5 3111/5/5 3114/5/5
f 3120/5/5 3117/5/5 3116/5/5
f 3121/5/5 3117/5/5 3120/5/5
f 3122/5/5 3119/5/5 3118/5/5
f 3123/5/5 3119/5/5 3122/5/5
f 3128/6/5 3125/6/5 3124/6/5
f 3129/6/5 3125/6/5 3128/6/5
f 3130/6/5 3127/6/5 3126/6/5
f 3131/6/5 3127/6/5 3130/6/5
f 3136/5/5 3133/5/5 3132/5/5
f 3137/5/5 3133/5/5 3136/5/5
f 3138/5/5 3135/5/5 3134/5/5
f 3139/5/5 3135/5/5 3138/5/5
f 3144/5/5 3141/5/5 3140/5/5
f 3145/5/5 3141/5/5 3144/5/5
f 3146/5/5 3143/5/5 3142/5/5
f 3147/5/5 3143/5/5 3146/5/5
f 3152/5/5 3149/5/5 3148/5/5
f 3153/5/5 3149/5/5 3152/5/5
f 3154/5/5 3151/5/5 3150/5/5
f 3155/5/5 3151/5/5 3154/5/5
f 3160/5/5 3157/5/5 3156/5/5
f 3161/5/5 3157/5/5 3160/5/5
f 3162/5/5 3159/5/5 3158/5/5
f 3163/5/5 3159/5/5 3162/5/5
f 3168/5/5 3165/5/5 3164/5/5
f 3169/5/5 3165/5/5 3168/5/5
f 3170/5/5 3167/5/5 3166/5/5
f 3171/5/5 3167/5/5 3170/5/5
f 3176/5/5 3173/5/5 3172/5/5
f 3177/5/5 3173/5/5 3176/5/5
f 3178/5/5 3175/5/5 3174/5/5
f 3179/5/5 3175/5/5 3178/5/5
f 3182/4/5 3181/4/5 3180/4/5
f 3184/4/5 3182/4/5 3180/4/5
f 3184/4/5 3183/4/5 3182/4/5
f 3185/4/5 3183/4/5 3184/4/5
f 3186/4/5 3183/4/5 3185/4/5
f 3187/4/5 3183/4/5 3186/4/5
f 3188/4/5 3184/4/5 3180/4/5
f 3189/4/5 3184/4/5 3188/4/5
f 3190/4/5 3183/4/5 3187/4/5
f 3191/4/5 3183/4/5 3190/4/5
f 3194/4/5 3186/4/5 3185/4/5
f 3195/4/5 3186/4/5 3194/4/5
f 3198/5/5 3193/5/5 3192/5/5
f 3199/5/5 3193/5/5 3198/5/5
f 3200/5/5 3197/5/5 3196/5/5
f 3201/5/5 3197/5/5 3200/5/5
f 3208/5/5 3203/5/5 3202/5/5
f 3209/5/5 3203/5/5 3208/5/5
f 3210/4/5 3195/4/5 3194/4/5
f 3211/4/5 3195/4/5 3210/4/5
f 3212/5/5 3205/5/5 3204/5/5
f 3213/5/5 3205/5/5 3212/5/5
f 3214/4/5 3207/4/5 3206/4/5
f 3217/4/5 3207/4/5 3214/4/5
f 3219/4/5 3216/4/5 3215/4/5
f 3220/4/5 3211/4/5 3210/4/5
f 3221/4/5 3211/4/5 3220/4/5
f 3222/4/5 3218/4/5 3217/4/5
f 3222/4/5 3217/4/5 3214/4/5
f 3223/4/5 3221/4/5 3220/4/5
f 3223/4/5 3222/4/5 3221/4/5
f 3223/4/5 3218/4/5 3222/4/5
f 3223/4/5 3220/4/5 3219/4/5
f 3224/4/5 3218/4/5 3223/4/5
f 3225/4/5 3223/4/5 3219/4/5
f 3225/6/5 3224/6/5 3223/6/5
f 3226/6/5 3224/6/5 3225/6/5
f 3227/4/5 3219/4/5 3215/4/5
f 3227/4/5 3225/4/5 3219/4/5
f 3227/4/5 3226/4/5 3225/4/5
f 3228/4/5 3226/4/5 3227/4/5
f 3229/4/5 3226/4/5 3228/4/5
f 3230/4/5 3226/4/5 3229/4/5
f 3231/4/5 3227/4/5 3215/4/5
f 3232/4/5 3227/4/5 3231/4/5
f 3233/4/5 3226/4/5 3230/4/5
f 3234/4/5 3226/4/5 3233/4/5
f 3237/4/5 3229/4/5 3228/4/5
f 3238/4/5 3229/4/5 3237/4/5
f 3241/5/5 3236/5/5 3235/5/5
f 3242/5/5 3236/5/5 3241/5/5
f 3243/5/5 3240/5/5 3239/5/5
f 3244/5/5 3240/5/5 3243/5/5
f 3249/5/5 3246/5/5 3245/5/5
f 3250/5/5 3246/5/5 3249/5/5
f 3251/4/5 3238/4/5 3237/4/5
f 3252/4/5 3238/4/5 3251/4/5
f 3253/5/5 3248/5/5 3247/5/5
f 3254/5/5 3248/5/5 3253/5/5
f 3259/4/5 3256/4/5 3255/4/5
f 3260/4/5 3252/4/5 3251/4/5
f 3261/4/5 3252/4/5 3260/4/5
f 3262/4/5 3258/4/5 3257/4/5
f 3263/4/5 3261/4/5 3260/4/5
f 3263/4/5 3262/4/5 3261/4/5
f 3263/4/5 3259/4/5 3255/4/5
f 3263/4/5 3260/4/5 3259/4/5
f 3264/4/5 3258/4/5 3262/4/5
f 3264/4/5 3262/4/5 3263/4/5
f 3267/4/5 3266/4/5 3265/4/5
f 3268/4/5 3266/4/5 3267/4/5
f 3270/4/5 3269/4/5 3268/4/5
f 3271/4/5 3269/4/5 3270/4/5
f 3276/5/5 3273/5/5 3272/5/5
f 3277/5/5 3273/5/5 3276/5/5
f 3278/5/5 3275/5/5 3274/5/5
f 3279/5/5 3275/5/5 3278/5/5
f 3284/5/5 3281/5/5 3280/5/5
f 3285/5/5 3281/5/5 3284/5/5
f 3286/5/5 3283/5/5 3282/5/5
f 3287/5/5 3283/5/5 3286/5/5
f 3290/4/5 3289/4/5 3288/4/5
f 3291/4/5 3289/4/5 3290/4/5
f 3296/5/5 3293/5/5 3292/5/5
f 3297/5/5 3293/5/5 3296/5/5
f 3298/5/5 3295/5/5 3294/5/5
f 3299/5/5 3295/5/5 3298/5/5
f 3304/5/5 3301/5/5 3300/5/5
f 3305/5/5 3301/5/5 3304/5/5
f 3306/5/5 3303/5/5 3302/5/5
f 3307/5/5 3303/5/5 3306/5/5
f 3311/4/5 3309/4/5 3308/4/5
f 3312/4/5 3309/4/5 3311/4/5
f 3313/4/5 3311/4/5 3310/4/5
f 3314/4/5 3311/4/5 3313/4/5
f 3319/4/5 3316/4/5 3315/4/5
f 3320/4/5 3316/4/5 3319/4/5
f 3321/4/5 3318/4/5 3317/4/5
f 3322/4/5 3318/4/5 3321/4/5
f 3327/5/5 3324/5/5 3323/5/5
f 3328/5/5 3324/5/5 3327/5/5
f 3329/5/5 3326/5/5 3325/5/5
f 3330/5/5 3326/5/5 3329/5/5
f 3335/5/5 3332/5/5 3331/5/5
f 3336/5/5 3332/5/5 3335/5/5
f 3337/5/5 3334/5/5 3333/5/5
f 3338/5/5 3334/5/5 3337/5/5
f 3341/4/5 3340/4/5 3339/4/5
f 3342/4/5 3340/4/5 3341/4/5
f 3347/4/5 3344/4/5 3343/4/5
f 3348/4/5 3344/4/5 3347/4/5
f 3349/4/5 3346/4/5 3345/4/5
f 3350/4/5 3346/4/5 3349/4/5
f 3355/5/5 3352/5/5 3351/5/5
f 3356/5/5 3352/5/5 3355/5/5
f 3357/5/5 3354/5/5 3353/5/5
f 3358/5/5 3354/5/5 3357/5/5
f 3363/5/5 3360/5/5 3359/5/5
f 3364/5/5 3360/5/5 3363/5/5
f 3365/5/5 3362/5/5 3361/5/5
f 3366/5/5 3362/5/5 3365/5/5
f 3371/4/5 3368/4/5 3367/4/5
f 3372/4/5 3368/4/5 3371/4/5
f 3373/4/5 3370/4/5 3369/4/5
f 3374/4/5 3370/4/5 3373/4/5
f 3379/5/5 3376/5/5 3375/5/5
f 3380/5/5 3376/5/5 3379/5/5
f 3381/5/5 3378/5/5 3377/5/5
f 3382/5/5 3378/5/5 3381/5/5
f 3387/5/5 3384/5/5 3383/5/5
f 3388/5/5 3384/5/5 3387/5/5
f 3389/5/5 3386/5/5 3385/5/5
f 3390/5/5 3386/5/5 3389/5/5
f 3395/5/5 3392/5/5 3391/5/5
f 3396/5/5 3392/5/5 3395/5/5
f 3397/5/5 3394/5/5 3393/5/5
f 3398/5/5 3394/5/5 3397/5/5
f 3403/5/5 3400/5/5 3399/5/5
f 3404/5/5 3400/5/5 3403/5/5
f 3405/5/5 3402/5/5 3401/5/5
f 3406/5/5 3402/5/5 3405/5/5
f 3411/5/5 3408/5/5 3407/5/5
f 3412/5/5 3408/5/5 3411/5/5
f 3413/5/5 3410/5/5 3409/5/5
f 3414/5/5 3410/5/5 3413/5/5
f 3419/5/5 3416/5/5 3415/5/5
f 3420/5/5 3416/5/5 3419/5/5
f 3421/5/5 3418/5/5 3417/5/5
f 3422/5/5 3418/5/5 3421/5/5
f 3427/4/5 3424/4/5 3423/4/5
f 3428/4/5 3424/4/5 3427/4/5
f 3435/4/5 3426/4/5 3425/4/5
f 3436/4/5 3426/4/5 3435/4/5
f 3437/6/5 3429/6/5 3428/6/5
f 3438/6/5 3429/6/5 3437/6/5
f 3439/6/5 3431/6/5 3430/6/5
f 3440/6/5 3431/6/5 3439/6/5
f 3441/6/5 3433/6/5 3432/6/5
f 3442/6/5 3433/6/5 3441/6/5
f 3443/6/5 3435/6/5 3434/6/5
f 3444/6/5 3435/6/5 3443/6/5
f 3454/6/5 3446/6/5 3445/6/5
f 3455/6/5 3446/6/5 3454/6/5
f 3456/6/5 3448/6/5 3447/6/5
f 3457/6/5 3448/6/5 3456/6/5
f 3458/6/5 3450/6/5 3449/6/5
f 3459/6/5 3450/6/5 3458/6/5
f 3460/6/5 3452/6/5 3451/6/5
f 3461/6/5 3452/6/5 3460/6/5
f 3462/4/5 3454/4/5 3453/4/5
f 3463/4/5 3454/4/5 3462/4/5
f 3468/4/5 3465/4/5 3464/4/5
f 3469/4/5 3465/4/5 3468/4/5
f 3476/4/5 3467/4/5 3466/4/5
f 3477/4/5 3467/4/5 3476/4/5
f 3478/6/5 3470/6/5 3469/6/5
f 3479/6/5 3470/6/5 3478/6/5
f 3480/6/5 3472/6/5 3471/6/5
f 3481/6/5 3472/6/5 3480/6/5
f 3482/6/5 3474/6/5 3473/6/5
f 3483/6/5 3474/6/5 3482/6/5
f 3484/6/5 3476/6/5 3475/6/5
f 3485/6/5 3476/6/5 3484/6/5
f 3495/6/5 3487/6/5 3486/6/5
f 3496/6/5 3487/6/5 3495/6/5
f 3497/6/5 3489/6/5 3488/6/5
f 3498/6/5 3489/6/5 3497/6/5
f 3499/6/5 3491/6/5 3490/6/5
f 3500/6/5 3491/6/5 3499/6/5
f 3501/6/5 3493/6/5 3492/6/5
f 3502/6/5 3493/6/5 3501/6/5
f 3504/4/5 3495/4/5 3494/4/5
f 3505/4/5 3495/4/5 3504/4/5
f 3506/4/5 3503/4/5 3502/4/5
f 3507/4/5 3503/4/5 3506/4/5
f 3516/6/5 3509/6/5 3508/6/5
f 3517/6/5 3509/6/5 3516/6/5
f 3518/6/5 3511/6/5 3510/6/5
f 3519/6/5 3511/6/5 3518/6/5
f 3520/6/5 3513/6/5 3512/6/5
f 3521/6/5 3513/6/5 3520/6/5
f 3522/6/5 3515/6/5 3514/6/5
f 3523/6/5 3515/6/5 3522/6/5
f 3533/6/5 3525/6/5 3524/6/5
f 3534/6/5 3525/6/5 3533/6/5
f 3535/6/5 3527/6/5 3526/6/5
f 3536/6/5 3527/6/5 3535/6/5
f 3537/6/5 3529/6/5 3528/6/5
f 3538/6/5 3529/6/5 3537/6/5
f 3539/6/5 3531/6/5 3530/6/5
f 3540/6/5 3531/6/5 3539/6/5
f 3541/4/5 3533/4/5 3532/4/5
f 3542/4/5 3533/4/5 3541/4/5
f 3551/6/5 3544/6/5 3543/6/5
f 3552/6/5 3544/6/5 3551/6/5
f 3553/6/5 3546/6/5 3545/6/5
f 3554/6/5 3546/6/5 3553/6/5
f 3555/6/5 3548/6/5 3547/6/5
f 3556/6/5 3548/6/5 3555/6/5
f 3557/6/5 3550/6/5 3549/6/5
f 3558/6/5 3550/6/5 3557/6/5
f 3568/6/5 3560/6/5 3559/6/5
f 3569/6/5 3560/6/5 3568/6/5
f 3570/6/5 3562/6/5 3561/6/5
f 3571/6/5 3562/6/5 3570/6/5
f 3572/6/5 3564/6/5 3563/6/5
f 3573/6/5 3564/6/5 3572/6/5
f 3574/6/5 3566/6/5 3565/6/5
f 3575/6/5 3566/6/5 3574/6/5
f 3577/4/5 3568/4/5 3567/4/5
f 3578/4/5 3568/4/5 3577/4/5
f 3579/4/5 3576/4/5 3575/4/5
f 3580/4/5 3576/4/5 3579/4/5
f 3585/4/5 3582/4/5 3581/4/5
f 3586/4/5 3582/4/5 3585/4/5
f 3587/4/5 3584/4/5 3583/4/5
f 3588/4/5 3584/4/5 3587/4/5
f 3597/6/5 3590/6/5 3589/6/5
f 3598/6/5 3592/6/5 3591/6/5
f 3599/6/5 3594/6/5 3593/6/5
f 3600/6/5 3596/6/5 3595/6/5
f 3601/6/5 3597/6/5 3589/6/5
f 3601/6/5 3598/6/5 3597/6/5
f 3602/6/5 3592/6/5 3598/6/5
f 3602/6/5 3598/6/5 3601/6/5
f 3603/6/5 3599/6/5 3593/6/5
f 3603/6/5 3600/6/5 3599/6/5
f 3604/6/5 3596/6/5 3600/6/5
f 3604/6/5 3600/6/5 3603/6/5
f 3605/6/5 3601/6/5 3589/6/5
f 3606/6/5 3592/6/5 3602/6/5
f 3607/6/5 3603/6/5 3593/6/5
f 3608/6/5 3596/6/5 3604/6/5
f 3609/6/5 3605/6/5 3589/6/5
f 3609/6/5 3606/6/5 3605/6/5
f 3610/6/5 3592/6/5 3606/6/5
f 3610/6/5 3606/6/5 3609/6/5
f 3611/6/5 3608/6/5 3607/6/5
f 3611/6/5 3607/6/5 3593/6/5
f 3612/6/5 3596/6/5 3608/6/5
f 3612/6/5 3608/6/5 3611/6/5
f 3613/6/5 3609/6/5 3589/6/5
f 3614/6/5 3609/6/5 3613/6/5
f 3615/6/5 3592/6/5 3610/6/5
f 3616/6/5 3592/6/5 3615/6/5
f 3617/6/5 3611/6/5 3593/6/5
f 3618/6/5 3611/6/5 3617/6/5
f 3619/6/5 3596/6/5 3612/6/5
f 3620/6/5 3596/6/5 3619/6/5
f 3625/4/5 3622/4/5 3621/4/5
f 3626/4/5 3622/4/5 3625/4/5
f 3627/4/5 3624/4/5 3623/4/5
f 3628/4/5 3624/4/5 3627/4/5
f 3637/6/5 3630/6/5 3629/6/5
f 3638/6/5 3632/6/5 3631/6/5
f 3639/6/5 3634/6/5 3633/6/5
f 3640/6/5 3636/6/5 3635/6/5
f 3641/6/5 3637/6/5 3629/6/5
f 3641/6/5 3638/6/5 3637/6/5
f 3642/6/5 3632/6/5 3638/6/5
f 3642/6/5 3638/6/5 3641/6/5
f 3643/6/5 3639/6/5 3633/6/5
f 3643/6/5 3640/6/5 3639/6/5
f 3644/6/5 3636/6/5 3640/6/5
f 3644/6/5 3640/6/5 3643/6/5
f 3645/6/5 3641/6/5 3629/6/5
f 3646/6/5 3632/6/5 3642/6/5
f 3647/6/5 3643/6/5 3633/6/5
f 3648/6/5 3636/6/5 3644/6/5
f 3649/6/5 3645/6/5 3629/6/5
f 3649/6/5 3646/6/5 3645/6/5
f 3650/6/5 3632/6/5 3646/6/5
f 3650/6/5 3646/6/5 3649/6/5
f 3651/6/5 3648/6/5 3647/6/5
f 3651/6/5 3647/6/5 3633/6/5
f 3652/6/5 3636/6/5 3648/6/5
f 3652/6/5 3648/6/5 3651/6/5
f 3653/6/5 3649/6/5 3629/6/5
f 3654/6/5 3649/6/5 3653/6/5
f 3655/6/5 3632/6/5 3650/6/5
f 3656/6/5 3632/6/5 3655/6/5
f 3657/6/5 3651/6/5 3633/6/5
f 3658/6/5 3651/6/5 3657/6/5
f 3659/6/5 3636/6/5 3652/6/5
f 3660/6/5 3636/6/5 3659/6/5
f 3665/4/5 3662/4/5 3661/4/5
f 3666/4/5 3662/4/5 3665/4/5
f 3667/4/5 3664/4/5 3663/4/5
f 3668/4/5 3664/4/5 3667/4/5
f 3673/4/5 3670/4/5 3669/4/5
f 3674/4/5 3670/4/5 3673/4/5
f 3675/4/5 3672/4/5 3671/4/5
f 3676/4/5 3672/4/5 3675/4/5
f 3681/4/5 3678/4/5 3677/4/5
f 3682/4/5 3678/4/5 3681/4/5
f 3683/4/5 3680/4/5 3679/4/5
f 3684/4/5 3680/4/5 3683/4/5
f 3689/4/5 3686/4/5 3685/4/5
f 3690/4/5 3686/4/5 3689/4/5
f 3691/4/5 3688/4/5 3687/4/5
f 3692/4/5 3688/4/5 3691/4/5
f 3697/4/5 3694/4/5 3693/4/5
f 3698/4/5 3694/4/5 3697/4/5
f 3699/4/5 3696/4/5 3695/4/5
f 3700/4/5 3696/4/5 3699/4/5
f 3705/4/5 3702/4/5 3701/4/5
f 3706/4/5 3702/4/5 3705/4/5
f 3707/4/5 3704/4/5 3703/4/5
f 3708/4/5 3704/4/5 3707/4/5
f 3709/6/6 3710/6/6 3717/6/6
f 3711/6/6 3712/6/6 3718/6/6
f 3713/6/6 3714/6/6 3719/6/6
f 3715/6/6 3716/6/6 3720/6/6
f 3709/6/6 3717/6/6 3721/6/6
f 3717/6/6 3718/6/6 3721/6/6
f 3718/6/6 3712/6/6 3722/6/6
f 3721/6/6 3718/6/6 3722/6/6
f 3713/6/6 3719/6/6 3723/6/6
f 3719/6/6 3720/6/6 3723/6/6
f 3720/6/6 3716/6/6 3724/6/6
f 3723/6/6 3720/6/6 3724/6/6
f 3709/6/6 3721/6/6 3725/6/6
f 3722/6/6 3712/6/6 3726/6/6
f 3713/6/6 3723/6/6 3727/6/6
f 3724/6/6 3716/6/6 3728/6/6
f 3709/6/6 3725/6/6 3729/6/6
f 3725/6/6 3726/6/6 3729/6/6
f 3726/6/6 3712/6/6 3730/6/6
f 3729/6/6 3726/6/6 3730/6/6
f 3727/6/6 3728/6/6 3731/6/6
f 3713/6/6 3727/6/6 3731/6/6
f 3728/6/6 3716/6/6 3732/6/6
f 3731/6/6 3728/6/6 3732/6/6
f 3709/6/6 3729/6/6 3733/6/6
f 3733/6/6 3729/6/6 3734/6/6
f 3730/6/6 3712/6/6 3735/6/6
f 3735/6/6 3712/6/6 3736/6/6
f 3713/6/6 3731/6/6 3737/6/6
f 3737/6/6 3731/6/6 3738/6/6
f 3732/6/6 3716/6/6 3739/6/6
f 3739/6/6 3716/6/6 3740/6/6
f 3741/6/6 3742/6/6 3749/6/6
f 3743/6/6 3744/6/6 3750/6/6
f 3745/6/6 3746/6/6 3751/6/6
f 3747/6/6 3748/6/6 3752/6/6
f 3741/6/6 3749/6/6 3753/6/6
f 3749/6/6 3750/6/6 3753/6/6
f 3750/6/6 3744/6/6 3754/6/6
f 3753/6/6 3750/6/6 3754/6/6
f 3745/6/6 3751/6/6 3755/6/6
f 3751/6/6 3752/6/6 3755/6/6
f 3752/6/6 3748/6/6 3756/6/6
f 3755/6/6 3752/6/6 3756/6/6
f 3741/6/6 3753/6/6 3757/6/6
f 3754/6/6 3744/6/6 3758/6/6
f 3745/6/6 3755/6/6 3759/6/6
f 3756/6/6 3748/6/6 3760/6/6
f 3741/6/6 3757/6/6 3761/6/6
f 3757/6/6 3758/6/6 3761/6/6
f 3758/6/6 3744/6/6 3762/6/6
f 3761/6/6 3758/6/6 3762/6/6
f 3759/6/6 3760/6/6 3763/6/6
f 3745/6/6 3759/6/6 3763/6/6
f 3760/6/6 3748/6/6 3764/6/6
f 3763/6/6 3760/6/6 3764/6/6
f 3741/6/6 3761/6/6 3765/6/6
f 3765/6/6 3761/6/6 3766/6/6
f 3762/6/6 3744/6/6 3767/6/6
f 3767/6/6 3744/6/6 3768/6/6
f 3745/6/6 3763/6/6 3769/6/6
f 3769/6/6 3763/6/6 3770/6/6
f 3764/6/6 3748/6/6 3771/6/6
f 3771/6/6 3748/6/6 3772/6/6
f 3773/6/6 3774/6/6 3781/6/6
f 3781/6/6 3774/6/6 3782/6/6
f 3775/6/6 3776/6/6 3783/6/6
f 3783/6/6 3776/6/6 3784/6/6
f 3777/6/6 3778/6/6 3785/6/6
f 3785/6/6 3778/6/6 3786/6/6
f 3779/6/6 3780/6/6 3787/6/6
f 3787/6/6 3780/6/6 3788/6/6
f 3789/6/6 3790/6/6 3797/6/6
f 3797/6/6 3790/6/6 3798/6/6
f 3791/6/6 3792/6/6 3799/6/6
f 3799/6/6 3792/6/6 3800/6/6
f 3793/6/6 3794/6/6 3801/6/6
f 3801/6/6 3794/6/6 3802/6/6
f 3795/6/6 3796/6/6 3803/6/6
f 3803/6/6 3796/6/6 3804/6/6
f 3805/6/6 3806/6/6 3813/6/6
f 3813/6/6 3806/6/6 3814/6/6
f 3807/6/6 3808/6/6 3815/6/6
f 3815/6/6 3808/6/6 3816/6/6
f 3809/6/6 3810/6/6 3817/6/6
f 3817/6/6 3810/6/6 3818/6/6
f 3811/6/6 3812/6/6 3819/6/6
f 3819/6/6 3812/6/6 3820/6/6
f 3821/6/6 3822/6/6 3829/6/6
f 3829/6/6 3822/6/6 3830/6/6
f 3823/6/6 3824/6/6 3831/6/6
f 3831/6/6 3824/6/6 3832/6/6
f 3825/6/6 3826/6/6 3833/6/6
f 3833/6/6 3826/6/6 3834/6/6
f 3827/6/6 3828/6/6 3835/6/6
f 3835/6/6 3828/6/6 3836/6/6
f 3837/6/6 3838/6/6 3845/6/6
f 3845/6/6 3838/6/6 3846/6/6
f 3839/6/6 3840/6/6 3847/6/6
f 3847/6/6 3840/6/6 3848/6/6
f 3841/6/6 3842/6/6 3849/6/6
f 3849/6/6 3842/6/6 3850/6/6
f 3843/6/6 3844/6/6 3851/6/6
f 3851/6/6 3844/6/6 3852/6/6
f 3853/6/6 3854/6/6 3861/6/6
f 3861/6/6 3854/6/6 3862/6/6
f 3855/6/6 3856/6/6 3863/6/6
f 3863/6/6 3856/6/6 3864/6/6
f 3857/6/6 3858/6/6 3865/6/6
f 3865/6/6 3858/6/6 3866/6/6
f 3859/6/6 3860/6/6 3867/6/6
f 3867/6/6 3860/6/6 3868/6/6
f 3869/6/6 3870/6/6 3877/6/6
f 3877/6/6 3870/6/6 3878/6/6
f 3871/6/6 3872/6/6 3879/6/6
f 3879/6/6 3872/6/6 3880/6/6
f 3873/6/6 3874/6/6 3881/6/6
f 3881/6/6 3874/6/6 3882/6/6
f 3875/6/6 3876/6/6 3883/6/6
f 3883/6/6 3876/6/6 3884/6/6
f 3885/6/6 3886/6/6 3893/6/6
f 3893/6/6 3886/6/6 3894/6/6
f 3887/6/6 3888/6/6 3895/6/6
f 3895/6/6 3888/6/6 3896/6/6
f 3889/6/6 3890/6/6 3897/6/6
f 3897/6/6 3890/6/6 3898/6/6
f 3891/6/6 3892/6/6 3899/6/6
f 3899/6/6 3892/6/6 3900/6/6
f 3901/5/6 3902/5/6 3905/5/6
f 3905/5/6 3902/5/6 3906/5/6
f 3903/5/6 3904/5/6 3907/5/6
f 3907/5/6 3904/5/6 3908/5/6
f 3909/5/6 3910/5/6 3913/5/6
f 3913/5/6 3910/5/6 3914/5/6
f 3911/5/6 3912/5/6 3915/5/6
f 3915/5/6 3912/5/6 3916/5/6
f 3917/5/6 3918/5/6 3921/5/6
f 3921/5/6 3918/5/6 3922/5/6
f 3919/5/6 3920/5/6 3923/5/6
f 3923/5/6 3920/5/6 3924/5/6
f 3925/5/6 3926/5/6 3929/5/6
f 3929/5/6 3926/5/6 3930/5/6
f 3927/5/6 3928/5/6 3931/5/6
f 3931/5/6 3928/5/6 3932/5/6
f 3933/5/6 3934/5/6 3937/5/6
f 3937/5/6 3934/5/6 3938/5/6
f 3935/5/6 3936/5/6 3939/5/6
f 3939/5/6 3936/5/6 3940/5/6
f 3941/5/6 3942/5/6 3945/5/6
f 3945/5/6 3942/5/6 3946/5/6
f 3943/5/6 3944/5/6 3947/5/6
f 3947/5/6 3944/5/6 3948/5/6
f 3949/5/6 3950/5/6 3953/5/6
f 3953/5/6 3950/5/6 3954/5/6
f 3951/5/6 3952/5/6 3955/5/6
f 3955/5/6 3952/5/6 3956/5/6
f 3957/5/6 3958/5/6 3961/5/6
f 3961/5/6 3958/5/6 3962/5/6
f 3959/5/6 3960/5/6 3963/5/6
f 3963/5/6 3960/5/6 3964/5/6
f 3965/5/6 3966/5/6 3969/5/6
f 3969/5/6 3966/5/6 3970/5/6
f 3967/5/6 3968/5/6 3971/5/6
f 3971/5/6 3968/5/6 3972/5/6
f 3973/5/6 3974/5/6 3977/5/6
f 3977/5/6 3974/5/6 3978/5/6
f 3975/5/6 3976/5/6 3979/5/6
f 3979/5/6 3976/5/6 3980/5/6
f 3981/5/6 3982/5/6 3985/5/6
f 3985/5/6 3982/5/6 3986/5/6
f 3983/5/6 3984/5/6 3987/5/6
f 3987/5/6 3984/5/6 3988/5/6
f 3989/5/6 3990/5/6 3993/5/6
f 3993/5/6 3990/5/6 3994/5/6
f 3991/5/6 3992/5/6 3995/5/6
f 3995/5/6 3992/5/6 3996/5/6
f 3997/5/6 3998/5/6 4001/5/6
f 4001/5/6 3998/5/6 4002/5/6
f 3999/5/6 4000/5/6 4003/5/6
f 4003/5/6 4000/5/6 4004/5/6
f 4005/5/6 4006/5/6 4009/5/6
f 4009/5/6 4006/5/6 4010/5/6
f 4007/5/6 4008/5/6 4011/5/6
f 4011/5/6 4008/5/6 4012/5/6
f 4013/5/6 4014/5/6 4017/5/6
f 4017/5/6 4014/5/6 4018/5/6
f 4015/5/6 4016/5/6 4019/5/6
f 4019/5/6 4016/5/6 4020/5/6
f 4021/5/6 4022/5/6 4025/5/6
f 4025/5/6 4022/5/6 4026/5/6
f 4023/5/6 4024/5/6 4027/5/6
f 4027/5/6 4024/5/6 4028/5/6
f 4029/5/6 4030/5/6 4033/5/6
f 4033/5/6 4030/5/6 4034/5/6
f 4031/5/6 4032/5/6 4035/5/6
f 4035/5/6 4032/5/6 4036/5/6
f 4037/5/6 4038/5/6 4041/5/6
f 4041/5/6 4038/5/6 4042/5/6
f 4039/5/6 4040/5/6 4043/5/6
f 4043/5/6 4040/5/6 4044/5/6
f 4045/5/6 4046/5/6 4049/5/6
f 4049/5/6 4046/5/6 4050/5/6
f 4047/5/6 4048/5/6 4051/5/6
f 4051/5/6 4048/5/6 4052/5/6
f 4053/5/6 4054/5/6 4057/5/6
f 4057/5/6 4054/5/6 4058/5/6
f 4055/5/6 4056/5/6 4059/5/6
f 4059/5/6 4056/5/6 4060/5/6
f 4061/5/6 4062/5/6 4065/5/6
f 4065/5/6 4062/5/6 4066/5/6
f 4063/5/6 4064/5/6 4067/5/6
f 4067/5/6 4064/5/6 4068/5/6
f 4069/5/6 4070/5/6 4073/5/6
f 4073/5/6 4070/5/6 4074/5/6
f 4071/5/6 4072/5/6 4075/5/6
f 4075/5/6 4072/5/6 4076/5/6
f 4077/5/6 4078/5/6 4081/5/6
f 4081/5/6 4078/5/6 4082/5/6
f 4079/5/6 4080/5/6 4083/5/6
f 4083/5/6 4080/5/6 4084/5/6
f 4085/5/6 4086/5/6 4089/5/6
f 4089/5/6 4086/5/6 4090/5/6
f 4087/5/6 4088/5/6 4091/5/6
f 4091/5/6 4088/5/6 4092/5/6
f 4093/5/6 4094/5/6 4097/5/6
f 4097/5/6 4094/5/6 4098/5/6
f 4095/5/6 4096/5/6 4099/5/6
f 4099/5/6 4096/5/6 4100/5/6
f 4101/5/6 4102/5/6 4105/5/6
f 4105/5/6 4102/5/6 4106/5/6
f 4103/5/6 4104/5/6 4107/5/6
f 4107/5/6 4104/5/6 4108/5/6
f 4109/5/6 4110/5/6 4113/5/6
f 4113/5/6 4110/5/6 4114/5/6
f 4111/5/6 4112/5/6 4115/5/6
f 4115/5/6 4112/5/6 4116/5/6
f 4117/5/6 4118/5/6 4121/5/6
f 4121/5/6 4118/5/6 4122/5/6
f 4119/5/6 4120/5/6 4123/5/6
f 4123/5/6 4120/5/6 4124/5/6
f 4125/4/6 4126/4/6 4129/4/6
f 4127/4/6 4128/4/6 4130/4/6
f 4130/4/6 4128/4/6 4131/4/6
f 4125/4/6 4129/4/6 4132/4/6
f 4129/4/6 4130/4/6 4132/4/6
f 4132/4/6 4130/4/6 4133/4/6
f 4134/4/6 4135/4/6 4138/4/6
f 4136/4/6 4137/4/6 4138/4/6
f 4135/4/6 4136/4/6 4138/4/6
f 4138/4/6 4137/4/6 4139/4/6
f 4140/4/6 4141/4/6 4146/4/6
f 4141/4/6 4142/4/6 4146/4/6
f 4142/6/6 4143/6/6 4147/6/6
f 4146/4/6 4142/4/6 4147/4/6
f 4144/4/6 4145/4/6 4148/4/6
f 4147/6/6 4143/6/6 4148/6/6
f 4143/4/6 4144/4/6 4148/4/6
f 4148/4/6 4145/4/6 4149/4/6
f 4150/4/6 4151/4/6 4156/4/6
f 4151/6/6 4152/6/6 4157/6/6
f 4156/4/6 4151/4/6 4157/4/6
f 4152/6/6 4153/6/6 4157/6/6
f 4153/6/6 4154/6/6 4157/6/6
f 4154/4/6 4155/4/6 4158/4/6
f 4157/6/6 4154/6/6 4158/6/6
f 4158/4/6 4155/4/6 4159/4/6
f 4160/4/6 4161/4/6 4170/4/6
f 4161/6/6 4162/6/6 4171/6/6
f 4170/4/6 4161/4/6 4171/4/6
f 4162/1/6 4163/1/6 4172/1/6
f 4171/6/6 4162/6/6 4172/6/6
f 4163/6/6 4164/6/6 4173/6/6
f 4172/1/6 4163/1/6 4173/1/6
f 4164/4/6 4165/4/6 4174/4/6
f 4173/6/6 4164/6/6 4174/6/6
f 4165/6/6 4166/6/6 4175/6/6
f 4174/4/6 4165/4/6 4175/4/6
f 4166/1/6 4167/1/6 4176/1/6
f 4175/6/6 4166/6/6 4176/6/6
f 4167/6/6 4168/6/6 4177/6/6
f 4176/1/6 4167/1/6 4177/1/6
f 4168/4/6 4169/4/6 4178/4/6
f 4177/6/6 4168/6/6 4178/6/6
f 4178/4/6 4169/4/6 4179/4/6
f 4179/4/6 4180/4/6 4181/4/6
f 4181/4/6 4180/4/6 4182/4/6
f 4183/4/6 4184/4/6 4189/4/6
f 4184/6/6 4185/6/6 4190/6/6
f 4189/4/6 4184/4/6 4190/4/6
f 4185/3/6 4186/3/6 4191/3/6
f 4190/6/6 4185/6/6 4191/6/6
f 4186/6/6 4187/6/6 4192/6/6
f 4191/3/6 4186/3/6 4192/3/6
f 4187/4/6 4188/4/6 4193/4/6
f 4192/6/6 4187/6/6 4193/6/6
f 4193/4/6 4188/4/6 4194/4/6
f 4196/6/6 4197/6/6 4205/6/6
f 4197/1/6 4198/1/6 4205/1/6
f 4198/6/6 4199/6/6 4206/6/6
f 4205/1/6 4198/1/6 4206/1/6
f 4200/6/6 4201/6/6 4207/6/6
f 4201/1/6 4202/1/6 4207/1/6
f 4202/6/6 4203/6/6 4208/6/6
f 4207/1/6 4202/1/6 4208/1/6
f 4195/4/6 4196/4/6 4209/4/6
f 4196/6/6 4205/6/6 4209/6/6
f 4205/2/6 4206/2/6 4210/2/6
f 4209/6/6 4205/6/6 4210/6/6
f 4206/6/6 4199/6/6 4211/6/6
f 4210/2/6 4206/2/6 4211/2/6
f 4199/4/6 4200/4/6 4212/4/6
f 4211/6/6 4199/6/6 4212/6/6
f 4200/6/6 4207/6/6 4213/6/6
f 4212/4/6 4200/4/6 4213/4/6
f 4207/2/6 4208/2/6 4214/2/6
f 4213/6/6 4207/6/6 4214/6/6
f 4208/6/6 4203/6/6 4215/6/6
f 4214/2/6 4208/2/6 4215/2/6
f 4203/4/6 4204/4/6 4216/4/6
f 4215/6/6 4203/6/6 4216/6/6
f 4210/6/6 4211/6/6 4217/6/6
f 4209/4/6 4210/4/6 4217/4/6
f 4213/4/6 4214/4/6 4218/4/6
f 4217/6/6 4211/6/6 4218/6/6
f 4211/4/6 4212/4/6 4218/4/6
f 4212/4/6 4213/4/6 4218/4/6
f 4214/6/6 4215/6/6 4219/6/6
f 4218/4/6 4214/4/6 4219/4/6
f 4215/4/6 4216/4/6 4220/4/6
f 4219/6/6 4215/6/6 4220/6/6
f 4217/4/6 4218/4/6 4221/4/6
f 4220/4/6 4216/4/6 4221/4/6
f 4219/4/6 4220/4/6 4221/4/6
f 4216/4/6 4204/4/6 4221/4/6
f 4218/4/6 4219/4/6 4221/4/6
f 4209/4/6 4217/4/6 4223/4/6
f 4221/4/6 4222/4/6 4223/4/6
f 4217/4/6 4221/4/6 4223/4/6
f 4223/4/6 4222/4/6 4224/4/6
f 4195/4/6 4209/4/6 4225/4/6
f 4209/4/6 4223/4/6 4225/4/6
f 4225/4/6 4223/4/6 4226/4/6
f 4223/6/6 4224/6/6 4227/6/6
f 4226/4/6 4223/4/6 4227/4/6
f 4224/4/6 4222/4/6 4228/4/6
f 4227/6/6 4224/6/6 4228/6/6
f 4228/4/6 4222/4/6 4229/4/6
f 4229/4/6 4222/4/6 4230/4/6
f 4231/4/6 4232/4/6 4237/4/6
f 4232/6/6 4233/6/6 4238/6/6
f 4237/4/6 4232/4/6 4238/4/6
f 4233/3/6 4234/3/6 4239/3/6
f 4238/6/6 4233/6/6 4239/6/6
f 4234/6/6 4235/6/6 4240/6/6
f 4239/3/6 4234/3/6 4240/3/6
f 4235/4/6 4236/4/6 4241/4/6
f 4240/6/6 4235/6/6 4241/6/6
f 4241/4/6 4236/4/6 4242/4/6
f 4243/4/6 4244/4/6 4247/4/6
f 4244/6/6 4245/6/6 4248/6/6
f 4247/4/6 4244/4/6 4248/4/6
f 4248/6/6 4245/6/6 4249/6/6
f 4249/6/6 4245/6/6 4250/6/6
f 4245/4/6 4246/4/6 4251/4/6
f 4250/6/6 4245/6/6 4251/6/6
f 4251/4/6 4246/4/6 4252/4/6
f 4253/4/6 4254/4/6 4259/4/6
f 4254/6/6 4255/6/6 4260/6/6
f 4259/4/6 4254/4/6 4260/4/6
f 4255/3/6 4256/3/6 4261/3/6
f 4260/6/6 4255/6/6 4261/6/6
f 4256/6/6 4257/6/6 4262/6/6
f 4261/3/6 4256/3/6 4262/3/6
f 4257/4/6 4258/4/6 4263/4/6
f 4262/6/6 4257/6/6 4263/6/6
f 4263/4/6 4258/4/6 4264/4/6
f 4265/4/6 4266/4/6 4271/4/6
f 4266/6/6 4267/6/6 4272/6/6
f 4271/4/6 4266/4/6 4272/4/6
f 4267/3/6 4268/3/6 4273/3/6
f 4272/6/6 4267/6/6 4273/6/6
f 4268/6/6 4269/6/6 4274/6/6
f 4273/3/6 4268/3/6 4274/3/6
f 4269/4/6 4270/4/6 4275/4/6
f 4274/6/6 4269/6/6 4275/6/6
f 4275/4/6 4270/4/6 4276/4/6
f 4277/4/6 4278/4/6 4283/4/6
f 4278/6/6 4279/6/6 4284/6/6
f 4283/4/6 4278/4/6 4284/4/6
f 4279/3/6 4280/3/6 4285/3/6
f 4284/6/6 4279/6/6 4285/6/6
f 4280/6/6 4281/6/6 4286/6/6
f 4285/3/6 4280/3/6 4286/3/6
f 4281/4/6 4282/4/6 4287/4/6
f 4286/6/6 4281/6/6 4287/6/6
f 4287/4/6 4282/4/6 4288/4/6
f 4289/4/6 4290/4/6 4295/4/6
f 4290/6/6 4291/6/6 4296/6/6
f 4295/4/6 4290/4/6 4296/4/6
f 4291/3/6 4292/3/6 4297/3/6
f 4296/6/6 4291/6/6 4297/6/6
f 4292/6/6 4293/6/6 4298/6/6
f 4297/3/6 4292/3/6 4298/3/6
f 4293/4/6 4294/4/6 4299/4/6
f 4298/6/6 4293/6/6 4299/6/6
f 4299/4/6 4294/4/6 4300/4/6
f 4301/4/6 4302/4/6 4307/4/6
f 4302/6/6 4303/6/6 4308/6/6
f 4307/4/6 4302/4/6 4308/4/6
f 4303/3/6 4304/3/6 4309/3/6
f 4308/6/6 4303/6/6 4309/6/6
f 4304/6/6 4305/6/6 4310/6/6
f 4309/3/6 4304/3/6 4310/3/6
f 4305/4/6 4306/4/6 4311/4/6
f 4310/6/6 4305/6/6 4311/6/6
f 4311/4/6 4306/4/6 4312/4/6
f 4313/4/6 4314/4/6 4319/4/6
f 4314/6/6 4315/6/6 4320/6/6
f 4319/4/6 4314/4/6 4320/4/6
f 4315/3/6 4316/3/6 4321/3/6
f 4320/6/6 4315/6/6 4321/6/6
f 4316/6/6 4317/6/6 4322/6/6
f 4321/3/6 4316/3/6 4322/3/6
f 4317/4/6 4318/4/6 4323/4/6
f 4322/6/6 4317/6/6 4323/6/6
f 4323/4/6 4318/4/6 4324/4/6
f 4325/4/6 4326/4/6 4331/4/6
f 4326/6/6 4327/6/6 4332/6/6
f 4331/4/6 4326/4/6 4332/4/6
f 4327/3/6 4328/3/6 4333/3/6
f 4332/6/6 4327/6/6 4333/6/6
f 4328/6/6 4329/6/6 4334/6/6
f 4333/3/6 4328/3/6 4334/3/6
f 4329/4/6 4330/4/6 4335/4/6
f 4334/6/6 4329/6/6 4335/6/6
f 4335/4/6 4330/4/6 4336/4/6
f 4337/4/6 4338/4/6 4343/4/6
f 4338/6/6 4339/6/6 4344/6/6
f 4343/4/6 4338/4/6 4344/4/6
f 4339/3/6 4340/3/6 4345/3/6
f 4344/6/6 4339/6/6 4345/6/6
f 4340/6/6 4341/6/6 4346/6/6
f 4345/3/6 4340/3/6 4346/3/6
f 4341/4/6 4342/4/6 4347/4/6
f 4346/6/6 4341/6/6 4347/6/6
f 4347/4/6 4342/4/6 4348/4/6
f 4349/4/6 4350/4/6 4355/4/6
f 4350/6/6 4351/6/6 4356/6/6
f 4355/4/6 4350/4/6 4356/4/6
f 4351/3/6 4352/3/6 4357/3/6
f 4356/6/6 4351/6/6 4357/6/6
f 4352/6/6 4353/6/6 4358/6/6
f 4357/3/6 4352/3/6 4358/3/6
f 4353/4/6 4354/4/6 4359/4/6
f 4358/6/6 4353/6/6 4359/6/6
f 4359/4/6 4354/4/6 4360/4/6
f 4361/4/6 4362/4/6 4367/4/6
f 4362/6/6 4363/6/6 4368/6/6
f 4367/4/6 4362/4/6 4368/4/6
f 4363/3/6 4364/3/6 4369/3/6
f 4368/6/6 4363/6/6 4369/6/6
f 4364/6/6 4365/6/6 4370/6/6
f 4369/3/6 4364/3/6 4370/3/6
f 4365/4/6 4366/4/6 4371/4/6
f 4370/6/6 4365/6/6 4371/6/6
f 4371/4/6 4366/4/6 4372/4/6
f 4373/4/6 4374/4/6 4379/4/6
f 4374/6/6 4375/6/6 4380/6/6
f 4379/4/6 4374/4/6 4380/4/6
f 4375/3/6 4376/3/6 4381/3/6
f 4380/6/6 4375/6/6 4381/6/6
f 4376/6/6 4377/6/6 4382/6/6
f 4381/3/6 4376/3/6 4382/3/6
f 4377/4/6 4378/4/6 4383/4/6
f 4382/6/6 4377/6/6 4383/6/6
f 4383/4/6 4378/4/6 4384/4/6
f 4385/4/6 4386/4/6 4391/4/6
f 4386/6/6 4387/6/6 4392/6/6
f 4391/4/6 4386/4/6 4392/4/6
f 4387/3/6 4388/3/6 4393/3/6
f 4392/6/6 4387/6/6 4393/6/6
f 4388/6/6 4389/6/6 4394/6/6
f 4393/3/6 4388/3/6 4394/3/6
f 4389/4/6 4390/4/6 4395/4/6
f 4394/6/6 4389/6/6 4395/6/6
f 4395/4/6 4390/4/6 4396/4/6
f 4397/4/6 4398/4/6 4403/4/6
f 4398/6/6 4399/6/6 4404/6/6
f 4403/4/6 4398/4/6 4404/4/6
f 4399/3/6 4400/3/6 4405/3/6
f 4404/6/6 4399/6/6 4405/6/6
f 4400/6/6 4401/6/6 4406/6/6
f 4405/3/6 4400/3/6 4406/3/6
f 4401/4/6 4402/4/6 4407/4/6
f 4406/6/6 4401/6/6 4407/6/6
f 4407/4/6 4402/4/6 4408/4/6
f 4409/4/6 4410/4/6 4415/4/6
f 4410/6/6 4411/6/6 4416/6/6
f 4415/4/6 4410/4/6 4416/4/6
f 4411/3/6 4412/3/6 4417/3/6
f 4416/6/6 4411/6/6 4417/6/6
f 4412/6/6 4413/6/6 4418/6/6
f 4417/3/6 4412/3/6 4418/3/6
f 4413/4/6 4414/4/6 4419/4/6
f 4418/6/6 4413/6/6 4419/6/6
f 4419/4/6 4414/4/6 4420/4/6
f 4421/4/6 4422/4/6 4427/4/6
f 4422/6/6 4423/6/6 4428/6/6
f 4427/4/6 4422/4/6 4428/4/6
f 4423/3/6 4424/3/6 4429/3/6
f 4428/6/6 4423/6/6 4429/6/6
f 4424/6/6 4425/6/6 4430/6/6
f 4429/3/6 4424/3/6 4430/3/6
f 4425/4/6 4426/4/6 4431/4/6
f 4430/6/6 4425/6/6 4431/6/6
f 4431/4/6 4426/4/6 4432/4/6
f 4433/4/6 4434/4/6 4439/4/6
f 4434/6/6 4435/6/6 4440/6/6
f 4439/4/6 4434/4/6 4440/4/6
f 4435/3/6 4436/3/6 4441/3/6
f 4440/6/6 4435/6/6 4441/6/6
f 4436/6/6 4437/6/6 4442/6/6
f 4441/3/6 4436/3/6 4442/3/6
f 4437/4/6 4438/4/6 4443/4/6
f 4442/6/6 4437/6/6 4443/6/6
f 4443/4/6 4438/4/6 4444/4/6
f 4445/4/6 4446/4/6 4451/4/6
f 4446/6/6 4447/6/6 4452/6/6
f 4451/4/6 4446/4/6 4452/4/6
f 4447/3/6 4448/3/6 4453/3/6
f 4452/6/6 4447/6/6 4453/6/6
f 4448/6/6 4449/6/6 4454/6/6
f 4453/3/6 4448/3/6 4454/3/6
f 4449/4/6 4450/4/6 4455/4/6
f 4454/6/6 4449/6/6 4455/6/6
f 4455/4/6 4450/4/6 4456/4/6
f 4457/4/6 4458/4/6 4463/4/6
f 4458/6/6 4459/6/6 4464/6/6
f 4463/4/6 4458/4/6 4464/4/6
f 4459/3/6 4460/3/6 4465/3/6
f 4464/6/6 4459/6/6 4465/6/6
f 4460/6/6 4461/6/6 4466/6/6
f 4465/3/6 4460/3/6 4466/3/6
f 4461/4/6 4462/4/6 4467/4/6
f 4466/6/6 4461/6/6 4467/6/6
f 4467/4/6 4462/4/6 4468/4/6
f 4469/4/6 4470/4/6 4475/4/6
f 4470/6/6 4471/6/6 4476/6/6
f 4475/4/6 4470/4/6 4476/4/6
f 4471/3/6 4472/3/6 4477/3/6
f 4476/6/6 4471/6/6 4477/6/6
f 4472/6/6 4473/6/6 4478/6/6
f 4477/3/6 4472/3/6 4478/3/6
f 4473/4/6 4474/4/6 4479/4/6
f 4478/6/6 4473/6/6 4479/6/6
f 4479/4/6 4474/4/6 4480/4/6
f 4481/4/6 4482/4/6 4487/4/6
f 4482/6/6 4483/6/6 4488/6/6
f 4487/4/6 4482/4/6 4488/4/6
f 4483/3/6 4484/3/6 4489/3/6
f 4488/6/6 4483/6/6 4489/6/6
f 4484/6/6 4485/6/6 4490/6/6
f 4489/3/6 4484/3/6 4490/3/6
f 4485/4/6 4486/4/6 4491/4/6
f 4490/6/6 4485/6/6 4491/6/6
f 4491/4/6 4486/4/6 4492/4/6
f 4493/4/6 4494/4/6 4499/4/6
f 4494/6/6 4495/6/6 4500/6/6
f 4499/4/6 4494/4/6 4500/4/6
f 4495/3/6 4496/3/6 4501/3/6
f 4500/6/6 4495/6/6 4501/6/6
f 4496/6/6 4497/6/6 4502/6/6
f 4501/3/6 4496/3/6 4502/3/6
f 4497/4/6 4498/4/6 4503/4/6
f 4502/6/6 4497/6/6 4503/6/6
f 4503/4/6 4498/4/6 4504/4/6
f 4505/4/6 4506/4/6 4511/4/6
f 4506/6/6 4507/6/6 4512/6/6
f 4511/4/6 4506/4/6 4512/4/6
f 4507/3/6 4508/3/6 4513/3/6
f 4512/6/6 4507/6/6 4513/6/6
f 4508/6/6 4509/6/6 4514/6/6
f 4513/3/6 4508/3/6 4514/3/6
f 4509/4/6 4510/4/6 4515/4/6
f 4514/6/6 4509/6/6 4515/6/6
f 4515/4/6 4510/4/6 4516/4/6
f 4517/4/6 4518/4/6 4523/4/6
f 4518/6/6 4519/6/6 4524/6/6
f 4523/4/6 4518/4/6 4524/4/6
f 4519/6/6 4520/6/6 4524/6/6
f 4520/6/6 4521/6/6 4524/6/6
f 4521/4/6 4522/4/6 4525/4/6
f 4524/6/6 4521/6/6 4525/6/6
f 4525/4/6 4522/4/6 4526/4/6
f 4527/4/6 4528/4/6 4531/4/6
f 4528/6/6 4529/6/6 4531/6/6
f 4531/6/6 4529/6/6 4532/6/6
f 4532/6/6 4529/6/6 4533/6/6
f 4529/4/6 4530/4/6 4534/4/6
f 4533/6/6 4529/6/6 4534/6/6
f 4532/6/6 4533/6/6 4535/6/6
f 4531/4/6 4532/4/6 4535/4/6
f 4533/4/6 4534/4/6 4536/4/6
f 4535/6/6 4533/6/6 4536/6/6
f 4535/4/6 4536/4/6 4537/4/6
f 4537/4/6 4536/4/6 4538/4/6
f 4527/4/6 4531/4/6 4539/4/6
f 4531/4/6 4535/4/6 4539/4/6
f 4535/4/6 4537/4/6 4539/4/6
f 4537/6/6 4538/6/6 4540/6/6
f 4539/4/6 4537/4/6 4540/4/6
f 4538/4/6 4536/4/6 4541/4/6
f 4540/6/6 4538/6/6 4541/6/6
f 4534/4/6 4530/4/6 4542/4/6
f 4541/4/6 4536/4/6 4542/4/6
f 4536/4/6 4534/4/6 4542/4/6
